Date,Time,Hour,Day,Day_Number,Month,Month_Number,Latitude,Longitude,Area,Crime_Type,Crime_Count,Weather,Population_Density
2026-10-09,16:35,16,Friday,5,October,10,12.985072,77.644531,Indiranagar,Burglary,5,Sunny,High
2025-07-15,17:28,17,Tuesday,2,July,7,12.975043,77.647521,Indiranagar,Robbery,3,Rainy,Medium
2025-01-27,20:02,20,Monday,1,January,1,12.913793,77.607608,BTM Layout,Robbery,8,Partly Cloudy,High
2025-12-26,07:06,7,Friday,5,December,12,12.920761,77.544992,Banashankari,Assault,6,Sunny,Very High
2026-08-17,16:57,16,Monday,1,August,8,12.90821,77.483972,Kengeri,Cyber Crime,1,Partly Cloudy,Low
2026-03-27,10:42,10,Friday,5,March,3,12.969176,77.748288,Whitefield,Vandalism,2,Rainy,Medium
2026-08-06,18:46,18,Thursday,4,August,8,12.947773,77.576669,Basavanagudi,Fraud,6,Partly Cloudy,Low
2025-08-21,04:36,4,Thursday,4,August,8,12.837569,77.667275,Electronic City,Burglary,6,Rainy,Medium
2026-02-14,18:30,18,Saturday,6,February,2,12.958237,77.692292,Marathahalli,Assault,4,Cloudy,Low
2026-01-15,09:25,9,Thursday,4,January,1,12.918757,77.603927,BTM Layout,Fraud,2,Partly Cloudy,Medium
2025-09-24,16:31,16,Wednesday,3,September,9,12.93172,77.591533,Jayanagar,Missing Person,5,Cloudy,High
2025-08-11,16:43,16,Monday,1,August,8,12.851426,77.662282,Electronic City,Assault,4,Sunny,Medium
2025-11-07,08:33,8,Friday,5,November,11,12.984819,77.636882,Indiranagar,Robbery,5,Sunny,Medium
2026-11-06,13:31,13,Friday,5,November,11,13.005546,77.564055,Malleshwaram,Robbery,3,Sunny,High
2026-06-18,12:00,12,Thursday,4,June,6,12.906533,77.634761,HSR Layout,Cyber Crime,1,Cloudy,Medium
2026-08-24,23:59,23,Monday,1,August,8,12.962461,77.698661,Marathahalli,Theft,8,Rainy,Medium
2025-05-30,14:15,14,Friday,5,May,5,12.936662,77.570709,Basavanagudi,Burglary,4,Rainy,Low
2026-06-19,19:51,19,Friday,5,June,6,12.939647,77.627971,Koramangala,Accident,4,Partly Cloudy,Medium
2025-04-07,04:00,4,Monday,1,April,4,12.943593,77.573598,Basavanagudi,Accident,3,Sunny,Low
2025-04-28,21:26,21,Monday,1,April,4,12.906185,77.634607,HSR Layout,Theft,10,Partly Cloudy,Low
2026-06-04,13:51,13,Thursday,4,June,6,12.930695,77.628172,Koramangala,Theft,4,Partly Cloudy,Medium
2026-04-17,06:40,6,Friday,5,April,4,12.936055,77.572907,Basavanagudi,Accident,3,Cloudy,Medium
2025-11-14,06:30,6,Friday,5,November,11,12.925734,77.552985,Banashankari,Robbery,2,Partly Cloudy,Low
2026-02-22,11:41,11,Sunday,7,February,2,13.02336,77.538247,Yeshwanthpur,Accident,10,Sunny,Very High
2025-03-28,03:14,3,Friday,5,March,3,12.988224,77.549064,Rajajinagar,Vandalism,4,Sunny,High
2025-12-14,17:26,17,Sunday,7,December,12,12.841173,77.661711,Electronic City,Assault,3,Cloudy,High
2025-11-20,22:26,22,Thursday,4,November,11,12.956594,77.69554,Marathahalli,Robbery,6,Partly Cloudy,Medium
2026-05-10,23:42,23,Sunday,7,May,5,12.999909,77.57212,Malleshwaram,Assault,7,Rainy,Medium
2026-02-27,07:13,7,Friday,5,February,2,12.928983,77.624257,Koramangala,Robbery,6,Partly Cloudy,High
2026-11-19,13:01,13,Thursday,4,November,11,12.93616,77.625776,Koramangala,Burglary,3,Partly Cloudy,High
2025-07-09,09:01,9,Wednesday,3,July,7,12.953898,77.697707,Marathahalli,Accident,1,Sunny,Medium
2026-09-10,06:07,6,Thursday,4,September,9,12.97096,77.635854,Indiranagar,Missing Person,4,Rainy,Medium
2026-03-25,19:35,19,Wednesday,3,March,3,12.920431,77.546158,Banashankari,Burglary,4,Rainy,High
2025-03-29,08:59,8,Saturday,6,March,3,12.913272,77.609782,BTM Layout,Burglary,2,Partly Cloudy,Medium
2026-01-08,03:01,3,Thursday,4,January,1,12.998231,77.571132,Malleshwaram,Vehicle Theft,9,Partly Cloudy,High
2025-06-07,14:57,14,Saturday,6,June,6,12.915517,77.489919,Kengeri,Vandalism,6,Sunny,High
2026-06-19,18:41,18,Friday,5,June,6,12.928053,77.554372,Banashankari,Burglary,3,Sunny,Low
2025-12-21,13:02,13,Sunday,7,December,12,12.930834,77.594165,Jayanagar,Fraud,5,Cloudy,Low
2026-06-10,15:54,15,Wednesday,3,June,6,12.977566,77.754527,Whitefield,Robbery,9,Cloudy,Very High
2025-01-30,04:07,4,Thursday,4,January,1,12.917021,77.478796,Kengeri,Robbery,5,Sunny,Low
2025-03-11,20:40,20,Tuesday,2,March,3,12.935985,77.577844,Basavanagudi,Accident,5,Sunny,Medium
2025-11-19,14:19,14,Wednesday,3,November,11,12.9132,77.640989,HSR Layout,Cyber Crime,2,Partly Cloudy,Low
2025-08-06,07:58,7,Wednesday,3,August,8,13.007224,77.571663,Malleshwaram,Missing Person,6,Partly Cloudy,Very High
2026-02-27,09:28,9,Friday,5,February,2,13.006461,77.573349,Malleshwaram,Missing Person,3,Cloudy,Medium
2026-12-26,02:40,2,Saturday,6,December,12,12.983404,77.64098,Indiranagar,Cyber Crime,6,Rainy,Medium
2026-06-25,23:53,23,Thursday,4,June,6,12.919178,77.550557,Banashankari,Accident,7,Sunny,Medium
2025-03-15,06:54,6,Saturday,6,March,3,12.9349,77.617253,Koramangala,Assault,7,Rainy,Low
2026-06-28,20:52,20,Sunday,7,June,6,12.919494,77.612068,BTM Layout,Vehicle Theft,12,Cloudy,Very High
2025-11-25,13:33,13,Tuesday,2,November,11,12.906569,77.6314,HSR Layout,Fraud,4,Partly Cloudy,Low
2026-12-28,22:04,22,Monday,1,December,12,12.966017,77.689962,Marathahalli,Vehicle Theft,7,Partly Cloudy,Very High
2025-07-02,08:06,8,Wednesday,3,July,7,12.962578,77.699162,Marathahalli,Vandalism,2,Partly Cloudy,High
2026-05-05,11:10,11,Tuesday,2,May,5,12.917693,77.635117,HSR Layout,Cyber Crime,3,Partly Cloudy,Medium
2025-12-04,00:49,0,Thursday,4,December,12,12.923794,77.60221,BTM Layout,Cyber Crime,4,Rainy,Low
2025-07-10,21:17,21,Thursday,4,July,7,12.943086,77.619277,Koramangala,Cyber Crime,6,Partly Cloudy,Very High
2026-02-16,19:25,19,Monday,1,February,2,12.917953,77.608382,BTM Layout,Fraud,8,Cloudy,Very High
2025-07-09,00:13,0,Wednesday,3,July,7,12.932737,77.629127,Koramangala,Fraud,7,Rainy,Low
2025-07-21,21:28,21,Monday,1,July,7,12.942121,77.569818,Basavanagudi,Vandalism,6,Partly Cloudy,Low
2026-05-17,19:04,19,Sunday,7,May,5,13.005585,77.563304,Malleshwaram,Robbery,6,Sunny,Medium
2025-08-15,15:11,15,Friday,5,August,8,12.921313,77.485516,Kengeri,Fraud,5,Sunny,Medium
2026-12-12,00:56,0,Saturday,6,December,12,12.976092,77.745559,Whitefield,Robbery,5,Cloudy,Low
2025-07-05,02:23,2,Saturday,6,July,7,12.930306,77.62848,Koramangala,Assault,8,Partly Cloudy,High
2025-10-24,23:56,23,Friday,5,October,10,12.978193,77.64332,Indiranagar,Vehicle Theft,12,Partly Cloudy,Very High
2025-08-10,15:12,15,Sunday,7,August,8,12.92571,77.552884,Banashankari,Cyber Crime,3,Sunny,Medium
2025-02-28,09:41,9,Friday,5,February,2,13.034725,77.596804,Hebbal,Cyber Crime,6,Rainy,Very High
2025-06-06,07:11,7,Friday,5,June,6,12.952682,77.701293,Marathahalli,Burglary,7,Rainy,High
2026-06-30,04:11,4,Tuesday,2,June,6,12.83816,77.655481,Electronic City,Vehicle Theft,7,Partly Cloudy,High
2026-11-30,02:28,2,Monday,1,November,11,13.034166,77.598863,Hebbal,Burglary,9,Rainy,Medium
2025-08-18,07:33,7,Monday,1,August,8,12.934597,77.630831,Koramangala,Assault,4,Cloudy,High
2025-01-01,23:25,23,Wednesday,3,January,1,12.966605,77.743018,Whitefield,Robbery,2,Sunny,Low
2025-02-18,06:58,6,Tuesday,2,February,2,13.025496,77.532883,Yeshwanthpur,Cyber Crime,2,Cloudy,Medium
2025-02-10,04:46,4,Monday,1,February,2,13.027867,77.59832,Hebbal,Theft,12,Rainy,High
2026-09-26,17:36,17,Saturday,6,September,9,12.98089,77.648195,Indiranagar,Accident,3,Partly Cloudy,Low
2025-04-30,17:48,17,Wednesday,3,April,4,13.028441,77.603633,Hebbal,Theft,9,Partly Cloudy,High
2026-12-09,01:34,1,Wednesday,3,December,12,12.971631,77.756273,Whitefield,Robbery,11,Rainy,Very High
2025-07-10,02:50,2,Thursday,4,July,7,12.917989,77.643652,HSR Layout,Theft,9,Cloudy,High
2025-06-07,17:50,17,Saturday,6,June,6,13.040926,77.589041,Hebbal,Assault,1,Sunny,Low
2026-11-30,07:12,7,Monday,1,November,11,12.978145,77.644951,Indiranagar,Robbery,1,Partly Cloudy,Low
2026-03-15,21:54,21,Sunday,7,March,3,12.908843,77.607294,BTM Layout,Burglary,9,Partly Cloudy,High
2025-05-18,23:26,23,Sunday,7,May,5,13.022654,77.532732,Yeshwanthpur,Vandalism,6,Rainy,Medium
2026-10-21,11:40,11,Wednesday,3,October,10,12.918308,77.551402,Banashankari,Missing Person,1,Partly Cloudy,Low
2026-10-25,00:22,0,Sunday,7,October,10,12.906341,77.635548,HSR Layout,Accident,8,Rainy,High
2025-10-28,22:31,22,Tuesday,2,October,10,12.996387,77.576937,Malleshwaram,Cyber Crime,2,Cloudy,Medium
2025-12-24,05:06,5,Wednesday,3,December,12,12.916218,77.640995,HSR Layout,Robbery,3,Sunny,High
2025-10-30,10:09,10,Thursday,4,October,10,12.914101,77.478374,Kengeri,Cyber Crime,3,Partly Cloudy,Low
2025-06-10,04:48,4,Tuesday,2,June,6,13.04342,77.602546,Hebbal,Assault,7,Cloudy,Very High
2025-03-12,19:50,19,Wednesday,3,March,3,12.939784,77.571729,Basavanagudi,Vandalism,6,Sunny,Very High
2025-02-12,11:55,11,Wednesday,3,February,2,12.971766,77.745301,Whitefield,Cyber Crime,8,Rainy,Very High
2025-05-10,23:35,23,Saturday,6,May,5,12.921982,77.611063,BTM Layout,Cyber Crime,5,Partly Cloudy,Low
2025-02-05,21:20,21,Wednesday,3,February,2,12.910284,77.481133,Kengeri,Vandalism,4,Cloudy,Medium
2026-06-04,01:56,1,Thursday,4,June,6,12.918114,77.48303,Kengeri,Vehicle Theft,6,Cloudy,Low
2026-04-30,10:44,10,Thursday,4,April,4,13.033915,77.591894,Hebbal,Vehicle Theft,2,Rainy,Low
2025-02-11,17:07,17,Tuesday,2,February,2,13.023046,77.535625,Yeshwanthpur,Theft,2,Partly Cloudy,High
2026-05-06,00:07,0,Wednesday,3,May,5,12.972632,77.647157,Indiranagar,Fraud,9,Partly Cloudy,High
2026-06-28,06:12,6,Sunday,7,June,6,12.920929,77.590645,Jayanagar,Missing Person,6,Sunny,Low
2026-06-15,11:28,11,Monday,1,June,6,12.995524,77.576003,Malleshwaram,Theft,6,Partly Cloudy,Very High
2026-04-22,12:25,12,Wednesday,3,April,4,12.911991,77.646494,HSR Layout,Theft,4,Sunny,Very High
2026-04-16,05:12,5,Thursday,4,April,4,12.998311,77.556071,Rajajinagar,Burglary,4,Partly Cloudy,High
2026-04-11,10:24,10,Saturday,6,April,4,12.940752,77.5827,Basavanagudi,Burglary,5,Rainy,Very High
2026-09-25,02:04,2,Friday,5,September,9,12.932785,77.624414,Koramangala,Missing Person,10,Cloudy,Very High
2026-01-05,15:36,15,Monday,1,January,1,13.004825,77.573627,Malleshwaram,Theft,6,Partly Cloudy,Low
2026-12-26,03:26,3,Saturday,6,December,12,12.914287,77.640266,HSR Layout,Fraud,6,Partly Cloudy,Medium
2026-08-19,10:17,10,Wednesday,3,August,8,12.977432,77.633111,Indiranagar,Burglary,3,Sunny,Low
2026-11-27,03:16,3,Friday,5,November,11,12.912983,77.638715,HSR Layout,Vandalism,10,Cloudy,Very High
2026-07-01,02:46,2,Wednesday,3,July,7,13.004535,77.573457,Malleshwaram,Burglary,3,Rainy,Low
2025-01-01,21:07,21,Wednesday,3,January,1,12.955909,77.703568,Marathahalli,Burglary,11,Partly Cloudy,Very High
2026-12-08,21:37,21,Tuesday,2,December,12,12.928248,77.622107,Koramangala,Missing Person,7,Partly Cloudy,High
2025-07-08,17:48,17,Tuesday,2,July,7,12.913158,77.602975,BTM Layout,Vandalism,5,Sunny,High
2025-07-04,23:53,23,Friday,5,July,7,12.989394,77.557132,Rajajinagar,Vehicle Theft,11,Partly Cloudy,Very High
2025-07-09,01:59,1,Wednesday,3,July,7,13.03734,77.597088,Hebbal,Missing Person,4,Cloudy,Medium
2025-08-29,09:12,9,Friday,5,August,8,12.920368,77.586182,Jayanagar,Cyber Crime,5,Sunny,Very High
2026-11-23,15:41,15,Monday,1,November,11,12.921164,77.474645,Kengeri,Missing Person,1,Sunny,Medium
2025-02-08,23:35,23,Saturday,6,February,2,13.033254,77.592839,Hebbal,Vehicle Theft,11,Partly Cloudy,High
2025-08-17,15:36,15,Sunday,7,August,8,12.988818,77.548397,Rajajinagar,Burglary,5,Cloudy,Low
2025-07-29,08:11,8,Tuesday,2,July,7,12.921198,77.549789,Banashankari,Robbery,4,Cloudy,Low
2026-11-16,09:41,9,Monday,1,November,11,12.998451,77.558439,Rajajinagar,Assault,3,Rainy,High
2026-07-27,16:20,16,Monday,1,July,7,13.042594,77.592021,Hebbal,Vehicle Theft,5,Rainy,Low
2026-08-12,12:41,12,Wednesday,3,August,8,12.911478,77.640726,HSR Layout,Fraud,3,Cloudy,Low
2026-05-17,01:13,1,Sunday,7,May,5,12.909301,77.631899,HSR Layout,Assault,8,Cloudy,Medium
2026-12-23,01:05,1,Wednesday,3,December,12,12.96063,77.693675,Marathahalli,Vandalism,5,Sunny,Low
2026-09-22,08:33,8,Tuesday,2,September,9,13.031845,77.589867,Hebbal,Theft,4,Rainy,Low
2025-07-08,01:09,1,Tuesday,2,July,7,12.937874,77.568507,Basavanagudi,Vandalism,3,Partly Cloudy,Low
2026-09-30,15:54,15,Wednesday,3,September,9,12.94955,77.580658,Basavanagudi,Vehicle Theft,7,Cloudy,High
2026-04-01,13:33,13,Wednesday,3,April,4,12.979358,77.644578,Indiranagar,Accident,8,Rainy,Very High
2025-06-20,02:28,2,Friday,5,June,6,12.9825,77.64104,Indiranagar,Missing Person,9,Rainy,Medium
2026-03-17,00:11,0,Tuesday,2,March,3,12.932218,77.550661,Banashankari,Vehicle Theft,7,Cloudy,Low
2026-03-02,23:44,23,Monday,1,March,3,12.924568,77.592484,Jayanagar,Accident,9,Partly Cloudy,High
2025-09-10,15:19,15,Wednesday,3,September,9,12.94057,77.631911,Koramangala,Theft,4,Partly Cloudy,High
2025-12-21,01:45,1,Sunday,7,December,12,12.974238,77.645943,Indiranagar,Missing Person,10,Partly Cloudy,Very High
2025-09-11,01:31,1,Thursday,4,September,9,12.965468,77.70151,Marathahalli,Burglary,9,Rainy,High
2025-11-08,18:09,18,Saturday,6,November,11,12.909391,77.639555,HSR Layout,Cyber Crime,7,Rainy,Very High
2026-07-18,03:25,3,Saturday,6,July,7,12.918632,77.545759,Banashankari,Fraud,9,Cloudy,Low
2026-06-27,18:18,18,Saturday,6,June,6,12.931279,77.597374,Jayanagar,Robbery,5,Cloudy,Medium
2025-11-22,12:02,12,Saturday,6,November,11,12.934334,77.571619,Basavanagudi,Assault,5,Cloudy,High
2026-09-05,05:04,5,Saturday,6,September,9,12.964905,77.750631,Whitefield,Accident,9,Rainy,Very High
2025-02-03,16:27,16,Monday,1,February,2,12.924494,77.601496,Jayanagar,Theft,4,Partly Cloudy,Medium
2026-11-05,16:40,16,Thursday,4,November,11,13.023226,77.540585,Yeshwanthpur,Burglary,4,Sunny,Medium
2026-07-26,03:34,3,Sunday,7,July,7,12.94182,77.62293,Koramangala,Fraud,12,Partly Cloudy,High
2026-03-14,01:19,1,Saturday,6,March,3,12.926657,77.542136,Banashankari,Cyber Crime,8,Rainy,Medium
2026-02-17,22:44,22,Tuesday,2,February,2,12.906416,77.478439,Kengeri,Assault,2,Partly Cloudy,Low
2026-08-04,15:40,15,Tuesday,2,August,8,12.982696,77.645222,Indiranagar,Cyber Crime,4,Partly Cloudy,Low
2025-09-27,10:42,10,Saturday,6,September,9,13.022888,77.539264,Yeshwanthpur,Robbery,3,Sunny,High
2025-10-09,21:32,21,Thursday,4,October,10,12.927305,77.590891,Jayanagar,Missing Person,3,Partly Cloudy,Low
2026-08-22,16:34,16,Saturday,6,August,8,12.921744,77.552638,Banashankari,Fraud,6,Rainy,Low
2025-02-18,01:27,1,Tuesday,2,February,2,12.937795,77.630453,Koramangala,Vandalism,9,Cloudy,Medium
2025-05-13,09:28,9,Tuesday,2,May,5,13.002994,77.57272,Malleshwaram,Fraud,4,Rainy,Low
2026-04-13,21:27,21,Monday,1,April,4,12.965688,77.746408,Whitefield,Vandalism,8,Cloudy,High
2025-06-21,14:53,14,Saturday,6,June,6,12.930814,77.546608,Banashankari,Assault,8,Cloudy,Very High
2025-06-25,14:48,14,Wednesday,3,June,6,13.041692,77.603073,Hebbal,Vandalism,7,Cloudy,High
2026-11-07,09:44,9,Saturday,6,November,11,13.035475,77.601996,Hebbal,Vandalism,5,Partly Cloudy,High
2026-03-02,18:57,18,Monday,1,March,3,13.036288,77.604889,Hebbal,Missing Person,4,Cloudy,Low
2025-11-20,15:49,15,Thursday,4,November,11,12.839442,77.661657,Electronic City,Vandalism,6,Cloudy,High
2026-06-03,09:57,9,Wednesday,3,June,6,12.966008,77.742348,Whitefield,Missing Person,5,Partly Cloudy,Medium
2025-12-07,10:20,10,Sunday,7,December,12,12.964164,77.700975,Marathahalli,Vehicle Theft,8,Sunny,High
2025-12-19,13:39,13,Friday,5,December,12,12.923906,77.552043,Banashankari,Vehicle Theft,4,Rainy,High
2026-08-28,16:24,16,Friday,5,August,8,13.010872,77.572933,Malleshwaram,Vehicle Theft,3,Rainy,Medium
2026-12-05,09:46,9,Saturday,6,December,12,12.850311,77.668005,Electronic City,Fraud,5,Rainy,High
2025-10-24,19:31,19,Friday,5,October,10,13.036959,77.600492,Hebbal,Cyber Crime,5,Sunny,High
2026-05-12,13:25,13,Tuesday,2,May,5,12.940338,77.621463,Koramangala,Vandalism,4,Sunny,Low
2025-04-09,14:35,14,Wednesday,3,April,4,12.922767,77.590139,Jayanagar,Robbery,7,Cloudy,Very High
2025-10-14,11:56,11,Tuesday,2,October,10,12.928778,77.623552,Koramangala,Cyber Crime,2,Rainy,Low
2025-10-06,22:09,22,Monday,1,October,10,12.979562,77.641776,Indiranagar,Robbery,5,Cloudy,Medium
2025-10-22,00:34,0,Wednesday,3,October,10,12.921959,77.602869,BTM Layout,Assault,10,Rainy,High
2026-09-20,09:50,9,Sunday,7,September,9,12.975314,77.643215,Indiranagar,Fraud,6,Cloudy,Medium
2026-12-01,17:10,17,Tuesday,2,December,12,13.035889,77.545625,Yeshwanthpur,Vehicle Theft,10,Rainy,Very High
2026-11-07,22:57,22,Saturday,6,November,11,12.978163,77.642915,Indiranagar,Theft,9,Sunny,Medium
2026-04-23,21:30,21,Thursday,4,April,4,12.919976,77.483144,Kengeri,Assault,8,Partly Cloudy,Medium
2026-01-11,07:52,7,Sunday,7,January,1,12.917754,77.598967,Jayanagar,Accident,6,Sunny,Very High
2025-06-13,01:27,1,Friday,5,June,6,12.931051,77.599324,Jayanagar,Vehicle Theft,10,Sunny,Very High
2025-09-26,20:05,20,Friday,5,September,9,12.992539,77.561175,Rajajinagar,Robbery,11,Cloudy,Very High
2026-03-15,17:48,17,Sunday,7,March,3,13.033632,77.533945,Yeshwanthpur,Burglary,4,Rainy,Low
2026-01-15,03:52,3,Thursday,4,January,1,12.989981,77.559686,Rajajinagar,Missing Person,8,Cloudy,Very High
2025-07-12,05:58,5,Saturday,6,July,7,12.956509,77.696622,Marathahalli,Fraud,4,Cloudy,Medium
2026-05-17,07:08,7,Sunday,7,May,5,12.97418,77.644648,Indiranagar,Theft,5,Sunny,High
2025-05-28,10:45,10,Wednesday,3,May,5,12.931146,77.589505,Jayanagar,Vehicle Theft,5,Rainy,High
2026-07-24,11:00,11,Friday,5,July,7,12.966794,77.694472,Marathahalli,Vehicle Theft,7,Rainy,High
2026-06-18,23:20,23,Thursday,4,June,6,12.915362,77.631297,HSR Layout,Accident,8,Rainy,Low
2026-01-19,18:55,18,Monday,1,January,1,12.978674,77.637678,Indiranagar,Vehicle Theft,7,Partly Cloudy,High
2026-10-07,11:24,11,Wednesday,3,October,10,13.001731,77.572526,Malleshwaram,Vandalism,5,Cloudy,Low
2025-11-22,12:07,12,Saturday,6,November,11,12.850598,77.662571,Electronic City,Accident,5,Partly Cloudy,Medium
2025-08-27,08:54,8,Wednesday,3,August,8,12.848342,77.653546,Electronic City,Assault,1,Sunny,Medium
2025-05-08,21:36,21,Thursday,4,May,5,12.934756,77.581541,Basavanagudi,Cyber Crime,3,Partly Cloudy,Medium
2025-11-14,14:40,14,Friday,5,November,11,12.963964,77.696246,Marathahalli,Missing Person,2,Sunny,Low
2025-10-14,03:01,3,Tuesday,2,October,10,13.029365,77.546019,Yeshwanthpur,Fraud,5,Partly Cloudy,Very High
2026-04-30,06:37,6,Thursday,4,April,4,12.917518,77.64251,HSR Layout,Vandalism,1,Sunny,Medium
2025-03-21,18:00,18,Friday,5,March,3,12.997203,77.563938,Malleshwaram,Burglary,8,Sunny,Very High
2025-07-15,00:37,0,Tuesday,2,July,7,12.85083,77.662986,Electronic City,Burglary,4,Sunny,Low
2025-06-28,17:26,17,Saturday,6,June,6,12.980807,77.646795,Indiranagar,Fraud,4,Rainy,High
2026-01-30,03:56,3,Friday,5,January,1,12.981846,77.641541,Indiranagar,Robbery,9,Rainy,Low
2025-09-12,23:59,23,Friday,5,September,9,12.919116,77.486936,Kengeri,Assault,4,Rainy,Low
2025-03-25,20:56,20,Tuesday,2,March,3,12.927759,77.627511,Koramangala,Cyber Crime,7,Cloudy,Very High
2026-06-02,11:29,11,Tuesday,2,June,6,12.920786,77.605651,BTM Layout,Theft,3,Partly Cloudy,High
2026-07-15,15:25,15,Wednesday,3,July,7,12.963813,77.749544,Whitefield,Vandalism,4,Sunny,Medium
2025-06-18,18:35,18,Wednesday,3,June,6,12.961485,77.690819,Marathahalli,Robbery,3,Sunny,High
2025-05-24,22:44,22,Saturday,6,May,5,12.931829,77.622704,Koramangala,Cyber Crime,5,Cloudy,Medium
2026-02-06,10:44,10,Friday,5,February,2,12.927106,77.550909,Banashankari,Theft,9,Sunny,Very High
2026-11-01,06:35,6,Sunday,7,November,11,12.932405,77.61788,Koramangala,Cyber Crime,2,Cloudy,Low
2025-07-29,04:13,4,Tuesday,2,July,7,12.980121,77.647663,Indiranagar,Fraud,7,Cloudy,Low
2026-06-30,09:17,9,Tuesday,2,June,6,12.942562,77.570237,Basavanagudi,Burglary,6,Partly Cloudy,Very High
2025-06-29,20:29,20,Sunday,7,June,6,12.844263,77.66583,Electronic City,Theft,9,Partly Cloudy,Very High
2025-12-10,05:54,5,Wednesday,3,December,12,13.038237,77.595575,Hebbal,Burglary,7,Rainy,Very High
2026-02-08,04:16,4,Sunday,7,February,2,12.976047,77.757793,Whitefield,Accident,6,Partly Cloudy,Very High
2025-09-06,21:04,21,Saturday,6,September,9,12.972407,77.742956,Whitefield,Missing Person,11,Cloudy,Very High
2026-05-01,23:16,23,Friday,5,May,5,12.989092,77.551448,Rajajinagar,Accident,8,Cloudy,Very High
2025-01-19,16:49,16,Sunday,7,January,1,12.941518,77.624271,Koramangala,Burglary,7,Sunny,Very High
2025-01-07,10:03,10,Tuesday,2,January,1,13.041358,77.600465,Hebbal,Vandalism,6,Sunny,Very High
2025-08-15,18:52,18,Friday,5,August,8,12.930575,77.62524,Koramangala,Theft,2,Rainy,Medium
2025-01-16,15:37,15,Thursday,4,January,1,12.940653,77.623699,Koramangala,Accident,4,Sunny,Very High
2025-01-14,03:47,3,Tuesday,2,January,1,13.03562,77.544771,Yeshwanthpur,Missing Person,6,Cloudy,High
2025-03-26,11:34,11,Wednesday,3,March,3,12.921291,77.601159,Jayanagar,Burglary,6,Sunny,High
2025-09-18,14:11,14,Thursday,4,September,9,13.002952,77.572749,Malleshwaram,Cyber Crime,7,Partly Cloudy,High
2025-09-25,17:09,17,Thursday,4,September,9,13.030737,77.544589,Yeshwanthpur,Assault,6,Rainy,Very High
2025-02-10,21:50,21,Monday,1,February,2,12.914249,77.60225,BTM Layout,Accident,3,Sunny,Low
2026-03-29,14:38,14,Sunday,7,March,3,12.969229,77.752071,Whitefield,Accident,5,Cloudy,Medium
2026-06-01,23:49,23,Monday,1,June,6,12.932134,77.59815,Jayanagar,Missing Person,6,Sunny,Very High
2025-11-12,22:07,22,Wednesday,3,November,11,12.961319,77.694588,Marathahalli,Theft,8,Rainy,Low
2025-12-10,13:36,13,Wednesday,3,December,12,13.025254,77.532981,Yeshwanthpur,Accident,2,Rainy,Low
2025-09-12,18:15,18,Friday,5,September,9,12.947279,77.572226,Basavanagudi,Cyber Crime,1,Rainy,Low
2025-11-01,07:50,7,Saturday,6,November,11,12.909317,77.486351,Kengeri,Cyber Crime,6,Rainy,Very High
2026-06-03,16:45,16,Wednesday,3,June,6,12.844215,77.667819,Electronic City,Theft,7,Sunny,Very High
2026-12-21,04:15,4,Monday,1,December,12,12.917084,77.60612,BTM Layout,Robbery,4,Sunny,Medium
2025-06-08,15:57,15,Sunday,7,June,6,12.926329,77.542321,Banashankari,Missing Person,5,Cloudy,High
2026-02-22,14:53,14,Sunday,7,February,2,12.912704,77.611287,BTM Layout,Assault,6,Sunny,Very High
2025-10-05,01:27,1,Sunday,7,October,10,12.931354,77.62672,Koramangala,Robbery,4,Rainy,Medium
2026-07-15,14:22,14,Wednesday,3,July,7,12.979278,77.639718,Indiranagar,Fraud,4,Cloudy,High
2025-03-21,10:04,10,Friday,5,March,3,12.998107,77.570736,Malleshwaram,Burglary,7,Partly Cloudy,Very High
2025-11-01,08:02,8,Saturday,6,November,11,12.986357,77.551997,Rajajinagar,Fraud,11,Rainy,Very High
2025-04-30,04:10,4,Wednesday,3,April,4,12.845805,77.654679,Electronic City,Theft,10,Partly Cloudy,Low
2026-10-25,07:51,7,Sunday,7,October,10,12.849794,77.654596,Electronic City,Vandalism,3,Sunny,Medium
2025-11-13,06:42,6,Thursday,4,November,11,12.967426,77.74527,Whitefield,Theft,5,Partly Cloudy,Medium
2025-02-09,05:51,5,Sunday,7,February,2,12.985693,77.635332,Indiranagar,Burglary,3,Rainy,Medium
2026-05-04,21:33,21,Monday,1,May,5,12.90652,77.634117,HSR Layout,Burglary,8,Sunny,Very High
2026-05-19,20:44,20,Tuesday,2,May,5,12.946275,77.571221,Basavanagudi,Missing Person,8,Cloudy,Medium
2025-11-19,06:59,6,Wednesday,3,November,11,12.939571,77.575525,Basavanagudi,Theft,6,Sunny,Low
2026-08-06,10:15,10,Thursday,4,August,8,12.994237,77.562803,Rajajinagar,Robbery,1,Cloudy,Low
2026-03-27,15:04,15,Friday,5,March,3,12.944684,77.574323,Basavanagudi,Accident,6,Sunny,Very High
2026-05-06,04:37,4,Wednesday,3,May,5,12.942912,77.580815,Basavanagudi,Assault,6,Sunny,High
2025-08-13,02:18,2,Wednesday,3,August,8,12.910958,77.482968,Kengeri,Vehicle Theft,7,Sunny,Low
2025-12-18,08:18,8,Thursday,4,December,12,12.991408,77.557233,Rajajinagar,Robbery,3,Sunny,Medium
2026-09-30,16:09,16,Wednesday,3,September,9,13.030855,77.537369,Yeshwanthpur,Theft,3,Sunny,Low
2025-10-12,10:40,10,Sunday,7,October,10,12.963912,77.696772,Marathahalli,Missing Person,4,Partly Cloudy,High
2026-10-09,19:52,19,Friday,5,October,10,12.994555,77.554879,Rajajinagar,Fraud,5,Rainy,Medium
2025-09-09,04:00,4,Tuesday,2,September,9,12.935088,77.57737,Basavanagudi,Robbery,4,Cloudy,Medium
2025-05-01,19:51,19,Thursday,4,May,5,12.918882,77.539479,Banashankari,Missing Person,5,Cloudy,Very High
2025-07-05,14:59,14,Saturday,6,July,7,12.966253,77.742036,Whitefield,Missing Person,3,Sunny,Low
2025-02-19,12:04,12,Wednesday,3,February,2,12.903942,77.632858,HSR Layout,Assault,3,Partly Cloudy,Medium
2025-05-08,22:48,22,Thursday,4,May,5,12.966957,77.752454,Whitefield,Fraud,3,Partly Cloudy,Medium
2026-06-06,07:51,7,Saturday,6,June,6,13.027853,77.591576,Hebbal,Robbery,1,Cloudy,Low
2025-09-16,09:26,9,Tuesday,2,September,9,12.932979,77.621475,Koramangala,Burglary,5,Partly Cloudy,High
2026-11-13,00:49,0,Friday,5,November,11,12.97089,77.751202,Whitefield,Theft,8,Cloudy,Very High
2026-07-02,07:45,7,Thursday,4,July,7,12.985693,77.644076,Indiranagar,Accident,1,Partly Cloudy,Medium
2026-08-25,15:47,15,Tuesday,2,August,8,12.948475,77.572972,Basavanagudi,Missing Person,4,Rainy,Low
2025-08-20,00:41,0,Wednesday,3,August,8,13.011422,77.562713,Malleshwaram,Vehicle Theft,8,Sunny,High
2026-04-19,10:55,10,Sunday,7,April,4,12.912968,77.63292,HSR Layout,Burglary,5,Rainy,Very High
2025-07-04,04:27,4,Friday,5,July,7,13.034055,77.59453,Hebbal,Vehicle Theft,5,Sunny,Low
2025-09-23,19:56,19,Tuesday,2,September,9,13.033802,77.532456,Yeshwanthpur,Fraud,5,Rainy,Low
2025-10-03,01:40,1,Friday,5,October,10,12.920297,77.554262,Banashankari,Robbery,11,Sunny,Very High
2026-09-22,05:49,5,Tuesday,2,September,9,13.031301,77.540415,Yeshwanthpur,Theft,7,Partly Cloudy,Medium
2025-06-05,01:38,1,Thursday,4,June,6,12.918771,77.485841,Kengeri,Fraud,7,Sunny,High
2026-01-08,23:01,23,Thursday,4,January,1,13.036129,77.60097,Hebbal,Theft,7,Partly Cloudy,Very High
2026-03-02,08:56,8,Monday,1,March,3,12.969834,77.743998,Whitefield,Robbery,1,Rainy,Medium
2025-01-30,08:35,8,Thursday,4,January,1,12.984309,77.640607,Indiranagar,Robbery,6,Rainy,Very High
2025-02-28,18:09,18,Friday,5,February,2,12.968114,77.747865,Whitefield,Burglary,2,Rainy,Medium
2025-04-07,21:07,21,Monday,1,April,4,13.00126,77.576065,Malleshwaram,Robbery,9,Partly Cloudy,High
2025-04-17,08:56,8,Thursday,4,April,4,12.930211,77.626751,Koramangala,Burglary,5,Sunny,Very High
2026-12-11,22:08,22,Friday,5,December,12,12.941098,77.627514,Koramangala,Theft,9,Rainy,Very High
2026-02-11,10:43,10,Wednesday,3,February,2,12.954042,77.696108,Marathahalli,Cyber Crime,5,Cloudy,High
2025-08-05,22:39,22,Tuesday,2,August,8,12.918402,77.481295,Kengeri,Theft,5,Cloudy,Low
2026-05-22,13:22,13,Friday,5,May,5,12.96246,77.697069,Marathahalli,Fraud,8,Cloudy,Very High
2026-09-10,16:30,16,Thursday,4,September,9,12.973523,77.744054,Whitefield,Theft,2,Partly Cloudy,Medium
2026-05-05,23:55,23,Tuesday,2,May,5,13.010619,77.565948,Malleshwaram,Robbery,5,Cloudy,Low
2025-03-29,17:13,17,Saturday,6,March,3,12.964472,77.744189,Whitefield,Missing Person,4,Rainy,High
2026-04-08,01:15,1,Wednesday,3,April,4,12.928695,77.543974,Banashankari,Vandalism,8,Rainy,High
2025-02-16,19:09,19,Sunday,7,February,2,12.978612,77.6346,Indiranagar,Assault,5,Cloudy,Low
2025-04-09,21:56,21,Wednesday,3,April,4,13.001525,77.567534,Malleshwaram,Assault,9,Partly Cloudy,Very High
2025-05-18,07:03,7,Sunday,7,May,5,13.029477,77.592644,Hebbal,Missing Person,5,Cloudy,Low
2026-08-03,05:36,5,Monday,1,August,8,12.965023,77.756952,Whitefield,Fraud,3,Sunny,Medium
2026-10-29,07:32,7,Thursday,4,October,10,12.973536,77.648338,Indiranagar,Fraud,9,Sunny,Very High
2025-12-05,05:47,5,Friday,5,December,12,12.927241,77.627805,Koramangala,Missing Person,6,Sunny,Very High
2025-12-27,18:06,18,Saturday,6,December,12,12.998161,77.568289,Malleshwaram,Cyber Crime,9,Cloudy,Very High
2025-06-21,19:00,19,Saturday,6,June,6,12.975688,77.648315,Indiranagar,Accident,7,Cloudy,High
2026-02-25,00:40,0,Wednesday,3,February,2,12.911233,77.63487,HSR Layout,Cyber Crime,2,Partly Cloudy,Low
2026-03-07,21:03,21,Saturday,6,March,3,12.96264,77.693036,Marathahalli,Vandalism,4,Rainy,Low
2026-08-11,20:09,20,Tuesday,2,August,8,12.914881,77.633829,HSR Layout,Theft,6,Cloudy,Low
2026-07-07,10:34,10,Tuesday,2,July,7,12.921233,77.475332,Kengeri,Assault,2,Partly Cloudy,Low
2025-09-13,05:00,5,Saturday,6,September,9,12.928307,77.546801,Banashankari,Missing Person,5,Cloudy,Very High
2026-10-03,08:52,8,Saturday,6,October,10,12.906609,77.643469,HSR Layout,Vehicle Theft,3,Cloudy,High
2026-09-01,17:55,17,Tuesday,2,September,9,12.846353,77.656,Electronic City,Assault,7,Sunny,Very High
2025-10-05,20:49,20,Sunday,7,October,10,12.912344,77.476966,Kengeri,Burglary,8,Cloudy,Medium
2025-06-23,00:35,0,Monday,1,June,6,13.039251,77.604988,Hebbal,Vandalism,8,Partly Cloudy,Very High
2026-12-30,17:32,17,Wednesday,3,December,12,12.843629,77.661505,Electronic City,Missing Person,2,Partly Cloudy,Medium
2026-10-26,22:56,22,Monday,1,October,10,12.951144,77.701432,Marathahalli,Vehicle Theft,7,Sunny,High
2026-09-15,09:50,9,Tuesday,2,September,9,12.917464,77.474527,Kengeri,Accident,2,Partly Cloudy,Medium
2025-08-23,06:17,6,Saturday,6,August,8,12.98554,77.561555,Rajajinagar,Assault,7,Rainy,High
2026-11-14,13:30,13,Saturday,6,November,11,12.91935,77.614301,BTM Layout,Burglary,5,Sunny,Medium
2025-02-04,06:59,6,Tuesday,2,February,2,12.919571,77.554162,Banashankari,Accident,5,Sunny,High
2025-11-27,02:49,2,Thursday,4,November,11,12.906597,77.64214,HSR Layout,Burglary,8,Partly Cloudy,High
2025-07-19,18:50,18,Saturday,6,July,7,13.031379,77.597909,Hebbal,Accident,4,Cloudy,High
2025-01-21,06:57,6,Tuesday,2,January,1,12.937331,77.61845,Koramangala,Cyber Crime,3,Sunny,Very High
2025-01-22,17:21,17,Wednesday,3,January,1,12.964008,77.748847,Whitefield,Assault,4,Sunny,Medium
2025-10-08,07:16,7,Wednesday,3,October,10,12.84163,77.663707,Electronic City,Fraud,6,Rainy,Medium
2025-08-22,19:10,19,Friday,5,August,8,12.98136,77.63391,Indiranagar,Accident,6,Rainy,Very High
2026-07-22,19:12,19,Wednesday,3,July,7,12.947796,77.570205,Basavanagudi,Accident,2,Sunny,Medium
2025-02-05,08:51,8,Wednesday,3,February,2,12.917829,77.615184,BTM Layout,Robbery,4,Cloudy,High
2025-11-28,11:31,11,Friday,5,November,11,12.943937,77.568933,Basavanagudi,Missing Person,5,Rainy,Very High
2026-10-23,10:57,10,Friday,5,October,10,12.903913,77.632351,HSR Layout,Theft,4,Rainy,Low
2025-03-27,01:21,1,Thursday,4,March,3,12.930079,77.620487,Koramangala,Robbery,5,Cloudy,Low
2026-12-13,12:33,12,Sunday,7,December,12,12.91291,77.482118,Kengeri,Missing Person,5,Partly Cloudy,High
2025-02-14,23:24,23,Friday,5,February,2,13.032835,77.598458,Hebbal,Cyber Crime,6,Sunny,Low
2025-12-15,14:54,14,Monday,1,December,12,12.916724,77.606979,BTM Layout,Missing Person,7,Partly Cloudy,Very High
2026-05-14,16:28,16,Thursday,4,May,5,12.974258,77.743782,Whitefield,Robbery,5,Cloudy,Very High
2026-10-06,03:09,3,Tuesday,2,October,10,12.941991,77.631539,Koramangala,Burglary,7,Partly Cloudy,Very High
2025-04-13,22:39,22,Sunday,7,April,4,12.979966,77.642912,Indiranagar,Vehicle Theft,5,Cloudy,Medium
2026-06-13,06:10,6,Saturday,6,June,6,12.941675,77.580497,Basavanagudi,Robbery,1,Sunny,Medium
2025-01-02,21:52,21,Thursday,4,January,1,12.927926,77.539476,Banashankari,Robbery,10,Partly Cloudy,Very High
2025-10-16,07:58,7,Thursday,4,October,10,12.918101,77.638165,HSR Layout,Assault,2,Rainy,Medium
2025-10-05,21:17,21,Sunday,7,October,10,12.843785,77.65474,Electronic City,Cyber Crime,6,Partly Cloudy,Very High
2025-07-12,08:13,8,Saturday,6,July,7,12.908511,77.486576,Kengeri,Burglary,1,Sunny,Medium
2025-01-20,05:18,5,Monday,1,January,1,12.841144,77.657255,Electronic City,Assault,2,Cloudy,Low
2025-08-15,16:01,16,Friday,5,August,8,12.977173,77.633571,Indiranagar,Vandalism,7,Partly Cloudy,Very High
2025-02-18,10:07,10,Tuesday,2,February,2,12.92287,77.612985,BTM Layout,Fraud,4,Sunny,Low
2026-09-19,00:45,0,Saturday,6,September,9,12.9816,77.63994,Indiranagar,Assault,7,Partly Cloudy,Medium
2025-10-05,06:10,6,Sunday,7,October,10,13.023268,77.537746,Yeshwanthpur,Vandalism,7,Cloudy,High
2026-04-03,22:18,22,Friday,5,April,4,13.040849,77.5947,Hebbal,Vandalism,8,Cloudy,Very High
2026-10-08,06:50,6,Thursday,4,October,10,12.97239,77.750214,Whitefield,Accident,4,Partly Cloudy,Medium
2025-04-09,10:26,10,Wednesday,3,April,4,13.011462,77.573923,Malleshwaram,Assault,1,Cloudy,Medium
2026-03-09,23:03,23,Monday,1,March,3,12.943932,77.57543,Basavanagudi,Cyber Crime,8,Rainy,Medium
2026-08-23,14:15,14,Sunday,7,August,8,12.96134,77.698675,Marathahalli,Burglary,7,Sunny,Very High
2025-03-03,18:28,18,Monday,1,March,3,12.942884,77.580704,Basavanagudi,Fraud,4,Cloudy,Medium
2026-04-25,09:06,9,Saturday,6,April,4,12.960331,77.695618,Marathahalli,Assault,2,Rainy,High
2025-07-11,13:20,13,Friday,5,July,7,12.907071,77.482719,Kengeri,Cyber Crime,4,Partly Cloudy,Low
2025-09-16,05:22,5,Tuesday,2,September,9,12.971339,77.641183,Indiranagar,Missing Person,4,Cloudy,Low
2025-07-22,20:00,20,Tuesday,2,July,7,12.930786,77.62404,Koramangala,Assault,6,Cloudy,Low
2025-05-11,17:34,17,Sunday,7,May,5,12.968048,77.747877,Whitefield,Theft,5,Rainy,Low
2026-03-20,20:04,20,Friday,5,March,3,12.921856,77.478892,Kengeri,Cyber Crime,7,Rainy,High
2026-02-13,19:53,19,Friday,5,February,2,12.984233,77.548281,Rajajinagar,Vehicle Theft,8,Sunny,Very High
2025-07-06,07:16,7,Sunday,7,July,7,12.980525,77.644603,Indiranagar,Missing Person,4,Sunny,High
2026-11-25,18:01,18,Wednesday,3,November,11,13.008022,77.569508,Malleshwaram,Vandalism,3,Sunny,Low
2026-09-20,05:15,5,Sunday,7,September,9,12.999361,77.561476,Rajajinagar,Vandalism,4,Cloudy,High
2026-05-06,13:36,13,Wednesday,3,May,5,12.914495,77.481087,Kengeri,Vandalism,5,Rainy,Low
2026-02-09,12:30,12,Monday,1,February,2,12.938476,77.579413,Basavanagudi,Accident,6,Sunny,Very High
2026-06-21,15:11,15,Sunday,7,June,6,12.917113,77.479701,Kengeri,Cyber Crime,7,Sunny,Very High
2026-04-03,09:46,9,Friday,5,April,4,12.924758,77.599759,Jayanagar,Burglary,1,Sunny,Low
2025-10-25,00:55,0,Saturday,6,October,10,12.980364,77.635832,Indiranagar,Missing Person,7,Sunny,Very High
2025-05-15,01:06,1,Thursday,4,May,5,13.041504,77.601195,Hebbal,Theft,7,Sunny,Low
2025-03-03,08:15,8,Monday,1,March,3,12.912896,77.613746,BTM Layout,Robbery,7,Cloudy,High
2025-05-26,06:26,6,Monday,1,May,5,12.9726,77.637809,Indiranagar,Fraud,3,Sunny,Medium
2025-10-02,21:28,21,Thursday,4,October,10,12.929917,77.594832,Jayanagar,Burglary,5,Rainy,Medium
2026-06-27,21:28,21,Saturday,6,June,6,12.851024,77.655925,Electronic City,Theft,5,Sunny,High
2025-08-28,01:04,1,Thursday,4,August,8,13.011018,77.570239,Malleshwaram,Cyber Crime,8,Rainy,Low
2026-08-16,21:40,21,Sunday,7,August,8,12.992862,77.547672,Rajajinagar,Burglary,5,Rainy,High
2025-01-24,19:12,19,Friday,5,January,1,13.02749,77.544329,Yeshwanthpur,Theft,6,Rainy,Medium
2025-10-29,17:52,17,Wednesday,3,October,10,13.000585,77.564939,Malleshwaram,Fraud,4,Cloudy,High
2026-04-15,20:56,20,Wednesday,3,April,4,12.922452,77.617201,BTM Layout,Missing Person,10,Sunny,Very High
2025-03-07,10:48,10,Friday,5,March,3,12.921436,77.542978,Banashankari,Vehicle Theft,6,Cloudy,High
2025-11-17,05:39,5,Monday,1,November,11,12.974312,77.743422,Whitefield,Vandalism,4,Sunny,High
2025-02-03,17:59,17,Monday,1,February,2,13.005958,77.573215,Malleshwaram,Cyber Crime,2,Partly Cloudy,Medium
2025-02-23,23:57,23,Sunday,7,February,2,12.919609,77.484108,Kengeri,Fraud,11,Sunny,High
2025-06-04,23:31,23,Wednesday,3,June,6,12.97593,77.753158,Whitefield,Theft,6,Sunny,Low
2026-06-27,19:34,19,Saturday,6,June,6,12.936383,77.619656,Koramangala,Burglary,7,Cloudy,Medium
2025-04-14,05:49,5,Monday,1,April,4,12.851737,77.66362,Electronic City,Robbery,6,Cloudy,High
2026-01-25,07:25,7,Sunday,7,January,1,12.982098,77.634201,Indiranagar,Theft,7,Cloudy,Very High
2026-09-18,13:47,13,Friday,5,September,9,13.005105,77.568763,Malleshwaram,Robbery,7,Sunny,Very High
2026-08-28,01:00,1,Friday,5,August,8,12.916821,77.611246,BTM Layout,Accident,7,Rainy,High
2025-03-27,00:11,0,Thursday,4,March,3,12.99215,77.547207,Rajajinagar,Accident,4,Cloudy,Medium
2026-08-14,02:59,2,Friday,5,August,8,13.031498,77.533074,Yeshwanthpur,Accident,7,Partly Cloudy,High
2026-12-18,04:07,4,Friday,5,December,12,12.983666,77.640676,Indiranagar,Assault,9,Sunny,Low
2025-07-03,23:52,23,Thursday,4,July,7,12.97126,77.640984,Indiranagar,Missing Person,11,Partly Cloudy,Very High
2026-07-22,11:18,11,Wednesday,3,July,7,12.941453,77.577506,Basavanagudi,Assault,5,Sunny,Medium
2025-03-20,19:20,19,Thursday,4,March,3,12.912161,77.489562,Kengeri,Burglary,2,Sunny,High
2026-03-30,05:04,5,Monday,1,March,3,12.976288,77.634865,Indiranagar,Theft,5,Partly Cloudy,Low
2026-04-26,23:45,23,Sunday,7,April,4,12.96121,77.704558,Marathahalli,Theft,6,Rainy,Medium
2026-04-21,03:36,3,Tuesday,2,April,4,12.924424,77.592611,Jayanagar,Vehicle Theft,6,Partly Cloudy,Medium
2026-08-12,11:10,11,Wednesday,3,August,8,12.911003,77.47732,Kengeri,Assault,7,Rainy,High
2026-06-21,03:44,3,Sunday,7,June,6,12.918458,77.542875,Banashankari,Robbery,7,Partly Cloudy,Low
2026-12-22,03:27,3,Tuesday,2,December,12,12.840672,77.656187,Electronic City,Accident,6,Rainy,Medium
2026-09-13,22:08,22,Sunday,7,September,9,12.933234,77.619711,Koramangala,Assault,9,Rainy,Very High
2026-10-02,02:14,2,Friday,5,October,10,12.939401,77.577543,Basavanagudi,Cyber Crime,5,Partly Cloudy,Low
2026-01-27,10:38,10,Tuesday,2,January,1,12.917941,77.483693,Kengeri,Theft,11,Partly Cloudy,Very High
2026-08-05,09:43,9,Wednesday,3,August,8,13.038613,77.60253,Hebbal,Robbery,5,Partly Cloudy,High
2026-08-12,09:34,9,Wednesday,3,August,8,12.919349,77.635824,HSR Layout,Robbery,4,Cloudy,Low
2025-06-30,13:12,13,Monday,1,June,6,12.944079,77.574128,Basavanagudi,Vehicle Theft,3,Cloudy,Medium
2026-09-04,00:17,0,Friday,5,September,9,12.928113,77.59636,Jayanagar,Fraud,4,Partly Cloudy,Medium
2025-05-24,11:34,11,Saturday,6,May,5,12.846477,77.654742,Electronic City,Fraud,5,Sunny,High
2025-08-22,05:38,5,Friday,5,August,8,12.965988,77.702882,Marathahalli,Burglary,1,Sunny,Medium
2025-01-15,10:15,10,Wednesday,3,January,1,12.926558,77.542556,Banashankari,Assault,1,Sunny,Low
2025-08-08,02:50,2,Friday,5,August,8,12.921381,77.548419,Banashankari,Accident,12,Partly Cloudy,Very High
2025-06-14,17:08,17,Saturday,6,June,6,12.945252,77.579443,Basavanagudi,Theft,7,Cloudy,Very High
2026-02-24,13:55,13,Tuesday,2,February,2,12.915307,77.611671,BTM Layout,Burglary,5,Cloudy,Medium
2025-05-05,10:08,10,Monday,1,May,5,12.912463,77.608121,BTM Layout,Vehicle Theft,2,Cloudy,High
2026-09-27,13:57,13,Sunday,7,September,9,12.919997,77.613965,BTM Layout,Assault,8,Cloudy,Very High
2025-05-20,20:20,20,Tuesday,2,May,5,12.992479,77.547596,Rajajinagar,Fraud,6,Partly Cloudy,Low
2026-01-17,19:29,19,Saturday,6,January,1,12.918356,77.593309,Jayanagar,Cyber Crime,2,Rainy,Medium
2026-11-10,13:25,13,Tuesday,2,November,11,13.023368,77.535961,Yeshwanthpur,Missing Person,3,Sunny,Low
2025-03-18,01:07,1,Tuesday,2,March,3,12.915043,77.489227,Kengeri,Burglary,7,Sunny,Very High
2026-04-03,16:15,16,Friday,5,April,4,12.985264,77.638863,Indiranagar,Vehicle Theft,7,Cloudy,Low
2026-03-03,20:27,20,Tuesday,2,March,3,12.916369,77.610345,BTM Layout,Missing Person,10,Cloudy,High
2025-02-03,09:35,9,Monday,1,February,2,12.917925,77.587387,Jayanagar,Theft,7,Sunny,High
2025-11-25,16:39,16,Tuesday,2,November,11,13.032828,77.604606,Hebbal,Assault,2,Partly Cloudy,High
2026-03-07,18:09,18,Saturday,6,March,3,12.919966,77.609297,BTM Layout,Fraud,6,Rainy,High
2025-03-31,15:19,15,Monday,1,March,3,12.935909,77.57677,Basavanagudi,Robbery,4,Rainy,Low
2025-02-21,11:53,11,Friday,5,February,2,12.843691,77.657376,Electronic City,Fraud,2,Cloudy,Low
2026-03-30,16:04,16,Monday,1,March,3,12.996125,77.572183,Malleshwaram,Burglary,3,Partly Cloudy,Medium
2025-03-10,06:56,6,Monday,1,March,3,12.995544,77.560458,Rajajinagar,Accident,5,Partly Cloudy,Low
2026-10-25,14:28,14,Sunday,7,October,10,12.845368,77.660136,Electronic City,Assault,2,Partly Cloudy,Medium
2025-10-24,00:48,0,Friday,5,October,10,12.974095,77.747922,Whitefield,Theft,11,Cloudy,Very High
2025-03-02,15:18,15,Sunday,7,March,3,12.91152,77.615201,BTM Layout,Accident,5,Sunny,High
2025-05-20,13:26,13,Tuesday,2,May,5,12.91077,77.636457,HSR Layout,Assault,4,Cloudy,Medium
2025-10-24,01:04,1,Friday,5,October,10,13.008157,77.567053,Malleshwaram,Cyber Crime,6,Cloudy,Medium
2025-04-09,19:53,19,Wednesday,3,April,4,12.959977,77.695323,Marathahalli,Fraud,6,Rainy,Medium
2025-11-30,08:02,8,Sunday,7,November,11,12.927444,77.621748,Koramangala,Missing Person,9,Partly Cloudy,Very High
2026-06-09,05:12,5,Tuesday,2,June,6,12.971456,77.640768,Indiranagar,Fraud,1,Cloudy,Low
2025-01-03,21:22,21,Friday,5,January,1,12.922597,77.608293,BTM Layout,Accident,9,Cloudy,Low
2026-11-09,14:19,14,Monday,1,November,11,12.91833,77.646006,HSR Layout,Vehicle Theft,5,Sunny,High
2026-02-20,06:39,6,Friday,5,February,2,12.916122,77.48515,Kengeri,Vandalism,5,Cloudy,Very High
2025-11-15,17:01,17,Saturday,6,November,11,12.988498,77.55139,Rajajinagar,Burglary,2,Cloudy,Medium
2026-08-02,04:01,4,Sunday,7,August,8,13.004467,77.565397,Malleshwaram,Accident,6,Sunny,Medium
2026-07-16,17:40,17,Thursday,4,July,7,12.960365,77.693367,Marathahalli,Accident,2,Cloudy,Low
2026-01-05,20:40,20,Monday,1,January,1,12.919922,77.600579,Jayanagar,Theft,11,Sunny,High
2026-08-10,18:11,18,Monday,1,August,8,12.970598,77.755455,Whitefield,Missing Person,6,Sunny,High
2026-05-28,11:10,11,Thursday,4,May,5,12.918905,77.605352,BTM Layout,Theft,3,Rainy,Medium
2025-09-20,07:46,7,Saturday,6,September,9,12.917541,77.643122,HSR Layout,Cyber Crime,4,Sunny,Low
2026-10-20,19:02,19,Tuesday,2,October,10,13.030729,77.539623,Yeshwanthpur,Robbery,5,Partly Cloudy,Medium
2025-09-27,01:50,1,Saturday,6,September,9,12.929783,77.540636,Banashankari,Accident,5,Rainy,Low
2025-01-02,07:40,7,Thursday,4,January,1,13.04036,77.599917,Hebbal,Missing Person,3,Partly Cloudy,Low
2026-01-25,20:50,20,Sunday,7,January,1,12.922548,77.614968,BTM Layout,Vandalism,9,Partly Cloudy,Low
2025-06-06,04:41,4,Friday,5,June,6,12.972018,77.754393,Whitefield,Assault,6,Rainy,Medium
2026-06-23,08:22,8,Tuesday,2,June,6,12.912433,77.480901,Kengeri,Cyber Crime,4,Rainy,Medium
2025-10-17,14:08,14,Friday,5,October,10,13.021291,77.53344,Yeshwanthpur,Missing Person,2,Rainy,Low
2026-10-24,20:03,20,Saturday,6,October,10,12.941611,77.623161,Koramangala,Burglary,11,Rainy,High
2025-03-09,11:23,11,Sunday,7,March,3,12.923412,77.59603,Jayanagar,Accident,2,Sunny,Medium
2026-11-23,20:27,20,Monday,1,November,11,12.935474,77.567422,Basavanagudi,Accident,7,Rainy,High
2026-11-06,11:03,11,Friday,5,November,11,12.935646,77.622679,Koramangala,Burglary,2,Partly Cloudy,High
2025-09-01,14:13,14,Monday,1,September,9,13.024974,77.534091,Yeshwanthpur,Robbery,7,Rainy,High
2025-11-15,01:15,1,Saturday,6,November,11,12.925611,77.591224,Jayanagar,Burglary,6,Partly Cloudy,High
2026-06-30,13:25,13,Tuesday,2,June,6,12.958503,77.694293,Marathahalli,Burglary,1,Sunny,Low
2026-07-22,12:42,12,Wednesday,3,July,7,12.847395,77.657649,Electronic City,Accident,4,Sunny,High
2026-07-16,08:28,8,Thursday,4,July,7,12.996298,77.570427,Malleshwaram,Cyber Crime,1,Rainy,Low
2025-12-25,21:12,21,Thursday,4,December,12,12.985322,77.644794,Indiranagar,Robbery,6,Partly Cloudy,Low
2025-03-06,17:08,17,Thursday,4,March,3,12.911132,77.641858,HSR Layout,Cyber Crime,7,Cloudy,Very High
2025-11-24,05:44,5,Monday,1,November,11,12.919069,77.644776,HSR Layout,Missing Person,5,Partly Cloudy,High
2026-09-23,20:18,20,Wednesday,3,September,9,12.952803,77.69168,Marathahalli,Cyber Crime,3,Rainy,Medium
2026-05-10,06:49,6,Sunday,7,May,5,12.919874,77.600836,Jayanagar,Fraud,10,Partly Cloudy,Very High
2025-04-27,02:38,2,Sunday,7,April,4,13.010105,77.577947,Malleshwaram,Robbery,10,Partly Cloudy,Very High
2026-04-17,21:47,21,Friday,5,April,4,12.923205,77.539091,Banashankari,Theft,7,Sunny,High
2025-07-11,14:32,14,Friday,5,July,7,12.930597,77.617967,Koramangala,Accident,5,Rainy,High
2026-07-10,07:37,7,Friday,5,July,7,12.952555,77.704948,Marathahalli,Robbery,8,Partly Cloudy,Very High
2025-07-22,08:36,8,Tuesday,2,July,7,12.917107,77.601203,Jayanagar,Vandalism,4,Cloudy,Medium
2025-09-29,23:06,23,Monday,1,September,9,12.922399,77.612912,BTM Layout,Assault,6,Partly Cloudy,Low
2025-05-28,02:33,2,Wednesday,3,May,5,12.965647,77.748862,Whitefield,Robbery,8,Sunny,Low
2025-02-17,23:27,23,Monday,1,February,2,12.951465,77.697408,Marathahalli,Fraud,6,Cloudy,Very High
2026-04-30,01:16,1,Thursday,4,April,4,12.995912,77.564581,Malleshwaram,Accident,9,Rainy,High
2026-06-09,19:29,19,Tuesday,2,June,6,12.922284,77.613635,BTM Layout,Fraud,4,Rainy,Medium
2026-03-01,07:13,7,Sunday,7,March,3,13.023105,77.534468,Yeshwanthpur,Theft,5,Sunny,Low
2026-04-11,04:20,4,Saturday,6,April,4,12.920755,77.596602,Jayanagar,Fraud,12,Cloudy,High
2026-04-08,09:09,9,Wednesday,3,April,4,12.910062,77.485667,Kengeri,Cyber Crime,2,Partly Cloudy,Medium
2025-03-24,16:19,16,Monday,1,March,3,12.997687,77.57117,Malleshwaram,Cyber Crime,3,Cloudy,High
2026-06-27,16:57,16,Saturday,6,June,6,13.032299,77.536837,Yeshwanthpur,Vehicle Theft,9,Sunny,High
2026-07-22,03:40,3,Wednesday,3,July,7,12.956045,77.692749,Marathahalli,Vehicle Theft,8,Cloudy,Very High
2026-05-21,19:41,19,Thursday,4,May,5,12.909691,77.632011,HSR Layout,Vehicle Theft,6,Rainy,High
2025-09-05,09:14,9,Friday,5,September,9,12.991477,77.54928,Rajajinagar,Vandalism,2,Sunny,Medium
2026-06-08,21:18,21,Monday,1,June,6,12.839728,77.659672,Electronic City,Theft,10,Rainy,Very High
2025-04-17,03:12,3,Thursday,4,April,4,13.029705,77.593527,Hebbal,Vandalism,7,Cloudy,Very High
2026-03-07,02:55,2,Saturday,6,March,3,12.994275,77.550541,Rajajinagar,Missing Person,6,Partly Cloudy,Low
2026-07-07,13:34,13,Tuesday,2,July,7,13.029193,77.596107,Hebbal,Accident,4,Rainy,Low
2026-12-25,12:53,12,Friday,5,December,12,12.920703,77.6023,BTM Layout,Robbery,7,Rainy,Very High
2025-12-16,03:41,3,Tuesday,2,December,12,12.842504,77.663118,Electronic City,Robbery,9,Sunny,Very High
2025-03-22,10:39,10,Saturday,6,March,3,12.997071,77.547176,Rajajinagar,Burglary,6,Partly Cloudy,Medium
2025-11-18,06:34,6,Tuesday,2,November,11,13.038463,77.595931,Hebbal,Vandalism,5,Sunny,Low
2025-10-31,14:30,14,Friday,5,October,10,12.919502,77.484312,Kengeri,Theft,2,Rainy,Low
2026-03-15,00:19,0,Sunday,7,March,3,12.937746,77.568505,Basavanagudi,Theft,7,Rainy,Low
2025-06-08,11:39,11,Sunday,7,June,6,12.927997,77.55353,Banashankari,Cyber Crime,3,Sunny,Low
2026-11-07,13:27,13,Saturday,6,November,11,12.951462,77.690681,Marathahalli,Assault,7,Rainy,Very High
2026-06-03,14:13,14,Wednesday,3,June,6,12.920774,77.610182,BTM Layout,Robbery,1,Rainy,Low
2026-03-27,21:22,21,Friday,5,March,3,13.010413,77.56568,Malleshwaram,Missing Person,4,Sunny,Low
2026-04-18,00:05,0,Saturday,6,April,4,12.96403,77.692727,Marathahalli,Fraud,7,Cloudy,High
2026-08-16,09:46,9,Sunday,7,August,8,13.037559,77.589025,Hebbal,Vandalism,5,Rainy,Very High
2026-10-14,21:52,21,Wednesday,3,October,10,12.996233,77.557906,Rajajinagar,Missing Person,7,Sunny,Low
2026-07-14,23:53,23,Tuesday,2,July,7,13.010237,77.565753,Malleshwaram,Cyber Crime,6,Rainy,High
2026-10-10,12:22,12,Saturday,6,October,10,12.971157,77.755154,Whitefield,Accident,5,Partly Cloudy,High
2026-10-26,18:52,18,Monday,1,October,10,12.974471,77.637563,Indiranagar,Accident,5,Sunny,Very High
2026-04-12,03:00,3,Sunday,7,April,4,12.930343,77.619245,Koramangala,Theft,5,Partly Cloudy,High
2025-12-07,00:00,0,Sunday,7,December,12,12.907466,77.63346,HSR Layout,Burglary,7,Cloudy,High
2025-10-02,11:38,11,Thursday,4,October,10,12.996039,77.565981,Malleshwaram,Missing Person,2,Cloudy,Low
2025-09-25,16:28,16,Thursday,4,September,9,12.928851,77.592924,Jayanagar,Robbery,1,Cloudy,Low
2026-10-02,07:34,7,Friday,5,October,10,13.02216,77.539823,Yeshwanthpur,Vandalism,4,Cloudy,Medium
2026-02-02,04:21,4,Monday,1,February,2,12.929951,77.587658,Jayanagar,Accident,10,Partly Cloudy,Very High
2026-05-03,07:53,7,Sunday,7,May,5,12.931233,77.631528,Koramangala,Accident,5,Rainy,Medium
2026-05-23,05:44,5,Saturday,6,May,5,12.986639,77.558245,Rajajinagar,Missing Person,5,Sunny,High
2025-09-08,01:16,1,Monday,1,September,9,12.940635,77.577628,Basavanagudi,Theft,7,Cloudy,Medium
2025-07-07,12:14,12,Monday,1,July,7,12.927269,77.545441,Banashankari,Robbery,5,Partly Cloudy,High
2026-01-20,16:03,16,Tuesday,2,January,1,12.99964,77.568669,Malleshwaram,Theft,5,Cloudy,Low
2026-11-11,19:05,19,Wednesday,3,November,11,12.917817,77.585779,Jayanagar,Assault,1,Cloudy,Low
2026-06-03,23:14,23,Wednesday,3,June,6,12.962508,77.754047,Whitefield,Assault,6,Sunny,Medium
2026-10-01,10:26,10,Thursday,4,October,10,12.910812,77.612044,BTM Layout,Robbery,9,Rainy,Very High
2025-09-06,22:07,22,Saturday,6,September,9,12.938997,77.568308,Basavanagudi,Theft,12,Partly Cloudy,Very High
2025-06-23,20:49,20,Monday,1,June,6,12.909584,77.485238,Kengeri,Robbery,6,Cloudy,Medium
2026-06-08,23:07,23,Monday,1,June,6,12.997646,77.574891,Malleshwaram,Vehicle Theft,8,Sunny,Very High
2025-03-07,06:40,6,Friday,5,March,3,12.851814,77.653055,Electronic City,Cyber Crime,4,Rainy,Very High
2025-02-13,17:21,17,Thursday,4,February,2,12.928053,77.621863,Koramangala,Accident,5,Cloudy,Medium
2025-05-15,13:34,13,Thursday,4,May,5,12.956704,77.701611,Marathahalli,Theft,5,Partly Cloudy,High
2025-05-12,18:17,18,Monday,1,May,5,13.008148,77.57259,Malleshwaram,Assault,1,Cloudy,Medium
2026-01-23,14:53,14,Friday,5,January,1,12.844006,77.657404,Electronic City,Fraud,2,Sunny,Medium
2026-04-30,10:43,10,Thursday,4,April,4,12.929429,77.631521,Koramangala,Assault,6,Cloudy,High
2026-09-11,12:13,12,Friday,5,September,9,12.97714,77.64012,Indiranagar,Missing Person,1,Rainy,Low
2025-09-03,03:42,3,Wednesday,3,September,9,12.92123,77.599454,Jayanagar,Vandalism,7,Partly Cloudy,High
2026-04-05,22:24,22,Sunday,7,April,4,12.996679,77.576694,Malleshwaram,Robbery,8,Sunny,Medium
2025-09-07,11:15,11,Sunday,7,September,9,12.962692,77.699018,Marathahalli,Burglary,7,Cloudy,Medium
2026-07-03,14:37,14,Friday,5,July,7,12.92994,77.551963,Banashankari,Fraud,6,Cloudy,Medium
2025-06-19,05:48,5,Thursday,4,June,6,12.931813,77.597777,Jayanagar,Assault,6,Rainy,Very High
2025-04-06,19:51,19,Sunday,7,April,4,12.912825,77.635468,HSR Layout,Burglary,7,Partly Cloudy,High
2026-02-17,04:02,4,Tuesday,2,February,2,12.977549,77.757465,Whitefield,Assault,5,Sunny,Low
2025-07-26,07:49,7,Saturday,6,July,7,13.023212,77.532296,Yeshwanthpur,Missing Person,6,Cloudy,Very High
2025-06-26,09:56,9,Thursday,4,June,6,12.99507,77.547569,Rajajinagar,Vandalism,9,Cloudy,Very High
2026-04-19,07:48,7,Sunday,7,April,4,12.906186,77.645745,HSR Layout,Robbery,6,Cloudy,Medium
2026-05-21,11:35,11,Thursday,4,May,5,12.847849,77.663047,Electronic City,Assault,3,Rainy,Medium
2025-09-30,15:02,15,Tuesday,2,September,9,12.939078,77.629405,Koramangala,Missing Person,5,Cloudy,Low
2026-03-23,16:20,16,Monday,1,March,3,12.956822,77.692235,Marathahalli,Missing Person,4,Cloudy,High
2025-07-10,08:01,8,Thursday,4,July,7,12.917174,77.631212,HSR Layout,Missing Person,1,Rainy,Low
2026-04-24,13:32,13,Friday,5,April,4,13.030902,77.536379,Yeshwanthpur,Fraud,4,Sunny,High
2026-05-09,22:30,22,Saturday,6,May,5,12.997216,77.559034,Rajajinagar,Fraud,8,Partly Cloudy,High
2026-06-14,07:09,7,Sunday,7,June,6,12.93107,77.6312,Koramangala,Fraud,7,Sunny,Very High
2026-05-23,17:50,17,Saturday,6,May,5,12.938687,77.578713,Basavanagudi,Theft,6,Cloudy,Medium
2025-06-22,05:26,5,Sunday,7,June,6,12.993572,77.557061,Rajajinagar,Fraud,4,Rainy,Medium
2025-11-01,12:40,12,Saturday,6,November,11,13.031913,77.590659,Hebbal,Burglary,5,Sunny,Low
2025-07-16,02:42,2,Wednesday,3,July,7,12.906762,77.64225,HSR Layout,Robbery,7,Cloudy,Medium
2026-03-07,18:39,18,Saturday,6,March,3,12.927344,77.623096,Koramangala,Burglary,7,Rainy,High
2026-03-21,10:47,10,Saturday,6,March,3,12.936654,77.570022,Basavanagudi,Robbery,5,Cloudy,Low
2025-03-25,16:13,16,Tuesday,2,March,3,12.935411,77.568675,Basavanagudi,Accident,4,Cloudy,High
2025-03-11,19:14,19,Tuesday,2,March,3,12.929446,77.54961,Banashankari,Vehicle Theft,4,Sunny,Low
2025-09-05,04:22,4,Friday,5,September,9,12.922255,77.616557,BTM Layout,Vandalism,13,Partly Cloudy,Very High
2025-05-29,16:34,16,Thursday,4,May,5,13.006481,77.569271,Malleshwaram,Accident,5,Rainy,High
2025-06-26,22:04,22,Thursday,4,June,6,12.918398,77.604428,BTM Layout,Fraud,7,Sunny,Very High
2025-12-24,21:28,21,Wednesday,3,December,12,13.036917,77.591254,Hebbal,Accident,6,Cloudy,High
2025-10-26,05:57,5,Sunday,7,October,10,12.940387,77.575001,Basavanagudi,Assault,5,Sunny,Low
2025-10-08,08:47,8,Wednesday,3,October,10,13.031176,77.600213,Hebbal,Burglary,5,Partly Cloudy,Low
2025-06-08,04:07,4,Sunday,7,June,6,13.039608,77.599774,Hebbal,Robbery,7,Sunny,Medium
2026-12-12,17:30,17,Saturday,6,December,12,12.927634,77.541704,Banashankari,Accident,6,Rainy,Very High
2026-11-15,03:10,3,Sunday,7,November,11,12.840477,77.663926,Electronic City,Robbery,11,Partly Cloudy,Very High
2025-08-14,01:53,1,Thursday,4,August,8,12.937614,77.576521,Basavanagudi,Theft,6,Rainy,Medium
2025-01-27,12:03,12,Monday,1,January,1,13.033934,77.537345,Yeshwanthpur,Assault,5,Partly Cloudy,Medium
2025-04-06,17:48,17,Sunday,7,April,4,12.931337,77.600217,Jayanagar,Vehicle Theft,5,Sunny,High
2025-12-31,13:03,13,Wednesday,3,December,12,13.027537,77.541246,Yeshwanthpur,Missing Person,5,Rainy,Low
2026-03-31,11:47,11,Tuesday,2,March,3,12.927223,77.592902,Jayanagar,Cyber Crime,5,Cloudy,High
2025-04-08,07:04,7,Tuesday,2,April,4,12.840332,77.668118,Electronic City,Missing Person,2,Rainy,High
2025-04-20,01:06,1,Sunday,7,April,4,12.931497,77.620185,Koramangala,Vandalism,8,Sunny,High
2026-04-28,19:20,19,Tuesday,2,April,4,13.035308,77.60161,Hebbal,Cyber Crime,3,Rainy,Low
2025-12-03,08:31,8,Wednesday,3,December,12,13.023404,77.545523,Yeshwanthpur,Vehicle Theft,4,Rainy,Medium
2026-02-27,02:07,2,Friday,5,February,2,12.842183,77.666211,Electronic City,Theft,5,Partly Cloudy,Medium
2026-10-03,01:47,1,Saturday,6,October,10,13.022404,77.539327,Yeshwanthpur,Missing Person,6,Partly Cloudy,Low
2025-12-25,05:36,5,Thursday,4,December,12,12.973766,77.633411,Indiranagar,Burglary,6,Sunny,Very High
2026-01-08,20:52,20,Thursday,4,January,1,13.031547,77.536757,Yeshwanthpur,Vandalism,7,Partly Cloudy,Low
2026-06-20,01:02,1,Saturday,6,June,6,12.903718,77.637566,HSR Layout,Missing Person,9,Cloudy,Very High
2026-06-11,10:06,10,Thursday,4,June,6,12.923371,77.586437,Jayanagar,Robbery,4,Sunny,Very High
2026-05-13,12:40,12,Wednesday,3,May,5,13.034007,77.537561,Yeshwanthpur,Fraud,2,Rainy,Medium
2026-03-28,02:39,2,Saturday,6,March,3,12.937898,77.627145,Koramangala,Missing Person,4,Rainy,Low
2025-09-01,08:06,8,Monday,1,September,9,12.939798,77.62028,Koramangala,Theft,3,Rainy,Medium
2025-11-27,03:58,3,Thursday,4,November,11,13.027747,77.534802,Yeshwanthpur,Accident,6,Partly Cloudy,High
2026-11-22,19:19,19,Sunday,7,November,11,12.852702,77.661828,Electronic City,Theft,7,Cloudy,Low
2025-04-05,16:49,16,Saturday,6,April,4,12.910834,77.488666,Kengeri,Vehicle Theft,6,Partly Cloudy,Low
2025-08-13,19:42,19,Wednesday,3,August,8,12.926651,77.598978,Jayanagar,Burglary,3,Sunny,Very High
2025-01-01,11:24,11,Wednesday,3,January,1,12.9623,77.743392,Whitefield,Vandalism,4,Sunny,High
2026-08-27,21:10,21,Thursday,4,August,8,12.964538,77.702311,Marathahalli,Theft,7,Rainy,Low
2026-09-16,13:54,13,Wednesday,3,September,9,12.921888,77.478131,Kengeri,Cyber Crime,6,Sunny,High
2025-12-02,08:19,8,Tuesday,2,December,12,12.98384,77.560528,Rajajinagar,Accident,3,Sunny,High
2026-08-11,11:25,11,Tuesday,2,August,8,12.974895,77.754937,Whitefield,Fraud,6,Rainy,High
2026-04-12,21:38,21,Sunday,7,April,4,12.922929,77.608731,BTM Layout,Fraud,8,Sunny,Low
2025-06-17,20:34,20,Tuesday,2,June,6,12.908048,77.644428,HSR Layout,Vehicle Theft,4,Cloudy,Medium
2025-01-18,04:28,4,Saturday,6,January,1,12.988457,77.561217,Rajajinagar,Theft,14,Sunny,Very High
2025-12-02,20:50,20,Tuesday,2,December,12,12.92637,77.599866,Jayanagar,Missing Person,10,Rainy,High
2026-03-09,02:03,2,Monday,1,March,3,12.912257,77.603818,BTM Layout,Accident,9,Rainy,Very High
2025-10-14,13:41,13,Tuesday,2,October,10,12.910617,77.478191,Kengeri,Burglary,3,Rainy,High
2025-01-03,15:31,15,Friday,5,January,1,12.848139,77.666422,Electronic City,Robbery,5,Rainy,Low
2025-08-22,19:02,19,Friday,5,August,8,12.845478,77.6584,Electronic City,Vandalism,7,Rainy,High
2025-05-05,05:06,5,Monday,1,May,5,12.912378,77.475534,Kengeri,Theft,4,Partly Cloudy,High
2025-07-13,06:50,6,Sunday,7,July,7,13.031645,77.542413,Yeshwanthpur,Theft,1,Cloudy,Low
2026-06-30,06:44,6,Tuesday,2,June,6,12.955286,77.699886,Marathahalli,Missing Person,2,Cloudy,Low
2025-11-13,17:35,17,Thursday,4,November,11,12.921946,77.474905,Kengeri,Burglary,3,Cloudy,Low
2025-12-27,13:54,13,Saturday,6,December,12,13.020947,77.543482,Yeshwanthpur,Missing Person,8,Sunny,Very High
2026-02-18,03:30,3,Wednesday,3,February,2,12.970468,77.748469,Whitefield,Theft,7,Sunny,Low
2026-07-14,01:25,1,Tuesday,2,July,7,13.032519,77.545081,Yeshwanthpur,Burglary,8,Partly Cloudy,Medium
2025-12-29,14:03,14,Monday,1,December,12,13.027013,77.545001,Yeshwanthpur,Cyber Crime,3,Partly Cloudy,Medium
2026-02-14,18:16,18,Saturday,6,February,2,12.975043,77.742244,Whitefield,Vehicle Theft,9,Cloudy,High
2026-05-07,16:16,16,Thursday,4,May,5,12.931738,77.617075,Koramangala,Vandalism,5,Cloudy,High
2025-06-22,05:20,5,Sunday,7,June,6,13.006199,77.565428,Malleshwaram,Theft,4,Cloudy,Very High
2026-12-02,08:27,8,Wednesday,3,December,12,12.962338,77.689909,Marathahalli,Assault,1,Rainy,Low
2026-10-30,15:34,15,Friday,5,October,10,12.973135,77.749951,Whitefield,Theft,7,Partly Cloudy,Low
2025-09-17,13:25,13,Wednesday,3,September,9,12.942723,77.620082,Koramangala,Vehicle Theft,6,Rainy,Medium
2025-07-17,17:27,17,Thursday,4,July,7,12.928357,77.553219,Banashankari,Robbery,4,Rainy,Medium
2026-08-12,05:11,5,Wednesday,3,August,8,12.915594,77.60846,BTM Layout,Accident,3,Rainy,Medium
2025-07-22,23:59,23,Tuesday,2,July,7,12.921757,77.488781,Kengeri,Burglary,7,Partly Cloudy,Medium
2026-11-09,09:02,9,Monday,1,November,11,12.909238,77.486399,Kengeri,Robbery,1,Cloudy,Medium
2025-10-30,02:26,2,Thursday,4,October,10,13.005595,77.570345,Malleshwaram,Robbery,5,Cloudy,High
2026-04-22,22:47,22,Wednesday,3,April,4,12.985409,77.553223,Rajajinagar,Cyber Crime,12,Rainy,Very High
2026-11-08,09:38,9,Sunday,7,November,11,12.927603,77.618214,Koramangala,Vandalism,3,Rainy,Low
2026-05-12,14:45,14,Tuesday,2,May,5,12.932163,77.543159,Banashankari,Theft,7,Sunny,Medium
2026-07-04,09:52,9,Saturday,6,July,7,12.987164,77.54844,Rajajinagar,Burglary,5,Rainy,Medium
2026-12-29,07:17,7,Tuesday,2,December,12,12.944531,77.57924,Basavanagudi,Vehicle Theft,2,Sunny,Low
2025-05-06,20:24,20,Tuesday,2,May,5,12.987222,77.56218,Rajajinagar,Missing Person,9,Cloudy,High
2025-03-31,11:56,11,Monday,1,March,3,12.936458,77.568526,Basavanagudi,Fraud,2,Rainy,Medium
2025-12-18,07:07,7,Thursday,4,December,12,12.983301,77.644586,Indiranagar,Theft,4,Cloudy,Low
2026-10-01,18:52,18,Thursday,4,October,10,12.907813,77.485096,Kengeri,Vandalism,5,Partly Cloudy,Low
2025-02-10,23:32,23,Monday,1,February,2,13.035484,77.533195,Yeshwanthpur,Assault,4,Partly Cloudy,High
2025-08-29,21:53,21,Friday,5,August,8,12.842072,77.657889,Electronic City,Fraud,9,Cloudy,High
2025-02-17,13:47,13,Monday,1,February,2,12.920349,77.540725,Banashankari,Accident,1,Sunny,Low
2025-06-30,03:37,3,Monday,1,June,6,13.024731,77.53658,Yeshwanthpur,Assault,6,Rainy,High
2025-12-08,05:53,5,Monday,1,December,12,12.914163,77.606583,BTM Layout,Accident,4,Rainy,Medium
2025-02-23,10:32,10,Sunday,7,February,2,12.930602,77.544036,Banashankari,Burglary,5,Cloudy,Low
2026-03-06,02:50,2,Friday,5,March,3,12.839706,77.655002,Electronic City,Vandalism,7,Rainy,Very High
2025-12-31,21:04,21,Wednesday,3,December,12,12.930793,77.631167,Koramangala,Theft,7,Rainy,Low
2026-10-22,06:43,6,Thursday,4,October,10,12.943821,77.57764,Basavanagudi,Assault,3,Rainy,Low
2026-12-02,13:37,13,Wednesday,3,December,12,12.914117,77.634627,HSR Layout,Cyber Crime,4,Partly Cloudy,Medium
2026-12-19,22:35,22,Saturday,6,December,12,12.948988,77.580408,Basavanagudi,Vehicle Theft,9,Sunny,Medium
2025-03-10,16:36,16,Monday,1,March,3,12.965972,77.753957,Whitefield,Vehicle Theft,6,Sunny,High
2025-02-21,23:51,23,Friday,5,February,2,12.91351,77.643018,HSR Layout,Assault,8,Sunny,Very High
2026-11-14,16:42,16,Saturday,6,November,11,12.93184,77.543218,Banashankari,Assault,7,Partly Cloudy,Medium
2026-06-03,19:57,19,Wednesday,3,June,6,12.917635,77.616581,BTM Layout,Burglary,4,Sunny,Medium
2026-03-09,08:56,8,Monday,1,March,3,13.041663,77.591163,Hebbal,Assault,6,Cloudy,High
2026-03-25,09:59,9,Wednesday,3,March,3,12.927583,77.539582,Banashankari,Fraud,6,Rainy,High
2026-07-26,18:10,18,Sunday,7,July,7,12.909823,77.486368,Kengeri,Vandalism,5,Rainy,Low
2025-06-30,23:00,23,Monday,1,June,6,12.996537,77.556675,Rajajinagar,Robbery,5,Partly Cloudy,Low
2025-12-22,09:38,9,Monday,1,December,12,12.841624,77.656937,Electronic City,Fraud,3,Rainy,Low
2026-06-23,12:57,12,Tuesday,2,June,6,12.95758,77.692604,Marathahalli,Vandalism,1,Sunny,Low
2026-09-02,14:25,14,Wednesday,3,September,9,12.906658,77.476683,Kengeri,Burglary,6,Partly Cloudy,High
2025-06-21,18:52,18,Saturday,6,June,6,12.922,77.478304,Kengeri,Assault,3,Cloudy,High
2026-05-16,02:18,2,Saturday,6,May,5,12.838744,77.653555,Electronic City,Vehicle Theft,14,Partly Cloudy,Very High
2026-02-20,04:34,4,Friday,5,February,2,12.908123,77.485855,Kengeri,Vandalism,7,Rainy,Very High
2026-02-23,08:24,8,Monday,1,February,2,12.985149,77.553217,Rajajinagar,Vandalism,2,Partly Cloudy,Low
2025-05-09,12:03,12,Friday,5,May,5,12.919049,77.613274,BTM Layout,Fraud,7,Partly Cloudy,Medium
2026-11-29,20:37,20,Sunday,7,November,11,12.916428,77.638198,HSR Layout,Accident,5,Partly Cloudy,Low
2026-07-26,05:54,5,Sunday,7,July,7,12.972386,77.757502,Whitefield,Burglary,1,Rainy,Medium
2025-02-23,06:11,6,Sunday,7,February,2,12.850595,77.657155,Electronic City,Theft,2,Rainy,Medium
2025-06-12,00:57,0,Thursday,4,June,6,12.927463,77.596345,Jayanagar,Missing Person,7,Partly Cloudy,Medium
2026-11-25,00:05,0,Wednesday,3,November,11,12.916761,77.483778,Kengeri,Fraud,4,Cloudy,High
2025-08-15,15:48,15,Friday,5,August,8,12.940541,77.567306,Basavanagudi,Vehicle Theft,7,Rainy,High
2025-11-14,05:44,5,Friday,5,November,11,12.853183,77.667803,Electronic City,Burglary,4,Rainy,High
2025-10-22,22:27,22,Wednesday,3,October,10,13.035732,77.594459,Hebbal,Fraud,8,Partly Cloudy,Medium
2025-05-21,01:34,1,Wednesday,3,May,5,12.917028,77.645098,HSR Layout,Robbery,7,Cloudy,High
2026-04-12,04:05,4,Sunday,7,April,4,12.918704,77.600372,Jayanagar,Vehicle Theft,9,Sunny,Medium
2025-05-03,11:04,11,Saturday,6,May,5,12.96742,77.744008,Whitefield,Theft,10,Partly Cloudy,Very High
2025-11-27,14:17,14,Thursday,4,November,11,12.933918,77.620534,Koramangala,Fraud,2,Rainy,High
2025-08-08,19:15,19,Friday,5,August,8,12.935602,77.57677,Basavanagudi,Cyber Crime,7,Cloudy,High
2025-04-04,06:44,6,Friday,5,April,4,12.99455,77.553483,Rajajinagar,Fraud,4,Rainy,Medium
2026-12-11,01:57,1,Friday,5,December,12,12.909671,77.615593,BTM Layout,Burglary,6,Sunny,Very High
2026-01-07,20:09,20,Wednesday,3,January,1,13.022237,77.539886,Yeshwanthpur,Vandalism,4,Partly Cloudy,Medium
2026-06-15,01:56,1,Monday,1,June,6,12.914971,77.486259,Kengeri,Accident,8,Sunny,High
2025-04-06,15:35,15,Sunday,7,April,4,12.839214,77.660627,Electronic City,Fraud,7,Cloudy,Very High
2025-04-28,06:02,6,Monday,1,April,4,12.850326,77.659406,Electronic City,Vehicle Theft,6,Rainy,Very High
2026-08-09,21:17,21,Sunday,7,August,8,12.938177,77.621765,Koramangala,Theft,7,Sunny,High
2026-07-27,02:18,2,Monday,1,July,7,12.934599,77.579113,Basavanagudi,Vehicle Theft,8,Cloudy,Medium
2026-09-24,04:35,4,Thursday,4,September,9,12.962853,77.754294,Whitefield,Accident,6,Cloudy,Low
2026-02-07,05:07,5,Saturday,6,February,2,12.972639,77.753777,Whitefield,Fraud,8,Rainy,Low
2026-06-28,22:40,22,Sunday,7,June,6,12.934419,77.570433,Basavanagudi,Vehicle Theft,10,Partly Cloudy,Medium
2025-08-07,03:24,3,Thursday,4,August,8,12.997902,77.569854,Malleshwaram,Fraud,11,Partly Cloudy,High
2026-01-23,23:15,23,Friday,5,January,1,12.996293,77.572573,Malleshwaram,Vandalism,10,Sunny,Very High
2026-11-14,14:16,14,Saturday,6,November,11,12.992392,77.557344,Rajajinagar,Assault,4,Sunny,High
2025-03-31,19:13,19,Monday,1,March,3,13.035284,77.538186,Yeshwanthpur,Fraud,8,Rainy,High
2025-05-20,09:07,9,Tuesday,2,May,5,12.983205,77.646203,Indiranagar,Robbery,5,Sunny,Medium
2025-02-11,15:13,15,Tuesday,2,February,2,12.921115,77.541259,Banashankari,Vehicle Theft,6,Cloudy,High
2025-02-06,03:57,3,Thursday,4,February,2,12.938409,77.575732,Basavanagudi,Robbery,6,Partly Cloudy,Medium
2025-04-09,23:54,23,Wednesday,3,April,4,13.029375,77.604228,Hebbal,Vandalism,10,Partly Cloudy,Very High
2026-10-03,17:12,17,Saturday,6,October,10,12.916521,77.633488,HSR Layout,Burglary,1,Rainy,Low
2026-12-23,06:26,6,Wednesday,3,December,12,12.910275,77.637775,HSR Layout,Fraud,2,Partly Cloudy,Low
2025-07-09,23:17,23,Wednesday,3,July,7,12.978126,77.642329,Indiranagar,Vandalism,8,Cloudy,Medium
2025-06-02,07:13,7,Monday,1,June,6,12.929833,77.540281,Banashankari,Accident,5,Rainy,Low
2026-08-16,10:55,10,Sunday,7,August,8,12.919829,77.615634,BTM Layout,Vandalism,9,Rainy,Very High
2025-09-27,18:36,18,Saturday,6,September,9,12.921486,77.606839,BTM Layout,Fraud,4,Cloudy,High
2025-01-28,11:24,11,Tuesday,2,January,1,13.020155,77.540358,Yeshwanthpur,Vehicle Theft,5,Cloudy,High
2026-10-30,13:43,13,Friday,5,October,10,12.942407,77.578903,Basavanagudi,Theft,4,Sunny,Low
2025-12-03,11:26,11,Wednesday,3,December,12,12.99874,77.568129,Malleshwaram,Assault,7,Cloudy,Very High
2026-02-07,22:02,22,Saturday,6,February,2,12.996469,77.559682,Rajajinagar,Robbery,11,Rainy,Very High
2025-11-30,14:23,14,Sunday,7,November,11,13.00415,77.562255,Malleshwaram,Accident,4,Rainy,Low
2025-03-30,19:47,19,Sunday,7,March,3,12.922704,77.601452,Jayanagar,Fraud,2,Partly Cloudy,High
2025-02-23,10:17,10,Sunday,7,February,2,12.932979,77.618062,Koramangala,Burglary,9,Sunny,Very High
2025-09-04,04:30,4,Thursday,4,September,9,12.941302,77.581366,Basavanagudi,Vandalism,12,Cloudy,Very High
2026-04-27,14:57,14,Monday,1,April,4,12.927843,77.620874,Koramangala,Robbery,3,Partly Cloudy,Medium
2026-06-15,18:45,18,Monday,1,June,6,13.031715,77.604935,Hebbal,Vehicle Theft,6,Sunny,Medium
2026-02-10,01:42,1,Tuesday,2,February,2,13.025376,77.545207,Yeshwanthpur,Missing Person,9,Rainy,High
2025-09-20,18:22,18,Saturday,6,September,9,13.020963,77.541081,Yeshwanthpur,Theft,4,Cloudy,Low
2025-10-26,16:34,16,Sunday,7,October,10,12.932686,77.622183,Koramangala,Assault,7,Cloudy,Low
2025-01-13,05:38,5,Monday,1,January,1,12.98616,77.559486,Rajajinagar,Assault,5,Partly Cloudy,Very High
2025-05-20,18:45,18,Tuesday,2,May,5,12.919414,77.553982,Banashankari,Missing Person,2,Cloudy,Low
2025-12-04,09:00,9,Thursday,4,December,12,13.038155,77.600911,Hebbal,Vandalism,5,Rainy,Very High
2026-12-23,13:16,13,Wednesday,3,December,12,12.959125,77.699492,Marathahalli,Vandalism,9,Rainy,Very High
2026-06-17,01:19,1,Wednesday,3,June,6,12.843773,77.665213,Electronic City,Accident,5,Cloudy,Medium
2025-10-08,20:50,20,Wednesday,3,October,10,12.919963,77.546649,Banashankari,Fraud,10,Partly Cloudy,Very High
2026-08-08,05:44,5,Saturday,6,August,8,12.844541,77.658223,Electronic City,Theft,7,Sunny,Very High
2026-08-13,20:22,20,Thursday,4,August,8,12.92399,77.595652,Jayanagar,Burglary,8,Partly Cloudy,High
2026-08-15,16:01,16,Saturday,6,August,8,13.034987,77.595117,Hebbal,Burglary,5,Rainy,Medium
2025-04-03,10:59,10,Thursday,4,April,4,12.932103,77.599062,Jayanagar,Missing Person,3,Rainy,Low
2026-01-29,16:19,16,Thursday,4,January,1,12.987318,77.561292,Rajajinagar,Vehicle Theft,5,Sunny,High
2025-01-09,13:02,13,Thursday,4,January,1,12.969794,77.743267,Whitefield,Vehicle Theft,6,Cloudy,High
2025-07-01,03:26,3,Tuesday,2,July,7,12.922018,77.611507,BTM Layout,Theft,6,Cloudy,Medium
2026-04-16,12:08,12,Thursday,4,April,4,12.943034,77.573769,Basavanagudi,Accident,6,Cloudy,Very High
2025-03-06,00:41,0,Thursday,4,March,3,12.919252,77.592962,Jayanagar,Burglary,8,Partly Cloudy,Medium
2025-03-18,21:52,21,Tuesday,2,March,3,12.92962,77.619021,Koramangala,Vehicle Theft,4,Sunny,Low
2025-10-14,02:38,2,Tuesday,2,October,10,12.919273,77.634632,HSR Layout,Theft,8,Sunny,Low
2026-07-15,14:47,14,Wednesday,3,July,7,12.928712,77.591628,Jayanagar,Missing Person,6,Cloudy,High
2026-12-12,12:03,12,Saturday,6,December,12,12.919249,77.550672,Banashankari,Missing Person,2,Sunny,Medium
2026-03-11,05:25,5,Wednesday,3,March,3,12.910134,77.479651,Kengeri,Burglary,3,Partly Cloudy,Very High
2025-08-31,01:49,1,Sunday,7,August,8,13.010078,77.56688,Malleshwaram,Assault,6,Cloudy,Medium
2026-09-20,10:58,10,Sunday,7,September,9,12.917897,77.599919,Jayanagar,Accident,4,Cloudy,Medium
2026-04-08,18:15,18,Wednesday,3,April,4,12.929355,77.550087,Banashankari,Assault,8,Sunny,Very High
2025-12-09,22:13,22,Tuesday,2,December,12,13.020061,77.535351,Yeshwanthpur,Cyber Crime,6,Partly Cloudy,Medium
2026-04-11,16:49,16,Saturday,6,April,4,13.024596,77.53418,Yeshwanthpur,Theft,6,Sunny,Medium
2025-01-26,10:47,10,Sunday,7,January,1,12.920608,77.586608,Jayanagar,Missing Person,4,Partly Cloudy,Very High
2026-04-06,07:37,7,Monday,1,April,4,13.035191,77.53477,Yeshwanthpur,Theft,4,Cloudy,Low
2026-07-18,23:21,23,Saturday,6,July,7,12.953006,77.689786,Marathahalli,Missing Person,7,Partly Cloudy,Low
2026-05-09,21:56,21,Saturday,6,May,5,12.96159,77.697569,Marathahalli,Vandalism,6,Sunny,Medium
2025-01-07,11:54,11,Tuesday,2,January,1,13.005274,77.576801,Malleshwaram,Fraud,3,Cloudy,Medium
2026-05-02,20:17,20,Saturday,6,May,5,12.978449,77.643604,Indiranagar,Missing Person,6,Partly Cloudy,Low
2025-01-11,13:22,13,Saturday,6,January,1,12.971915,77.633778,Indiranagar,Theft,5,Cloudy,Low
2026-11-27,22:54,22,Friday,5,November,11,12.913889,77.604613,BTM Layout,Robbery,2,Partly Cloudy,Medium
2026-03-30,01:27,1,Monday,1,March,3,12.946908,77.579524,Basavanagudi,Fraud,8,Rainy,Low
2025-01-28,23:16,23,Tuesday,2,January,1,12.941068,77.571822,Basavanagudi,Accident,9,Partly Cloudy,High
2026-05-12,06:24,6,Tuesday,2,May,5,12.908898,77.633538,HSR Layout,Burglary,1,Cloudy,Medium
2025-03-19,12:29,12,Wednesday,3,March,3,12.929946,77.597832,Jayanagar,Vandalism,3,Sunny,Medium
2025-05-31,04:54,4,Saturday,6,May,5,13.001179,77.570248,Malleshwaram,Accident,8,Partly Cloudy,High
2025-09-26,01:19,1,Friday,5,September,9,12.918152,77.54429,Banashankari,Missing Person,12,Cloudy,Very High
2026-05-28,22:04,22,Thursday,4,May,5,12.922747,77.595114,Jayanagar,Fraud,5,Rainy,Medium
2025-06-27,17:04,17,Friday,5,June,6,12.91794,77.479525,Kengeri,Vehicle Theft,7,Sunny,High
2026-01-19,21:51,21,Monday,1,January,1,12.985404,77.557574,Rajajinagar,Cyber Crime,8,Rainy,Very High
2026-12-21,12:33,12,Monday,1,December,12,12.919782,77.593644,Jayanagar,Vandalism,6,Sunny,High
2026-07-26,04:16,4,Sunday,7,July,7,12.966641,77.742381,Whitefield,Cyber Crime,5,Sunny,High
2026-02-16,17:22,17,Monday,1,February,2,13.035099,77.547467,Yeshwanthpur,Robbery,5,Partly Cloudy,High
2025-05-27,00:11,0,Tuesday,2,May,5,12.914962,77.613247,BTM Layout,Vandalism,6,Sunny,High
2025-12-18,18:11,18,Thursday,4,December,12,12.904289,77.638506,HSR Layout,Assault,6,Sunny,Very High
2025-07-11,07:53,7,Friday,5,July,7,12.973692,77.743926,Whitefield,Vandalism,7,Rainy,High
2025-09-23,14:12,14,Tuesday,2,September,9,12.971385,77.639307,Indiranagar,Vehicle Theft,7,Sunny,High
2025-11-30,10:32,10,Sunday,7,November,11,12.915773,77.480506,Kengeri,Cyber Crime,7,Rainy,High
2025-01-11,10:57,10,Saturday,6,January,1,12.917798,77.637713,HSR Layout,Assault,6,Rainy,Medium
2026-11-14,22:52,22,Saturday,6,November,11,13.00244,77.566211,Malleshwaram,Accident,6,Rainy,Low
2026-03-27,23:56,23,Friday,5,March,3,12.918678,77.482329,Kengeri,Vandalism,9,Rainy,Low
2025-05-21,13:38,13,Wednesday,3,May,5,12.908866,77.605065,BTM Layout,Fraud,5,Sunny,Low
2025-04-20,13:55,13,Sunday,7,April,4,12.938347,77.61951,Koramangala,Assault,3,Cloudy,Medium
2026-12-21,22:38,22,Monday,1,December,12,12.917925,77.477821,Kengeri,Vehicle Theft,4,Sunny,Medium
2025-06-19,16:47,16,Thursday,4,June,6,12.932589,77.593177,Jayanagar,Robbery,5,Sunny,High
2025-08-02,02:35,2,Saturday,6,August,8,12.973338,77.642512,Indiranagar,Theft,8,Partly Cloudy,High
2025-04-25,23:28,23,Friday,5,April,4,12.981991,77.648614,Indiranagar,Missing Person,8,Sunny,Medium
2025-09-19,13:27,13,Friday,5,September,9,12.991094,77.550558,Rajajinagar,Vandalism,3,Rainy,Medium
2026-02-11,10:59,10,Wednesday,3,February,2,12.941978,77.622941,Koramangala,Burglary,5,Sunny,Low
2026-05-06,23:04,23,Wednesday,3,May,5,13.035347,77.601474,Hebbal,Missing Person,4,Sunny,Medium
2026-05-30,04:37,4,Saturday,6,May,5,13.00965,77.571798,Malleshwaram,Vehicle Theft,9,Sunny,Low
2026-11-01,02:21,2,Sunday,7,November,11,12.966647,77.754807,Whitefield,Assault,13,Cloudy,Very High
2026-06-28,13:12,13,Sunday,7,June,6,13.034138,77.591381,Hebbal,Vandalism,9,Sunny,Very High
2026-12-19,13:54,13,Saturday,6,December,12,12.917715,77.485751,Kengeri,Robbery,4,Rainy,Medium
2026-05-18,03:27,3,Monday,1,May,5,12.930631,77.593949,Jayanagar,Fraud,8,Sunny,Very High
2026-09-16,08:27,8,Wednesday,3,September,9,12.842466,77.661322,Electronic City,Vehicle Theft,4,Partly Cloudy,Medium
2026-12-08,16:43,16,Tuesday,2,December,12,12.936576,77.5771,Basavanagudi,Assault,5,Sunny,Very High
2025-09-27,03:11,3,Saturday,6,September,9,12.930268,77.593171,Jayanagar,Robbery,7,Cloudy,Low
2025-08-13,03:49,3,Wednesday,3,August,8,12.954871,77.689474,Marathahalli,Accident,9,Sunny,High
2025-03-28,08:15,8,Friday,5,March,3,12.841518,77.665029,Electronic City,Vehicle Theft,5,Partly Cloudy,Medium
2026-12-15,03:17,3,Tuesday,2,December,12,12.986788,77.559858,Rajajinagar,Cyber Crime,7,Sunny,High
2026-02-21,15:20,15,Saturday,6,February,2,12.909364,77.632043,HSR Layout,Assault,3,Partly Cloudy,Medium
2025-01-20,12:45,12,Monday,1,January,1,12.993576,77.55235,Rajajinagar,Vandalism,7,Partly Cloudy,High
2025-11-30,04:31,4,Sunday,7,November,11,12.983808,77.638291,Indiranagar,Accident,9,Rainy,Low
2025-12-25,19:03,19,Thursday,4,December,12,12.9746,77.755697,Whitefield,Robbery,3,Rainy,High
2025-08-27,17:29,17,Wednesday,3,August,8,13.021634,77.542952,Yeshwanthpur,Assault,5,Partly Cloudy,Very High
2026-04-10,12:36,12,Friday,5,April,4,12.838416,77.663794,Electronic City,Robbery,3,Partly Cloudy,High
2025-09-12,12:25,12,Friday,5,September,9,12.84115,77.665174,Electronic City,Robbery,4,Sunny,Low
2025-12-23,01:25,1,Tuesday,2,December,12,12.929666,77.589427,Jayanagar,Cyber Crime,8,Cloudy,High
2026-12-14,18:04,18,Monday,1,December,12,12.985972,77.645521,Indiranagar,Accident,6,Rainy,Very High
2025-01-24,12:38,12,Friday,5,January,1,12.987004,77.561288,Rajajinagar,Vehicle Theft,2,Sunny,Medium
2025-11-04,00:14,0,Tuesday,2,November,11,12.909654,77.615382,BTM Layout,Cyber Crime,6,Partly Cloudy,Very High
2025-05-31,10:42,10,Saturday,6,May,5,12.945469,77.582846,Basavanagudi,Robbery,3,Partly Cloudy,Very High
2026-04-03,10:45,10,Friday,5,April,4,12.970075,77.753284,Whitefield,Cyber Crime,2,Partly Cloudy,High
2026-09-04,17:51,17,Friday,5,September,9,12.911084,77.610117,BTM Layout,Missing Person,3,Sunny,Low
2025-10-31,23:40,23,Friday,5,October,10,12.930831,77.619676,Koramangala,Vandalism,10,Partly Cloudy,Very High
2026-05-12,05:40,5,Tuesday,2,May,5,12.909173,77.644943,HSR Layout,Theft,2,Rainy,Low
2025-08-13,04:01,4,Wednesday,3,August,8,12.917306,77.61212,BTM Layout,Vehicle Theft,6,Rainy,Low
2025-05-18,02:35,2,Sunday,7,May,5,12.99802,77.569836,Malleshwaram,Robbery,9,Sunny,Low
2025-02-18,11:58,11,Tuesday,2,February,2,12.98203,77.646088,Indiranagar,Robbery,2,Sunny,Medium
2025-05-23,14:08,14,Friday,5,May,5,12.842337,77.668145,Electronic City,Missing Person,3,Partly Cloudy,Low
2025-03-08,22:59,22,Saturday,6,March,3,13.040965,77.599463,Hebbal,Cyber Crime,6,Sunny,Low
2025-12-26,04:10,4,Friday,5,December,12,12.917874,77.638445,HSR Layout,Accident,5,Cloudy,Medium
2026-01-12,06:13,6,Monday,1,January,1,12.84954,77.667768,Electronic City,Cyber Crime,6,Rainy,High
2026-07-01,05:27,5,Wednesday,3,July,7,12.931239,77.539677,Banashankari,Cyber Crime,4,Cloudy,Very High
2025-08-01,14:29,14,Friday,5,August,8,12.95646,77.697657,Marathahalli,Vehicle Theft,5,Sunny,Very High
2025-05-28,19:53,19,Wednesday,3,May,5,12.941381,77.576805,Basavanagudi,Fraud,7,Cloudy,Very High
2025-06-04,01:00,1,Wednesday,3,June,6,12.920877,77.541425,Banashankari,Fraud,8,Cloudy,Medium
2026-10-28,13:25,13,Wednesday,3,October,10,12.910256,77.477479,Kengeri,Theft,5,Sunny,Low
2026-03-13,03:34,3,Friday,5,March,3,13.011234,77.575977,Malleshwaram,Missing Person,7,Partly Cloudy,Very High
2026-01-24,13:36,13,Saturday,6,January,1,12.997263,77.55908,Rajajinagar,Missing Person,4,Rainy,High
2026-05-10,00:05,0,Sunday,7,May,5,13.000616,77.564079,Malleshwaram,Theft,10,Cloudy,Very High
2025-09-05,18:13,18,Friday,5,September,9,12.906726,77.6413,HSR Layout,Missing Person,8,Rainy,Very High
2025-10-09,07:44,7,Thursday,4,October,10,13.001279,77.572684,Malleshwaram,Burglary,6,Partly Cloudy,Very High
2026-03-24,01:29,1,Tuesday,2,March,3,12.850171,77.655875,Electronic City,Accident,6,Sunny,High
2025-06-27,04:34,4,Friday,5,June,6,12.996998,77.55601,Rajajinagar,Accident,11,Partly Cloudy,Very High
2026-06-18,11:40,11,Thursday,4,June,6,12.960687,77.700619,Marathahalli,Burglary,6,Rainy,Very High
2026-09-07,21:48,21,Monday,1,September,9,12.941555,77.628592,Koramangala,Vandalism,7,Rainy,Low
2025-11-23,03:49,3,Sunday,7,November,11,12.9757,77.645169,Indiranagar,Vandalism,7,Partly Cloudy,Low
2025-06-03,02:48,2,Tuesday,2,June,6,12.929808,77.625401,Koramangala,Vehicle Theft,10,Rainy,Very High
2025-09-07,19:32,19,Sunday,7,September,9,12.941916,77.57732,Basavanagudi,Theft,6,Sunny,Very High
2025-09-29,23:33,23,Monday,1,September,9,12.9341,77.570427,Basavanagudi,Assault,7,Partly Cloudy,Low
2025-04-05,05:19,5,Saturday,6,April,4,12.910361,77.602313,BTM Layout,Theft,3,Partly Cloudy,Low
2025-08-15,08:27,8,Friday,5,August,8,13.042666,77.596448,Hebbal,Theft,4,Partly Cloudy,Low
2026-04-01,06:24,6,Wednesday,3,April,4,12.922636,77.551415,Banashankari,Vehicle Theft,2,Cloudy,Medium
2025-05-03,20:38,20,Saturday,6,May,5,12.926392,77.588846,Jayanagar,Fraud,10,Rainy,High
2025-09-28,03:03,3,Sunday,7,September,9,12.935091,77.627566,Koramangala,Vandalism,7,Partly Cloudy,Medium
2026-09-10,22:55,22,Thursday,4,September,9,12.841029,77.666975,Electronic City,Vehicle Theft,3,Sunny,Low
2025-10-20,22:23,22,Monday,1,October,10,12.909623,77.640647,HSR Layout,Vandalism,8,Cloudy,Medium
2025-08-05,05:27,5,Tuesday,2,August,8,12.911029,77.617274,BTM Layout,Accident,6,Cloudy,High
2025-06-16,22:38,22,Monday,1,June,6,12.985102,77.548175,Rajajinagar,Robbery,3,Partly Cloudy,Low
2026-03-12,12:31,12,Thursday,4,March,3,12.984577,77.548636,Rajajinagar,Fraud,3,Partly Cloudy,Medium
2026-03-25,16:15,16,Wednesday,3,March,3,12.919419,77.594889,Jayanagar,Assault,5,Sunny,Low
2025-11-26,14:44,14,Wednesday,3,November,11,13.032171,77.602631,Hebbal,Cyber Crime,5,Rainy,High
2025-05-13,14:01,14,Tuesday,2,May,5,12.989915,77.556355,Rajajinagar,Assault,4,Cloudy,Low
2025-05-18,16:49,16,Sunday,7,May,5,12.917414,77.646542,HSR Layout,Cyber Crime,6,Cloudy,Medium
2026-04-30,06:13,6,Thursday,4,April,4,12.993758,77.550241,Rajajinagar,Vandalism,2,Cloudy,Medium
2026-11-25,00:37,0,Wednesday,3,November,11,12.917726,77.545609,Banashankari,Robbery,3,Cloudy,Medium
2025-12-20,06:08,6,Saturday,6,December,12,12.929879,77.597235,Jayanagar,Assault,5,Sunny,Very High
2025-12-08,20:02,20,Monday,1,December,12,12.90767,77.479309,Kengeri,Theft,6,Sunny,Medium
2025-08-19,02:13,2,Tuesday,2,August,8,12.964687,77.69806,Marathahalli,Burglary,7,Sunny,High
2026-12-20,22:01,22,Sunday,7,December,12,12.973563,77.747472,Whitefield,Fraud,15,Cloudy,Very High
2025-09-15,05:21,5,Monday,1,September,9,12.913566,77.632484,HSR Layout,Assault,5,Sunny,Medium
2025-12-15,20:14,20,Monday,1,December,12,13.000739,77.577312,Malleshwaram,Fraud,4,Cloudy,Medium
2025-10-24,21:16,21,Friday,5,October,10,12.983788,77.636144,Indiranagar,Accident,8,Sunny,Very High
2025-05-27,03:02,3,Tuesday,2,May,5,12.972194,77.64272,Indiranagar,Vandalism,6,Sunny,Medium
2025-04-23,17:42,17,Wednesday,3,April,4,12.929884,77.553882,Banashankari,Burglary,5,Cloudy,Very High
2026-09-22,11:05,11,Tuesday,2,September,9,12.961895,77.696943,Marathahalli,Accident,1,Cloudy,Low
2026-05-31,21:33,21,Sunday,7,May,5,12.927377,77.59968,Jayanagar,Burglary,7,Sunny,Low
2026-02-10,07:37,7,Tuesday,2,February,2,12.966451,77.74526,Whitefield,Fraud,4,Partly Cloudy,Medium
2026-03-21,14:42,14,Saturday,6,March,3,12.986361,77.556184,Rajajinagar,Cyber Crime,4,Sunny,Low
2026-10-30,08:39,8,Friday,5,October,10,13.04012,77.593945,Hebbal,Accident,7,Partly Cloudy,Very High
2026-01-13,02:43,2,Tuesday,2,January,1,12.98965,77.562983,Rajajinagar,Vandalism,5,Partly Cloudy,Low
2025-03-24,03:19,3,Monday,1,March,3,13.022263,77.541826,Yeshwanthpur,Assault,5,Sunny,Medium
2026-01-18,14:01,14,Sunday,7,January,1,13.038204,77.59548,Hebbal,Vehicle Theft,8,Sunny,High
2026-02-01,14:59,14,Sunday,7,February,2,12.9303,77.599443,Jayanagar,Robbery,5,Partly Cloudy,Very High
2026-01-10,23:45,23,Saturday,6,January,1,12.846491,77.667063,Electronic City,Accident,9,Cloudy,Low
2026-11-24,12:42,12,Tuesday,2,November,11,12.916355,77.604301,BTM Layout,Burglary,4,Sunny,Medium
2026-05-29,15:54,15,Friday,5,May,5,12.914942,77.605978,BTM Layout,Missing Person,6,Rainy,Very High
2025-06-03,08:43,8,Tuesday,2,June,6,13.000127,77.571223,Malleshwaram,Vehicle Theft,7,Partly Cloudy,High
2025-08-04,20:46,20,Monday,1,August,8,12.924795,77.5879,Jayanagar,Fraud,9,Rainy,Very High
2025-01-04,19:49,19,Saturday,6,January,1,12.962737,77.701384,Marathahalli,Vandalism,1,Partly Cloudy,Medium
2025-04-23,16:59,16,Wednesday,3,April,4,12.844922,77.656932,Electronic City,Vandalism,2,Partly Cloudy,Low
2026-06-03,20:12,20,Wednesday,3,June,6,12.93273,77.600229,Jayanagar,Burglary,12,Rainy,Very High
2026-04-17,16:11,16,Friday,5,April,4,13.034884,77.540781,Yeshwanthpur,Vandalism,7,Rainy,High
2026-09-26,02:56,2,Saturday,6,September,9,13.030346,77.539666,Yeshwanthpur,Missing Person,7,Partly Cloudy,Very High
2025-10-02,06:28,6,Thursday,4,October,10,12.919303,77.599763,Jayanagar,Theft,9,Cloudy,Very High
2026-11-07,11:42,11,Saturday,6,November,11,12.927184,77.592187,Jayanagar,Robbery,4,Rainy,Medium
2025-08-27,03:20,3,Wednesday,3,August,8,12.91167,77.487766,Kengeri,Missing Person,7,Rainy,Medium
2025-06-22,06:11,6,Sunday,7,June,6,12.920929,77.608212,BTM Layout,Theft,4,Rainy,Medium
2026-12-31,03:15,3,Thursday,4,December,12,12.962314,77.755986,Whitefield,Fraud,13,Cloudy,Very High
2025-03-29,22:15,22,Saturday,6,March,3,12.910968,77.481479,Kengeri,Cyber Crime,11,Partly Cloudy,High
2025-09-09,05:15,5,Tuesday,2,September,9,12.943849,77.58229,Basavanagudi,Accident,2,Sunny,Low
2025-10-11,05:45,5,Saturday,6,October,10,12.953573,77.697571,Marathahalli,Theft,4,Rainy,Medium
2026-06-15,06:14,6,Monday,1,June,6,12.908414,77.475868,Kengeri,Vandalism,5,Rainy,Very High
2025-07-27,16:52,16,Sunday,7,July,7,12.995249,77.557117,Rajajinagar,Robbery,3,Partly Cloudy,Medium
2025-09-18,05:29,5,Thursday,4,September,9,12.922176,77.595792,Jayanagar,Robbery,4,Partly Cloudy,Low
2025-06-13,10:04,10,Friday,5,June,6,13.010746,77.572244,Malleshwaram,Assault,4,Partly Cloudy,Low
2026-04-18,23:12,23,Saturday,6,April,4,12.978036,77.64565,Indiranagar,Missing Person,9,Cloudy,Very High
2026-11-06,13:08,13,Friday,5,November,11,12.922129,77.55154,Banashankari,Robbery,3,Cloudy,Low
2026-04-21,13:16,13,Tuesday,2,April,4,13.034758,77.594347,Hebbal,Robbery,7,Sunny,Very High
2026-06-04,06:59,6,Thursday,4,June,6,12.91805,77.640558,HSR Layout,Robbery,4,Partly Cloudy,Very High
2026-08-24,08:38,8,Monday,1,August,8,12.918645,77.602921,BTM Layout,Vandalism,6,Rainy,Very High
2026-01-28,02:15,2,Wednesday,3,January,1,12.916134,77.612293,BTM Layout,Assault,9,Rainy,Low
2026-03-18,01:40,1,Wednesday,3,March,3,12.971922,77.755624,Whitefield,Robbery,6,Sunny,Very High
2026-09-04,03:55,3,Friday,5,September,9,12.996565,77.549345,Rajajinagar,Vehicle Theft,5,Partly Cloudy,Medium
2025-12-08,04:04,4,Monday,1,December,12,12.985776,77.556694,Rajajinagar,Vehicle Theft,9,Sunny,Low
2026-05-16,22:43,22,Saturday,6,May,5,12.935472,77.626281,Koramangala,Vandalism,11,Partly Cloudy,Medium
2026-01-29,11:51,11,Thursday,4,January,1,12.970091,77.747762,Whitefield,Theft,9,Partly Cloudy,Very High
2025-01-31,04:59,4,Friday,5,January,1,12.929229,77.53967,Banashankari,Missing Person,6,Partly Cloudy,Low
2025-12-22,17:24,17,Monday,1,December,12,12.929402,77.617571,Koramangala,Accident,4,Cloudy,High
2026-02-19,06:17,6,Thursday,4,February,2,12.955249,77.693582,Marathahalli,Missing Person,3,Cloudy,High
2026-09-03,23:40,23,Thursday,4,September,9,12.952881,77.690135,Marathahalli,Vandalism,8,Partly Cloudy,Low
2025-05-26,01:51,1,Monday,1,May,5,12.910603,77.643636,HSR Layout,Cyber Crime,5,Sunny,Very High
2026-03-23,19:54,19,Monday,1,March,3,12.935043,77.569436,Basavanagudi,Robbery,5,Partly Cloudy,Medium
2025-09-30,17:11,17,Tuesday,2,September,9,13.003889,77.562051,Malleshwaram,Assault,3,Partly Cloudy,Low
2026-01-25,19:13,19,Sunday,7,January,1,12.975634,77.755954,Whitefield,Accident,3,Partly Cloudy,Low
2025-05-30,11:08,11,Friday,5,May,5,12.942789,77.577474,Basavanagudi,Theft,9,Rainy,Very High
2026-01-16,03:23,3,Friday,5,January,1,12.907201,77.632061,HSR Layout,Fraud,5,Rainy,Low
2025-04-29,20:41,20,Tuesday,2,April,4,13.028222,77.589104,Hebbal,Missing Person,5,Cloudy,High
2025-03-05,17:25,17,Wednesday,3,March,3,12.927743,77.545998,Banashankari,Theft,3,Partly Cloudy,Medium
2026-12-22,00:12,0,Tuesday,2,December,12,12.919543,77.640107,HSR Layout,Theft,10,Cloudy,Very High
2025-02-09,16:27,16,Sunday,7,February,2,12.971848,77.750552,Whitefield,Theft,5,Partly Cloudy,Medium
2026-06-28,22:54,22,Sunday,7,June,6,12.908828,77.607998,BTM Layout,Assault,7,Partly Cloudy,Low
2025-09-13,08:11,8,Saturday,6,September,9,12.943469,77.572832,Basavanagudi,Fraud,7,Partly Cloudy,Low
2026-08-06,01:37,1,Thursday,4,August,8,12.926184,77.546872,Banashankari,Vehicle Theft,8,Cloudy,High
2025-12-17,00:54,0,Wednesday,3,December,12,12.942237,77.578761,Basavanagudi,Theft,11,Sunny,High
2026-11-25,23:59,23,Wednesday,3,November,11,13.03925,77.591664,Hebbal,Fraud,6,Sunny,Low
2026-11-29,23:10,23,Sunday,7,November,11,12.93661,77.618116,Koramangala,Fraud,5,Sunny,Low
2026-09-22,19:43,19,Tuesday,2,September,9,12.911578,77.605448,BTM Layout,Accident,4,Rainy,Very High
2025-11-18,19:31,19,Tuesday,2,November,11,12.95491,77.697122,Marathahalli,Missing Person,5,Sunny,Medium
2026-10-11,21:42,21,Sunday,7,October,10,12.998559,77.556,Rajajinagar,Fraud,8,Cloudy,Medium
2026-04-15,18:58,18,Wednesday,3,April,4,12.919437,77.482115,Kengeri,Burglary,2,Sunny,Medium
2026-10-13,05:01,5,Tuesday,2,October,10,12.915238,77.616046,BTM Layout,Assault,3,Cloudy,Very High
2026-12-22,08:27,8,Tuesday,2,December,12,12.849812,77.660457,Electronic City,Fraud,2,Sunny,Medium
2026-07-03,03:02,3,Friday,5,July,7,12.906743,77.480157,Kengeri,Missing Person,4,Cloudy,Low
2026-05-03,09:01,9,Sunday,7,May,5,12.916973,77.615848,BTM Layout,Theft,5,Cloudy,Low
2025-08-05,06:29,6,Tuesday,2,August,8,12.920973,77.546615,Banashankari,Missing Person,4,Sunny,Medium
2026-12-10,12:03,12,Thursday,4,December,12,12.942065,77.623967,Koramangala,Vandalism,4,Partly Cloudy,Medium
2026-10-08,12:22,12,Thursday,4,October,10,12.927727,77.621409,Koramangala,Assault,5,Partly Cloudy,High
2025-01-03,16:42,16,Friday,5,January,1,12.997092,77.567014,Malleshwaram,Vehicle Theft,7,Partly Cloudy,Very High
2025-03-27,17:49,17,Thursday,4,March,3,12.915444,77.602817,BTM Layout,Burglary,4,Cloudy,High
2026-02-13,01:30,1,Friday,5,February,2,12.983512,77.645715,Indiranagar,Assault,7,Rainy,High
2026-05-10,20:28,20,Sunday,7,May,5,12.927065,77.547533,Banashankari,Burglary,5,Rainy,Medium
2025-09-09,08:41,8,Tuesday,2,September,9,12.931875,77.626225,Koramangala,Cyber Crime,6,Rainy,High
2025-05-28,01:32,1,Wednesday,3,May,5,12.931853,77.627251,Koramangala,Accident,6,Rainy,High
2025-09-17,14:19,14,Wednesday,3,September,9,12.953912,77.690255,Marathahalli,Vehicle Theft,5,Sunny,Very High
2025-08-17,06:45,6,Sunday,7,August,8,12.996243,77.56155,Rajajinagar,Assault,3,Rainy,Medium
2025-12-22,11:56,11,Monday,1,December,12,12.908756,77.48559,Kengeri,Missing Person,5,Partly Cloudy,Very High
2025-12-09,08:32,8,Tuesday,2,December,12,12.942038,77.571738,Basavanagudi,Vehicle Theft,3,Partly Cloudy,Medium
2026-10-29,04:50,4,Thursday,4,October,10,12.914058,77.638996,HSR Layout,Vehicle Theft,8,Partly Cloudy,High
2025-10-23,02:10,2,Thursday,4,October,10,12.843706,77.654123,Electronic City,Fraud,8,Rainy,Low
2026-05-26,12:49,12,Tuesday,2,May,5,12.919591,77.589198,Jayanagar,Vehicle Theft,4,Rainy,Low
2025-05-10,14:42,14,Saturday,6,May,5,12.974145,77.63663,Indiranagar,Cyber Crime,6,Partly Cloudy,Low
2026-03-28,23:23,23,Saturday,6,March,3,13.030661,77.536722,Yeshwanthpur,Fraud,8,Partly Cloudy,Low
2025-10-23,05:13,5,Thursday,4,October,10,13.03522,77.593235,Hebbal,Fraud,8,Rainy,Very High
2026-10-07,10:19,10,Wednesday,3,October,10,13.030003,77.533403,Yeshwanthpur,Accident,7,Cloudy,High
2025-07-14,04:45,4,Monday,1,July,7,12.985534,77.560582,Rajajinagar,Missing Person,5,Rainy,Very High
2025-11-25,18:14,18,Tuesday,2,November,11,12.918985,77.486332,Kengeri,Vandalism,1,Sunny,Medium
2025-12-08,21:15,21,Monday,1,December,12,12.958569,77.696938,Marathahalli,Vandalism,3,Cloudy,Medium
2026-03-13,05:09,5,Friday,5,March,3,12.965815,77.702996,Marathahalli,Missing Person,3,Sunny,Low
2025-02-27,23:44,23,Thursday,4,February,2,12.954543,77.7031,Marathahalli,Missing Person,7,Rainy,High
2026-12-09,19:53,19,Wednesday,3,December,12,12.996909,77.547354,Rajajinagar,Fraud,7,Sunny,Low
2025-09-07,20:26,20,Sunday,7,September,9,12.926677,77.541375,Banashankari,Cyber Crime,10,Cloudy,Medium
2026-08-29,14:16,14,Saturday,6,August,8,12.957587,77.703221,Marathahalli,Burglary,5,Partly Cloudy,Medium
2026-08-04,11:38,11,Tuesday,2,August,8,12.976802,77.641657,Indiranagar,Vehicle Theft,3,Rainy,Medium
2025-09-01,12:26,12,Monday,1,September,9,12.919263,77.598293,Jayanagar,Vehicle Theft,4,Sunny,Low
2026-08-08,05:58,5,Saturday,6,August,8,12.920307,77.479415,Kengeri,Missing Person,5,Partly Cloudy,Low
2025-07-11,08:29,8,Friday,5,July,7,12.935048,77.624133,Koramangala,Assault,9,Partly Cloudy,Very High
2025-08-22,13:21,13,Friday,5,August,8,12.986784,77.560733,Rajajinagar,Robbery,5,Partly Cloudy,Medium
2025-05-29,16:48,16,Thursday,4,May,5,13.042881,77.59519,Hebbal,Accident,6,Rainy,Very High
2025-10-02,01:17,1,Thursday,4,October,10,13.000812,77.573089,Malleshwaram,Cyber Crime,9,Partly Cloudy,Very High
2025-10-10,21:54,21,Friday,5,October,10,13.030292,77.602644,Hebbal,Missing Person,6,Sunny,Very High
2025-01-09,17:47,17,Thursday,4,January,1,12.983816,77.559367,Rajajinagar,Vandalism,7,Sunny,Very High
2026-01-29,18:07,18,Thursday,4,January,1,12.847878,77.665289,Electronic City,Cyber Crime,4,Rainy,High
2026-04-06,05:10,5,Monday,1,April,4,12.84722,77.655129,Electronic City,Accident,2,Sunny,Low
2026-12-27,06:37,6,Sunday,7,December,12,12.969007,77.753689,Whitefield,Accident,4,Rainy,Low
2025-03-03,08:44,8,Monday,1,March,3,13.029661,77.534745,Yeshwanthpur,Theft,7,Sunny,High
2025-08-25,19:32,19,Monday,1,August,8,12.969728,77.743915,Whitefield,Robbery,7,Sunny,Very High
2026-03-07,08:38,8,Saturday,6,March,3,12.924142,77.615329,BTM Layout,Missing Person,3,Sunny,High
2026-05-18,23:58,23,Monday,1,May,5,13.037748,77.595549,Hebbal,Cyber Crime,4,Partly Cloudy,Medium
2026-08-08,01:02,1,Saturday,6,August,8,12.96588,77.698889,Marathahalli,Burglary,4,Cloudy,Medium
2026-08-06,09:19,9,Thursday,4,August,8,12.913363,77.477877,Kengeri,Assault,4,Rainy,High
2025-04-14,14:41,14,Monday,1,April,4,13.010073,77.564617,Malleshwaram,Vehicle Theft,6,Sunny,Low
2025-11-30,04:14,4,Sunday,7,November,11,12.926765,77.540466,Banashankari,Theft,8,Rainy,Medium
2026-08-10,21:43,21,Monday,1,August,8,12.961909,77.697277,Marathahalli,Burglary,7,Partly Cloudy,Medium
2026-01-26,15:05,15,Monday,1,January,1,12.850875,77.66186,Electronic City,Cyber Crime,5,Cloudy,Low
2026-05-12,11:46,11,Tuesday,2,May,5,12.933047,77.540609,Banashankari,Fraud,4,Cloudy,Medium
2026-07-18,14:04,14,Saturday,6,July,7,12.969741,77.742035,Whitefield,Missing Person,6,Rainy,Medium
2025-12-12,01:41,1,Friday,5,December,12,12.91287,77.631695,HSR Layout,Vehicle Theft,8,Rainy,Very High
2026-11-27,18:25,18,Friday,5,November,11,12.926903,77.589042,Jayanagar,Missing Person,5,Rainy,High
2026-12-28,19:02,19,Monday,1,December,12,12.93052,77.59981,Jayanagar,Cyber Crime,6,Partly Cloudy,High
2026-10-27,12:04,12,Tuesday,2,October,10,12.922355,77.553262,Banashankari,Burglary,3,Sunny,Low
2026-08-19,19:39,19,Wednesday,3,August,8,12.961797,77.692204,Marathahalli,Missing Person,4,Rainy,Low
2025-11-01,14:17,14,Saturday,6,November,11,12.912538,77.641759,HSR Layout,Vehicle Theft,6,Rainy,Low
2026-09-11,23:47,23,Friday,5,September,9,12.978405,77.637849,Indiranagar,Assault,2,Cloudy,Medium
2025-09-05,21:18,21,Friday,5,September,9,12.90789,77.641817,HSR Layout,Accident,6,Rainy,High
2026-10-05,03:49,3,Monday,1,October,10,12.931378,77.627115,Koramangala,Vehicle Theft,8,Cloudy,Low
2026-11-16,19:09,19,Monday,1,November,11,13.033236,77.592631,Hebbal,Robbery,5,Cloudy,High
2025-02-04,23:40,23,Tuesday,2,February,2,12.850158,77.657748,Electronic City,Missing Person,7,Sunny,Low
2025-04-01,18:45,18,Tuesday,2,April,4,12.962611,77.743261,Whitefield,Accident,4,Sunny,High
2026-08-24,12:25,12,Monday,1,August,8,12.84794,77.666552,Electronic City,Accident,3,Partly Cloudy,Low
2025-09-02,06:41,6,Tuesday,2,September,9,12.849484,77.658851,Electronic City,Vehicle Theft,1,Cloudy,Medium
2025-10-01,06:27,6,Wednesday,3,October,10,13.03305,77.599607,Hebbal,Assault,3,Sunny,Low
2025-01-28,05:56,5,Tuesday,2,January,1,12.930757,77.62885,Koramangala,Missing Person,8,Rainy,Very High
2025-11-24,13:41,13,Monday,1,November,11,12.913997,77.603785,BTM Layout,Vandalism,6,Cloudy,High
2026-10-27,21:06,21,Tuesday,2,October,10,12.991135,77.552067,Rajajinagar,Assault,5,Sunny,Low
2026-06-26,10:22,10,Friday,5,June,6,12.931387,77.597674,Jayanagar,Robbery,3,Sunny,High
2026-06-05,20:45,20,Friday,5,June,6,12.919136,77.487273,Kengeri,Fraud,7,Sunny,Medium
2025-12-26,22:13,22,Friday,5,December,12,12.918225,77.542973,Banashankari,Assault,5,Sunny,Low
2025-04-11,14:07,14,Friday,5,April,4,12.916542,77.484224,Kengeri,Accident,5,Cloudy,Medium
2025-05-07,13:40,13,Wednesday,3,May,5,12.941528,77.573498,Basavanagudi,Theft,6,Rainy,Low
2026-07-14,13:04,13,Tuesday,2,July,7,12.972446,77.643573,Indiranagar,Cyber Crime,5,Sunny,Medium
2025-04-24,23:26,23,Thursday,4,April,4,12.970598,77.64771,Indiranagar,Missing Person,6,Cloudy,Low
2026-01-08,11:13,11,Thursday,4,January,1,12.98783,77.552881,Rajajinagar,Missing Person,3,Cloudy,Medium
2025-08-10,12:50,12,Sunday,7,August,8,12.922971,77.551286,Banashankari,Assault,6,Rainy,Very High
2025-12-18,09:57,9,Thursday,4,December,12,12.985966,77.556845,Rajajinagar,Vandalism,7,Partly Cloudy,High
2025-06-12,10:52,10,Thursday,4,June,6,13.032126,77.547134,Yeshwanthpur,Vehicle Theft,3,Cloudy,Low
2026-03-01,18:42,18,Sunday,7,March,3,13.031593,77.546984,Yeshwanthpur,Fraud,6,Rainy,High
2026-09-28,17:06,17,Monday,1,September,9,12.918153,77.614613,BTM Layout,Assault,3,Sunny,High
2026-12-25,20:50,20,Friday,5,December,12,12.994781,77.557693,Rajajinagar,Theft,6,Cloudy,High
2026-06-06,08:39,8,Saturday,6,June,6,12.977066,77.756204,Whitefield,Accident,5,Rainy,High
2025-11-08,14:40,14,Saturday,6,November,11,13.036974,77.597866,Hebbal,Accident,6,Sunny,Low
2026-08-22,05:26,5,Saturday,6,August,8,12.845751,77.663232,Electronic City,Missing Person,8,Sunny,High
2025-11-17,14:26,14,Monday,1,November,11,13.043633,77.604684,Hebbal,Fraud,5,Rainy,Medium
2025-05-04,18:10,18,Sunday,7,May,5,12.920645,77.602422,BTM Layout,Assault,6,Sunny,Low
2025-07-21,15:49,15,Monday,1,July,7,12.909535,77.615204,BTM Layout,Vandalism,5,Rainy,High
2025-06-22,10:13,10,Sunday,7,June,6,12.916435,77.613685,BTM Layout,Cyber Crime,3,Cloudy,Medium
2026-08-24,18:06,18,Monday,1,August,8,13.035967,77.598109,Hebbal,Missing Person,3,Partly Cloudy,Low
2025-08-08,05:19,5,Friday,5,August,8,12.964732,77.750099,Whitefield,Vehicle Theft,3,Sunny,Medium
2025-03-12,07:36,7,Wednesday,3,March,3,13.025654,77.541153,Yeshwanthpur,Assault,9,Sunny,Very High
2026-10-31,13:05,13,Saturday,6,October,10,12.995931,77.577806,Malleshwaram,Robbery,9,Sunny,Very High
2026-05-27,11:15,11,Wednesday,3,May,5,12.846573,77.655315,Electronic City,Theft,5,Sunny,Medium
2025-06-12,07:09,7,Thursday,4,June,6,12.971398,77.748692,Whitefield,Vandalism,8,Rainy,Very High
2025-11-15,14:35,14,Saturday,6,November,11,12.915399,77.609364,BTM Layout,Accident,5,Cloudy,Low
2026-06-22,12:28,12,Monday,1,June,6,12.96993,77.750232,Whitefield,Vandalism,2,Rainy,Medium
2025-11-16,08:33,8,Sunday,7,November,11,12.93686,77.570605,Basavanagudi,Theft,7,Rainy,Low
2025-06-05,16:55,16,Thursday,4,June,6,12.946345,77.578705,Basavanagudi,Burglary,7,Cloudy,Very High
2026-09-11,17:00,17,Friday,5,September,9,12.937906,77.573579,Basavanagudi,Robbery,5,Sunny,Medium
2026-03-09,18:25,18,Monday,1,March,3,12.908628,77.614402,BTM Layout,Accident,2,Rainy,High
2026-05-01,19:51,19,Friday,5,May,5,12.989463,77.550548,Rajajinagar,Vandalism,4,Rainy,Medium
2026-03-21,18:41,18,Saturday,6,March,3,12.915762,77.476737,Kengeri,Robbery,4,Cloudy,Medium
2026-12-10,04:32,4,Thursday,4,December,12,12.929982,77.632131,Koramangala,Theft,9,Rainy,Low
2025-07-13,10:03,10,Sunday,7,July,7,12.98345,77.633188,Indiranagar,Robbery,3,Partly Cloudy,Low
2025-12-27,18:43,18,Saturday,6,December,12,13.006507,77.575202,Malleshwaram,Burglary,5,Sunny,Medium
2026-05-06,20:35,20,Wednesday,3,May,5,12.928245,77.552557,Banashankari,Vandalism,7,Sunny,Medium
2025-07-23,11:43,11,Wednesday,3,July,7,12.921891,77.602738,BTM Layout,Fraud,9,Partly Cloudy,Very High
2026-06-17,16:10,16,Wednesday,3,June,6,12.923931,77.545547,Banashankari,Fraud,4,Partly Cloudy,High
2025-06-09,08:23,8,Monday,1,June,6,12.95541,77.694857,Marathahalli,Accident,4,Sunny,Very High
2026-07-26,02:11,2,Sunday,7,July,7,12.929944,77.54861,Banashankari,Missing Person,6,Cloudy,Low
2026-02-03,07:02,7,Tuesday,2,February,2,13.033891,77.59056,Hebbal,Accident,3,Rainy,Low
2026-10-21,06:46,6,Wednesday,3,October,10,13.011191,77.567376,Malleshwaram,Vehicle Theft,6,Partly Cloudy,Very High
2026-03-04,08:31,8,Wednesday,3,March,3,12.988071,77.551949,Rajajinagar,Fraud,3,Rainy,Medium
2025-08-14,06:08,6,Thursday,4,August,8,12.973375,77.743685,Whitefield,Burglary,5,Partly Cloudy,High
2025-08-03,22:03,22,Sunday,7,August,8,12.967369,77.748988,Whitefield,Fraud,11,Partly Cloudy,Low
2025-10-02,20:51,20,Thursday,4,October,10,13.025336,77.54772,Yeshwanthpur,Vehicle Theft,7,Partly Cloudy,Low
2026-03-25,08:18,8,Wednesday,3,March,3,12.978095,77.640513,Indiranagar,Burglary,4,Cloudy,Low
2026-08-20,23:30,23,Thursday,4,August,8,12.916785,77.644002,HSR Layout,Vandalism,7,Cloudy,Medium
2026-10-24,06:08,6,Saturday,6,October,10,12.908339,77.64131,HSR Layout,Cyber Crime,4,Cloudy,High
2025-07-18,11:20,11,Friday,5,July,7,12.954156,77.69525,Marathahalli,Cyber Crime,6,Partly Cloudy,Very High
2026-03-27,04:41,4,Friday,5,March,3,12.918882,77.607057,BTM Layout,Theft,8,Cloudy,Very High
2025-06-05,00:47,0,Thursday,4,June,6,13.032427,77.536345,Yeshwanthpur,Vandalism,4,Partly Cloudy,Low
2026-04-06,15:32,15,Monday,1,April,4,13.009942,77.572437,Malleshwaram,Cyber Crime,2,Cloudy,Medium
2025-01-30,12:03,12,Thursday,4,January,1,12.974588,77.742535,Whitefield,Accident,4,Cloudy,Medium
2025-11-21,14:14,14,Friday,5,November,11,12.911064,77.633228,HSR Layout,Vandalism,1,Cloudy,Low
2026-10-21,17:21,17,Wednesday,3,October,10,12.96608,77.698074,Marathahalli,Accident,7,Partly Cloudy,High
2025-07-07,18:14,18,Monday,1,July,7,12.913249,77.61667,BTM Layout,Fraud,6,Cloudy,Very High
2025-12-14,23:27,23,Sunday,7,December,12,13.038794,77.598671,Hebbal,Robbery,8,Rainy,Medium
2026-12-28,20:40,20,Monday,1,December,12,12.918502,77.641729,HSR Layout,Missing Person,8,Rainy,High
2026-12-02,11:06,11,Wednesday,3,December,12,12.932174,77.543155,Banashankari,Theft,3,Rainy,Medium
2026-11-20,12:25,12,Friday,5,November,11,12.934899,77.631948,Koramangala,Assault,6,Partly Cloudy,High
2025-07-12,18:53,18,Saturday,6,July,7,12.907451,77.635425,HSR Layout,Assault,4,Partly Cloudy,Low
2026-04-02,05:06,5,Thursday,4,April,4,12.98806,77.553228,Rajajinagar,Vandalism,8,Rainy,Very High
2026-08-31,02:05,2,Monday,1,August,8,13.040013,77.599198,Hebbal,Fraud,11,Sunny,High
2025-04-02,19:01,19,Wednesday,3,April,4,13.043576,77.594849,Hebbal,Fraud,4,Cloudy,Medium
2026-10-16,02:58,2,Friday,5,October,10,12.912511,77.612587,BTM Layout,Accident,5,Sunny,High
2026-04-04,01:38,1,Saturday,6,April,4,12.930731,77.621625,Koramangala,Cyber Crime,6,Rainy,Low
2025-12-04,13:13,13,Thursday,4,December,12,12.973324,77.637076,Indiranagar,Cyber Crime,6,Partly Cloudy,High
2025-05-05,10:38,10,Monday,1,May,5,12.920693,77.479931,Kengeri,Cyber Crime,4,Partly Cloudy,Medium
2025-07-15,14:38,14,Tuesday,2,July,7,12.844108,77.656338,Electronic City,Assault,5,Partly Cloudy,Low
2026-03-25,10:58,10,Wednesday,3,March,3,13.034881,77.53819,Yeshwanthpur,Missing Person,1,Cloudy,Medium
2026-04-05,06:00,6,Sunday,7,April,4,12.956102,77.69127,Marathahalli,Missing Person,4,Sunny,Medium
2025-03-19,01:07,1,Wednesday,3,March,3,13.037191,77.594226,Hebbal,Vandalism,6,Partly Cloudy,High
2026-12-05,15:21,15,Saturday,6,December,12,12.978413,77.643958,Indiranagar,Cyber Crime,3,Cloudy,High
2025-12-03,04:02,4,Wednesday,3,December,12,13.035519,77.603784,Hebbal,Accident,9,Sunny,Medium
2025-07-06,06:40,6,Sunday,7,July,7,13.029012,77.597756,Hebbal,Fraud,10,Cloudy,High
2026-11-21,00:18,0,Saturday,6,November,11,12.911129,77.613633,BTM Layout,Missing Person,6,Partly Cloudy,Very High
2025-12-16,02:14,2,Tuesday,2,December,12,12.969604,77.754981,Whitefield,Fraud,7,Sunny,High
2026-03-31,04:42,4,Tuesday,2,March,3,12.849147,77.658923,Electronic City,Vehicle Theft,6,Cloudy,Medium
2026-02-20,16:24,16,Friday,5,February,2,12.849743,77.655139,Electronic City,Robbery,8,Partly Cloudy,Very High
2026-09-13,18:47,18,Sunday,7,September,9,12.841868,77.657946,Electronic City,Theft,4,Partly Cloudy,Medium
2025-09-19,04:41,4,Friday,5,September,9,12.909405,77.605325,BTM Layout,Vandalism,5,Rainy,Medium
2025-08-08,20:00,20,Friday,5,August,8,12.993875,77.553985,Rajajinagar,Vehicle Theft,9,Sunny,Low
2025-09-29,10:12,10,Monday,1,September,9,12.91211,77.60484,BTM Layout,Burglary,4,Sunny,Medium
2025-02-07,06:06,6,Friday,5,February,2,13.033383,77.59675,Hebbal,Robbery,5,Partly Cloudy,Medium
2025-06-22,02:59,2,Sunday,7,June,6,13.040148,77.59688,Hebbal,Burglary,7,Partly Cloudy,Low
2025-10-08,07:07,7,Wednesday,3,October,10,12.976285,77.635516,Indiranagar,Assault,9,Rainy,Very High
2026-03-11,08:19,8,Wednesday,3,March,3,12.931694,77.596427,Jayanagar,Fraud,4,Sunny,Very High
2025-07-27,06:01,6,Sunday,7,July,7,12.848001,77.663513,Electronic City,Theft,9,Partly Cloudy,Very High
2026-09-30,12:19,12,Wednesday,3,September,9,12.985689,77.643576,Indiranagar,Assault,4,Sunny,Very High
2025-09-06,14:42,14,Saturday,6,September,9,12.987312,77.549217,Rajajinagar,Vehicle Theft,7,Partly Cloudy,Medium
2025-09-08,03:48,3,Monday,1,September,9,12.967572,77.755814,Whitefield,Accident,7,Partly Cloudy,Very High
2025-12-14,09:12,9,Sunday,7,December,12,12.8414,77.663841,Electronic City,Vandalism,6,Rainy,High
2025-07-09,06:43,6,Wednesday,3,July,7,12.912256,77.603516,BTM Layout,Cyber Crime,3,Partly Cloudy,Low
2026-02-08,07:50,7,Sunday,7,February,2,13.036614,77.597343,Hebbal,Burglary,8,Rainy,High
2026-10-08,20:18,20,Thursday,4,October,10,12.944764,77.582906,Basavanagudi,Missing Person,2,Rainy,Low
2026-10-04,08:05,8,Sunday,7,October,10,12.920678,77.483338,Kengeri,Missing Person,6,Rainy,High
2025-12-08,08:02,8,Monday,1,December,12,12.912449,77.612467,BTM Layout,Assault,5,Sunny,Low
2025-10-27,01:47,1,Monday,1,October,10,12.936702,77.578116,Basavanagudi,Theft,12,Sunny,Very High
2025-05-09,00:27,0,Friday,5,May,5,12.989983,77.549469,Rajajinagar,Burglary,8,Sunny,Medium
2026-07-24,05:45,5,Friday,5,July,7,12.954705,77.700879,Marathahalli,Robbery,6,Sunny,High
2026-03-16,20:21,20,Monday,1,March,3,13.004488,77.566178,Malleshwaram,Accident,5,Sunny,Medium
2025-01-31,13:47,13,Friday,5,January,1,12.976323,77.634586,Indiranagar,Fraud,7,Partly Cloudy,High
2025-06-15,10:25,10,Sunday,7,June,6,12.925053,77.538981,Banashankari,Theft,6,Cloudy,High
2025-02-05,01:14,1,Wednesday,3,February,2,13.004057,77.572785,Malleshwaram,Burglary,9,Partly Cloudy,Very High
2025-02-27,19:26,19,Thursday,4,February,2,12.962982,77.696952,Marathahalli,Assault,4,Cloudy,Medium
2026-08-23,15:07,15,Sunday,7,August,8,12.93737,77.61708,Koramangala,Missing Person,6,Cloudy,Medium
2025-11-25,00:41,0,Tuesday,2,November,11,12.929275,77.587045,Jayanagar,Vandalism,7,Partly Cloudy,Very High
2026-02-03,20:09,20,Tuesday,2,February,2,12.913803,77.477256,Kengeri,Cyber Crime,9,Partly Cloudy,Very High
2025-11-09,12:34,12,Sunday,7,November,11,12.915933,77.476879,Kengeri,Vehicle Theft,6,Partly Cloudy,Very High
2026-08-30,06:32,6,Sunday,7,August,8,12.903612,77.646359,HSR Layout,Assault,7,Partly Cloudy,Very High
2026-05-30,14:57,14,Saturday,6,May,5,12.929986,77.539167,Banashankari,Cyber Crime,5,Rainy,Very High
2025-04-01,19:08,19,Tuesday,2,April,4,12.985432,77.561747,Rajajinagar,Burglary,6,Rainy,Very High
2025-03-22,16:40,16,Saturday,6,March,3,13.039166,77.601927,Hebbal,Missing Person,3,Partly Cloudy,Medium
2025-05-08,02:58,2,Thursday,4,May,5,12.962738,77.74218,Whitefield,Fraud,10,Rainy,Very High
2026-11-28,13:14,13,Saturday,6,November,11,12.917116,77.617992,BTM Layout,Missing Person,3,Partly Cloudy,Low
2025-03-25,20:13,20,Tuesday,2,March,3,12.974326,77.637919,Indiranagar,Assault,4,Rainy,Medium
2026-11-15,06:06,6,Sunday,7,November,11,12.964308,77.69863,Marathahalli,Vehicle Theft,3,Sunny,High
2026-06-01,00:57,0,Monday,1,June,6,12.939491,77.624894,Koramangala,Missing Person,6,Cloudy,Low
2025-05-16,14:28,14,Friday,5,May,5,12.992588,77.548579,Rajajinagar,Missing Person,3,Cloudy,High
2025-04-12,23:52,23,Saturday,6,April,4,12.948816,77.569166,Basavanagudi,Missing Person,8,Cloudy,Very High
2025-04-14,02:19,2,Monday,1,April,4,12.936638,77.62501,Koramangala,Accident,8,Sunny,High
2025-05-12,12:58,12,Monday,1,May,5,12.961869,77.697869,Marathahalli,Assault,1,Cloudy,Medium
2025-12-30,08:07,8,Tuesday,2,December,12,12.920018,77.477512,Kengeri,Cyber Crime,5,Rainy,Medium
2026-11-18,12:46,12,Wednesday,3,November,11,12.967893,77.748575,Whitefield,Fraud,5,Rainy,Medium
2026-10-10,09:33,9,Saturday,6,October,10,12.84476,77.660893,Electronic City,Missing Person,6,Sunny,Low
2025-01-21,13:16,13,Tuesday,2,January,1,12.946913,77.570267,Basavanagudi,Theft,3,Rainy,High
2026-02-12,02:05,2,Thursday,4,February,2,12.982032,77.64659,Indiranagar,Accident,7,Rainy,Medium
2025-06-02,12:17,12,Monday,1,June,6,13.032447,77.591905,Hebbal,Cyber Crime,5,Partly Cloudy,Low
2026-07-11,13:27,13,Saturday,6,July,7,12.851764,77.656217,Electronic City,Vandalism,6,Cloudy,High
2025-12-28,14:38,14,Sunday,7,December,12,13.000596,77.565592,Malleshwaram,Fraud,6,Cloudy,Medium
2026-10-11,03:07,3,Sunday,7,October,10,12.919733,77.479944,Kengeri,Cyber Crime,7,Rainy,Low
2025-10-05,04:39,4,Sunday,7,October,10,12.909789,77.642155,HSR Layout,Cyber Crime,13,Partly Cloudy,Very High
2025-06-26,02:29,2,Thursday,4,June,6,12.96122,77.692199,Marathahalli,Cyber Crime,5,Partly Cloudy,Very High
2026-12-12,05:24,5,Saturday,6,December,12,12.981115,77.648655,Indiranagar,Burglary,5,Partly Cloudy,Medium
2025-09-17,14:23,14,Wednesday,3,September,9,12.91857,77.64402,HSR Layout,Cyber Crime,2,Rainy,Medium
2025-12-30,20:53,20,Tuesday,2,December,12,13.029362,77.604053,Hebbal,Burglary,6,Partly Cloudy,Medium
2025-12-06,09:44,9,Saturday,6,December,12,12.837312,77.653537,Electronic City,Vehicle Theft,6,Sunny,Medium
2026-06-06,12:52,12,Saturday,6,June,6,12.990362,77.557511,Rajajinagar,Accident,4,Rainy,High
2025-05-30,01:26,1,Friday,5,May,5,12.962188,77.742371,Whitefield,Vandalism,7,Partly Cloudy,Medium
2026-01-21,19:15,19,Wednesday,3,January,1,12.915454,77.482156,Kengeri,Accident,6,Cloudy,High
2026-10-22,15:12,15,Thursday,4,October,10,12.962487,77.756762,Whitefield,Robbery,7,Partly Cloudy,High
2025-07-08,22:43,22,Tuesday,2,July,7,12.9223,77.601531,Jayanagar,Robbery,8,Rainy,Very High
2026-09-04,20:35,20,Friday,5,September,9,13.001773,77.563831,Malleshwaram,Vehicle Theft,6,Partly Cloudy,Low
2026-03-17,20:57,20,Tuesday,2,March,3,13.001651,77.566199,Malleshwaram,Missing Person,9,Rainy,High
2026-10-23,10:50,10,Friday,5,October,10,12.982858,77.648136,Indiranagar,Fraud,3,Rainy,Low
2025-09-15,15:47,15,Monday,1,September,9,12.906187,77.6391,HSR Layout,Accident,6,Partly Cloudy,High
2025-08-15,06:38,6,Friday,5,August,8,12.919846,77.485369,Kengeri,Robbery,6,Cloudy,High
2025-06-15,01:53,1,Sunday,7,June,6,12.923231,77.594028,Jayanagar,Burglary,10,Partly Cloudy,High
2025-03-09,22:27,22,Sunday,7,March,3,13.033424,77.595801,Hebbal,Vehicle Theft,11,Partly Cloudy,Low
2025-10-16,17:26,17,Thursday,4,October,10,12.997791,77.54888,Rajajinagar,Cyber Crime,2,Sunny,Low
2026-01-10,10:55,10,Saturday,6,January,1,12.945908,77.576462,Basavanagudi,Cyber Crime,3,Partly Cloudy,Low
2026-07-05,11:48,11,Sunday,7,July,7,12.848929,77.665068,Electronic City,Missing Person,4,Partly Cloudy,Very High
2025-01-12,13:56,13,Sunday,7,January,1,12.916268,77.60284,BTM Layout,Vandalism,7,Partly Cloudy,Medium
2026-11-03,16:59,16,Tuesday,2,November,11,12.952697,77.693268,Marathahalli,Cyber Crime,8,Sunny,Very High
2026-01-03,23:52,23,Saturday,6,January,1,12.921994,77.476694,Kengeri,Theft,11,Rainy,Very High
2026-06-08,10:24,10,Monday,1,June,6,12.972849,77.750354,Whitefield,Accident,2,Sunny,Low
2026-04-17,20:31,20,Friday,5,April,4,12.932837,77.595817,Jayanagar,Vehicle Theft,6,Cloudy,High
2025-05-28,08:12,8,Wednesday,3,May,5,12.908872,77.612341,BTM Layout,Vandalism,1,Cloudy,Medium
2026-10-01,21:31,21,Thursday,4,October,10,12.915974,77.608619,BTM Layout,Vandalism,5,Sunny,Medium
2026-03-09,08:01,8,Monday,1,March,3,12.972049,77.751791,Whitefield,Burglary,3,Partly Cloudy,High
2026-03-04,15:43,15,Wednesday,3,March,3,13.035207,77.595152,Hebbal,Assault,5,Sunny,Very High
2025-07-24,14:18,14,Thursday,4,July,7,12.932409,77.549021,Banashankari,Theft,7,Partly Cloudy,High
2025-11-12,10:39,10,Wednesday,3,November,11,13.032563,77.541503,Yeshwanthpur,Burglary,5,Cloudy,Low
2025-02-02,12:35,12,Sunday,7,February,2,13.043294,77.595531,Hebbal,Burglary,2,Sunny,Low
2025-10-13,14:33,14,Monday,1,October,10,12.93178,77.629217,Koramangala,Burglary,4,Rainy,Low
2026-03-08,13:26,13,Sunday,7,March,3,13.002392,77.56494,Malleshwaram,Assault,6,Partly Cloudy,High
2025-08-01,22:47,22,Friday,5,August,8,12.913848,77.612752,BTM Layout,Cyber Crime,6,Partly Cloudy,High
2025-04-27,11:05,11,Sunday,7,April,4,13.035106,77.599186,Hebbal,Burglary,1,Partly Cloudy,Medium
2025-12-15,00:47,0,Monday,1,December,12,12.929538,77.546858,Banashankari,Theft,8,Rainy,Low
2026-05-02,07:50,7,Saturday,6,May,5,12.936172,77.620935,Koramangala,Fraud,6,Partly Cloudy,Medium
2026-02-06,18:25,18,Friday,5,February,2,12.983789,77.554988,Rajajinagar,Vehicle Theft,8,Sunny,High
2026-07-26,08:34,8,Sunday,7,July,7,12.985565,77.561245,Rajajinagar,Accident,7,Rainy,Medium
2026-09-06,05:16,5,Sunday,7,September,9,12.918092,77.554744,Banashankari,Vehicle Theft,11,Partly Cloudy,Very High
2025-09-01,10:43,10,Monday,1,September,9,12.908325,77.634146,HSR Layout,Theft,6,Rainy,Medium
2026-11-03,04:11,4,Tuesday,2,November,11,12.975907,77.744174,Whitefield,Cyber Crime,3,Rainy,Medium
2026-12-24,14:59,14,Thursday,4,December,12,12.996249,77.549444,Rajajinagar,Assault,2,Rainy,High
2025-12-26,13:33,13,Friday,5,December,12,13.032256,77.593088,Hebbal,Vandalism,1,Sunny,Medium
2025-06-06,15:36,15,Friday,5,June,6,12.938828,77.578638,Basavanagudi,Accident,3,Sunny,Low
2025-02-19,00:43,0,Wednesday,3,February,2,12.965992,77.701036,Marathahalli,Robbery,3,Partly Cloudy,Low
2025-11-12,09:19,9,Wednesday,3,November,11,12.97687,77.742338,Whitefield,Fraud,6,Rainy,Medium
2025-06-03,01:33,1,Tuesday,2,June,6,12.83758,77.662619,Electronic City,Fraud,7,Rainy,High
2026-02-13,07:49,7,Friday,5,February,2,12.965613,77.755057,Whitefield,Vehicle Theft,2,Rainy,Medium
2026-07-29,21:34,21,Wednesday,3,July,7,12.946177,77.582224,Basavanagudi,Burglary,7,Rainy,Medium
2025-07-17,05:05,5,Thursday,4,July,7,12.997739,77.571343,Malleshwaram,Cyber Crime,5,Rainy,Very High
2025-09-21,20:47,20,Sunday,7,September,9,12.921785,77.546172,Banashankari,Accident,5,Cloudy,Medium
2025-07-12,23:10,23,Saturday,6,July,7,12.968058,77.755967,Whitefield,Assault,3,Partly Cloudy,Medium
2025-03-07,20:15,20,Friday,5,March,3,12.922477,77.611113,BTM Layout,Missing Person,4,Rainy,High
2025-04-21,19:58,19,Monday,1,April,4,12.984307,77.556055,Rajajinagar,Cyber Crime,6,Rainy,High
2025-01-07,08:00,8,Tuesday,2,January,1,12.844026,77.658073,Electronic City,Theft,9,Sunny,Very High
2026-05-23,21:45,21,Saturday,6,May,5,12.84016,77.654847,Electronic City,Fraud,10,Cloudy,Low
2026-11-05,08:31,8,Thursday,4,November,11,12.930886,77.625942,Koramangala,Cyber Crime,4,Rainy,Low
2026-01-15,02:58,2,Thursday,4,January,1,12.975255,77.747057,Whitefield,Vehicle Theft,4,Partly Cloudy,Low
2025-11-20,16:11,16,Thursday,4,November,11,13.032397,77.540855,Yeshwanthpur,Burglary,1,Partly Cloudy,Low
2026-04-13,07:31,7,Monday,1,April,4,12.938773,77.57297,Basavanagudi,Accident,2,Partly Cloudy,Medium
2025-12-28,08:54,8,Sunday,7,December,12,12.919728,77.61251,BTM Layout,Burglary,4,Partly Cloudy,Medium
2025-05-14,00:08,0,Wednesday,3,May,5,12.978579,77.638726,Indiranagar,Cyber Crime,6,Rainy,Low
2025-02-26,06:50,6,Wednesday,3,February,2,12.966973,77.755085,Whitefield,Cyber Crime,1,Partly Cloudy,Low
2026-03-13,20:55,20,Friday,5,March,3,12.947397,77.582251,Basavanagudi,Missing Person,9,Sunny,High
2025-04-06,15:05,15,Sunday,7,April,4,12.974687,77.754463,Whitefield,Accident,2,Sunny,Low
2026-06-07,00:17,0,Sunday,7,June,6,12.984872,77.561281,Rajajinagar,Fraud,7,Rainy,Low
2025-07-14,16:35,16,Monday,1,July,7,12.980144,77.635588,Indiranagar,Vehicle Theft,5,Partly Cloudy,Medium
2026-04-19,22:42,22,Sunday,7,April,4,13.002149,77.575261,Malleshwaram,Assault,4,Cloudy,Very High
2025-03-20,12:06,12,Thursday,4,March,3,12.926777,77.58698,Jayanagar,Vandalism,4,Partly Cloudy,Medium
2026-03-30,23:28,23,Monday,1,March,3,13.037277,77.600132,Hebbal,Vehicle Theft,9,Rainy,Medium
2025-10-15,01:37,1,Wednesday,3,October,10,12.924631,77.541719,Banashankari,Vandalism,5,Cloudy,Medium
2025-10-10,14:35,14,Friday,5,October,10,12.921521,77.475566,Kengeri,Missing Person,3,Cloudy,High
2025-05-21,13:01,13,Wednesday,3,May,5,13.028119,77.539089,Yeshwanthpur,Assault,3,Cloudy,Medium
2025-07-07,06:12,6,Monday,1,July,7,13.005541,77.569705,Malleshwaram,Missing Person,4,Partly Cloudy,Medium
2026-07-18,02:34,2,Saturday,6,July,7,13.008829,77.573999,Malleshwaram,Fraud,4,Cloudy,Low
2026-08-14,23:46,23,Friday,5,August,8,12.922909,77.549203,Banashankari,Burglary,8,Cloudy,Very High
2026-03-03,15:38,15,Tuesday,2,March,3,12.961971,77.702684,Marathahalli,Theft,4,Rainy,Low
2025-11-11,21:04,21,Tuesday,2,November,11,13.042703,77.596366,Hebbal,Vehicle Theft,8,Rainy,High
2026-10-09,07:20,7,Friday,5,October,10,12.986187,77.548957,Rajajinagar,Robbery,4,Cloudy,Low
2025-09-21,22:34,22,Sunday,7,September,9,12.914544,77.638526,HSR Layout,Fraud,10,Cloudy,Low
2025-01-12,17:54,17,Sunday,7,January,1,12.971849,77.634104,Indiranagar,Robbery,4,Rainy,Low
2026-04-04,18:00,18,Saturday,6,April,4,12.918288,77.595367,Jayanagar,Vandalism,5,Cloudy,Very High
2025-07-05,08:30,8,Saturday,6,July,7,12.971383,77.647582,Indiranagar,Theft,7,Sunny,Very High
2025-03-29,12:54,12,Saturday,6,March,3,13.039988,77.604699,Hebbal,Theft,6,Sunny,Low
2025-06-09,10:26,10,Monday,1,June,6,12.942847,77.62175,Koramangala,Accident,4,Sunny,Low
2025-10-22,16:36,16,Wednesday,3,October,10,13.003758,77.568957,Malleshwaram,Fraud,6,Sunny,Medium
2026-05-24,08:58,8,Sunday,7,May,5,12.915027,77.480023,Kengeri,Cyber Crime,6,Cloudy,Low
2025-12-09,20:17,20,Tuesday,2,December,12,13.02929,77.539847,Yeshwanthpur,Missing Person,8,Sunny,Very High
2025-06-19,19:03,19,Thursday,4,June,6,12.955687,77.702066,Marathahalli,Vehicle Theft,5,Partly Cloudy,Medium
2026-06-30,05:56,5,Tuesday,2,June,6,13.035515,77.54211,Yeshwanthpur,Assault,3,Rainy,High
2026-12-16,05:49,5,Wednesday,3,December,12,12.920045,77.603993,BTM Layout,Vandalism,8,Partly Cloudy,Very High
2025-03-19,19:22,19,Wednesday,3,March,3,13.0201,77.538583,Yeshwanthpur,Robbery,2,Rainy,Low
2026-07-04,08:41,8,Saturday,6,July,7,13.001764,77.571893,Malleshwaram,Accident,3,Sunny,Very High
2026-08-29,18:48,18,Saturday,6,August,8,13.022234,77.533951,Yeshwanthpur,Cyber Crime,4,Partly Cloudy,High
2026-02-14,02:50,2,Saturday,6,February,2,12.938221,77.578484,Basavanagudi,Assault,4,Sunny,Medium
2026-01-06,11:06,11,Tuesday,2,January,1,13.027803,77.537937,Yeshwanthpur,Assault,7,Cloudy,Very High
2026-08-31,17:41,17,Monday,1,August,8,13.030671,77.538212,Yeshwanthpur,Fraud,4,Partly Cloudy,High
2026-02-18,12:32,12,Wednesday,3,February,2,12.933891,77.57601,Basavanagudi,Fraud,4,Cloudy,Very High
2025-08-26,12:20,12,Tuesday,2,August,8,12.921253,77.543974,Banashankari,Robbery,6,Cloudy,Very High
2026-11-01,11:34,11,Sunday,7,November,11,13.021659,77.544199,Yeshwanthpur,Accident,6,Partly Cloudy,Very High
2026-07-26,08:04,8,Sunday,7,July,7,12.98098,77.634577,Indiranagar,Cyber Crime,6,Rainy,High
2025-10-19,01:19,1,Sunday,7,October,10,12.926473,77.585746,Jayanagar,Missing Person,6,Cloudy,Low
2025-01-09,15:43,15,Thursday,4,January,1,12.990801,77.553799,Rajajinagar,Robbery,4,Cloudy,Medium
2026-06-12,11:10,11,Friday,5,June,6,12.942199,77.619332,Koramangala,Fraud,2,Rainy,High
2025-06-27,17:28,17,Friday,5,June,6,12.976057,77.63459,Indiranagar,Vehicle Theft,4,Rainy,Medium
2026-01-16,23:22,23,Friday,5,January,1,12.921717,77.600274,Jayanagar,Robbery,5,Sunny,High
2026-01-10,14:39,14,Saturday,6,January,1,12.917809,77.595767,Jayanagar,Vehicle Theft,5,Cloudy,Medium
2025-09-20,22:54,22,Saturday,6,September,9,12.930645,77.545837,Banashankari,Fraud,8,Rainy,Very High
2026-02-25,17:52,17,Wednesday,3,February,2,12.912629,77.641876,HSR Layout,Vandalism,6,Cloudy,High
2026-03-14,03:48,3,Saturday,6,March,3,12.977083,77.747045,Whitefield,Vehicle Theft,14,Rainy,Very High
2026-08-12,22:00,22,Wednesday,3,August,8,12.975639,77.645697,Indiranagar,Assault,8,Sunny,Low
2026-10-01,09:04,9,Thursday,4,October,10,13.02257,77.540347,Yeshwanthpur,Assault,5,Rainy,High
2026-04-08,21:10,21,Wednesday,3,April,4,12.980027,77.641407,Indiranagar,Burglary,5,Partly Cloudy,Medium
2026-07-05,06:29,6,Sunday,7,July,7,13.00318,77.574791,Malleshwaram,Missing Person,3,Partly Cloudy,Low
2025-07-11,10:36,10,Friday,5,July,7,12.906524,77.489429,Kengeri,Assault,2,Partly Cloudy,Medium
2025-07-30,11:14,11,Wednesday,3,July,7,12.839536,77.654991,Electronic City,Vehicle Theft,5,Sunny,Medium
2026-01-22,19:36,19,Thursday,4,January,1,13.022489,77.545064,Yeshwanthpur,Cyber Crime,2,Cloudy,Low
2026-09-02,22:36,22,Wednesday,3,September,9,12.912987,77.60692,BTM Layout,Burglary,7,Rainy,Very High
2025-02-23,22:34,22,Sunday,7,February,2,12.842202,77.661257,Electronic City,Fraud,7,Partly Cloudy,Low
2025-02-15,03:11,3,Saturday,6,February,2,12.957272,77.696114,Marathahalli,Burglary,4,Rainy,Medium
2025-02-26,11:10,11,Wednesday,3,February,2,12.919001,77.487874,Kengeri,Robbery,4,Partly Cloudy,High
2025-10-16,17:30,17,Thursday,4,October,10,12.91359,77.631358,HSR Layout,Robbery,5,Partly Cloudy,Medium
2026-09-02,08:16,8,Wednesday,3,September,9,12.926987,77.588336,Jayanagar,Vandalism,5,Rainy,Medium
2025-05-04,15:35,15,Sunday,7,May,5,12.960888,77.696137,Marathahalli,Missing Person,6,Rainy,High
2025-04-22,14:27,14,Tuesday,2,April,4,12.852432,77.657398,Electronic City,Vehicle Theft,5,Rainy,Low
2026-08-02,20:33,20,Sunday,7,August,8,13.040343,77.598057,Hebbal,Fraud,7,Cloudy,Medium
2025-10-10,02:24,2,Friday,5,October,10,12.966246,77.689857,Marathahalli,Assault,6,Partly Cloudy,High
2026-04-12,15:12,15,Sunday,7,April,4,12.996088,77.547759,Rajajinagar,Robbery,4,Sunny,Low
2025-01-02,10:57,10,Thursday,4,January,1,12.966244,77.694325,Marathahalli,Vandalism,5,Sunny,Medium
2026-04-13,18:02,18,Monday,1,April,4,12.965669,77.693811,Marathahalli,Burglary,6,Cloudy,High
2026-10-22,17:11,17,Thursday,4,October,10,12.982547,77.64267,Indiranagar,Vandalism,5,Rainy,Medium
2025-02-09,18:38,18,Sunday,7,February,2,12.962494,77.755012,Whitefield,Robbery,7,Sunny,Low
2025-09-03,10:32,10,Wednesday,3,September,9,13.006588,77.569025,Malleshwaram,Burglary,1,Rainy,Medium
2025-02-26,11:53,11,Wednesday,3,February,2,13.042986,77.603339,Hebbal,Robbery,6,Cloudy,Very High
2025-06-17,00:44,0,Tuesday,2,June,6,12.974494,77.635125,Indiranagar,Theft,10,Sunny,Medium
2025-08-15,21:09,21,Friday,5,August,8,12.934329,77.57189,Basavanagudi,Accident,8,Rainy,High
2025-08-01,19:49,19,Friday,5,August,8,12.96452,77.698277,Marathahalli,Robbery,7,Cloudy,Very High
2025-11-28,12:29,12,Friday,5,November,11,12.993299,77.562241,Rajajinagar,Missing Person,1,Partly Cloudy,Low
2026-11-03,07:20,7,Tuesday,2,November,11,12.935278,77.572496,Basavanagudi,Vehicle Theft,3,Cloudy,Medium
2025-07-15,14:36,14,Tuesday,2,July,7,13.036048,77.601882,Hebbal,Vandalism,2,Sunny,Medium
2026-10-22,22:03,22,Thursday,4,October,10,12.953332,77.699908,Marathahalli,Vehicle Theft,11,Cloudy,Very High
2026-07-18,03:02,3,Saturday,6,July,7,12.910307,77.614241,BTM Layout,Vehicle Theft,8,Rainy,Low
2026-10-15,01:06,1,Thursday,4,October,10,12.844724,77.659291,Electronic City,Assault,6,Cloudy,Low
2026-02-27,14:11,14,Friday,5,February,2,12.839508,77.660956,Electronic City,Vehicle Theft,6,Partly Cloudy,Very High
2026-11-27,21:30,21,Friday,5,November,11,12.935598,77.572375,Basavanagudi,Assault,3,Partly Cloudy,Low
2026-12-28,14:45,14,Monday,1,December,12,12.907362,77.645722,HSR Layout,Vehicle Theft,7,Rainy,High
2025-10-07,23:34,23,Tuesday,2,October,10,12.925598,77.591938,Jayanagar,Burglary,6,Sunny,Low
2026-04-02,13:27,13,Thursday,4,April,4,12.959281,77.696737,Marathahalli,Robbery,1,Sunny,Medium
2026-04-25,06:44,6,Saturday,6,April,4,12.918582,77.590979,Jayanagar,Burglary,2,Cloudy,Low
2025-09-27,08:48,8,Saturday,6,September,9,13.001652,77.569319,Malleshwaram,Accident,4,Sunny,Medium
2026-11-26,22:53,22,Thursday,4,November,11,12.922786,77.550333,Banashankari,Vandalism,6,Rainy,Low
2025-07-13,03:25,3,Sunday,7,July,7,12.989923,77.557216,Rajajinagar,Theft,7,Partly Cloudy,High
2025-09-06,03:58,3,Saturday,6,September,9,13.033564,77.591554,Hebbal,Vandalism,6,Sunny,Low
2026-05-17,18:39,18,Sunday,7,May,5,12.923639,77.545778,Banashankari,Theft,11,Rainy,Very High
2025-09-09,20:20,20,Tuesday,2,September,9,12.97991,77.636435,Indiranagar,Cyber Crime,10,Partly Cloudy,High
2026-03-21,05:39,5,Saturday,6,March,3,13.03397,77.594047,Hebbal,Assault,4,Cloudy,High
2026-12-27,14:10,14,Sunday,7,December,12,12.929196,77.541489,Banashankari,Accident,6,Partly Cloudy,Low
2026-08-27,03:41,3,Thursday,4,August,8,12.928848,77.598415,Jayanagar,Burglary,10,Rainy,Very High
2025-06-23,20:26,20,Monday,1,June,6,12.917433,77.597189,Jayanagar,Burglary,7,Partly Cloudy,High
2025-08-16,20:06,20,Saturday,6,August,8,13.004939,77.56595,Malleshwaram,Robbery,5,Rainy,High
2025-10-20,22:16,22,Monday,1,October,10,12.922404,77.599814,Jayanagar,Fraud,11,Cloudy,High
2026-08-11,05:23,5,Tuesday,2,August,8,13.034655,77.596401,Hebbal,Vandalism,4,Rainy,High
2026-08-24,17:42,17,Monday,1,August,8,13.025091,77.532264,Yeshwanthpur,Accident,4,Rainy,High
2025-05-06,03:13,3,Tuesday,2,May,5,12.912442,77.635433,HSR Layout,Missing Person,11,Cloudy,High
2025-10-22,01:24,1,Wednesday,3,October,10,12.966423,77.747099,Whitefield,Vehicle Theft,9,Rainy,Medium
2026-12-07,06:27,6,Monday,1,December,12,12.848246,77.662194,Electronic City,Assault,3,Rainy,High
2026-04-12,08:34,8,Sunday,7,April,4,12.840505,77.656484,Electronic City,Assault,4,Sunny,Very High
2026-05-25,10:38,10,Monday,1,May,5,13.034976,77.53774,Yeshwanthpur,Fraud,9,Cloudy,Very High
2026-01-09,01:45,1,Friday,5,January,1,12.999195,77.570913,Malleshwaram,Cyber Crime,4,Cloudy,Low
2025-10-31,08:23,8,Friday,5,October,10,12.931556,77.627612,Koramangala,Fraud,4,Sunny,Medium
2026-03-02,14:08,14,Monday,1,March,3,12.968615,77.757167,Whitefield,Burglary,4,Sunny,Low
2026-08-11,14:30,14,Tuesday,2,August,8,12.927958,77.596399,Jayanagar,Theft,3,Partly Cloudy,Low
2025-12-19,18:51,18,Friday,5,December,12,12.842476,77.660809,Electronic City,Assault,2,Rainy,Medium
2026-01-14,21:31,21,Wednesday,3,January,1,12.904188,77.64091,HSR Layout,Missing Person,12,Partly Cloudy,Very High
2025-02-08,21:55,21,Saturday,6,February,2,12.925744,77.548254,Banashankari,Vandalism,6,Cloudy,Medium
2025-12-13,05:33,5,Saturday,6,December,12,12.843902,77.66172,Electronic City,Robbery,7,Partly Cloudy,Low
2026-04-18,19:48,19,Saturday,6,April,4,12.938565,77.630996,Koramangala,Fraud,7,Rainy,Medium
2026-10-08,12:45,12,Thursday,4,October,10,12.964111,77.700634,Marathahalli,Theft,4,Cloudy,High
2025-08-24,01:26,1,Sunday,7,August,8,12.90705,77.634033,HSR Layout,Missing Person,7,Sunny,Low
2025-12-30,05:05,5,Tuesday,2,December,12,13.036307,77.594535,Hebbal,Vehicle Theft,5,Cloudy,Low
2025-06-05,08:21,8,Thursday,4,June,6,12.925836,77.589665,Jayanagar,Missing Person,8,Sunny,Very High
2025-05-07,17:16,17,Wednesday,3,May,5,12.940504,77.632029,Koramangala,Vandalism,1,Partly Cloudy,Medium
2026-11-13,05:35,5,Friday,5,November,11,12.93878,77.582251,Basavanagudi,Theft,4,Cloudy,Medium
2026-01-23,03:40,3,Friday,5,January,1,12.978937,77.64545,Indiranagar,Cyber Crime,5,Rainy,Low
2025-01-16,18:31,18,Thursday,4,January,1,12.953839,77.694454,Marathahalli,Cyber Crime,8,Sunny,Very High
2026-08-14,20:54,20,Friday,5,August,8,12.930202,77.630756,Koramangala,Vandalism,9,Rainy,High
2025-03-18,18:15,18,Tuesday,2,March,3,12.83981,77.655918,Electronic City,Vehicle Theft,6,Rainy,Very High
2026-07-01,17:40,17,Wednesday,3,July,7,12.927344,77.619181,Koramangala,Burglary,8,Sunny,Very High
2026-06-24,13:59,13,Wednesday,3,June,6,12.848353,77.66161,Electronic City,Assault,3,Cloudy,Very High
2026-02-12,15:11,15,Thursday,4,February,2,12.918303,77.484331,Kengeri,Burglary,5,Sunny,Medium
2025-12-03,12:33,12,Wednesday,3,December,12,12.965714,77.74779,Whitefield,Theft,9,Sunny,Very High
2025-06-13,19:27,19,Friday,5,June,6,12.93545,77.622787,Koramangala,Theft,5,Sunny,Medium
2025-09-03,04:04,4,Wednesday,3,September,9,13.007621,77.565251,Malleshwaram,Robbery,5,Sunny,Medium
2025-04-27,03:13,3,Sunday,7,April,4,12.84972,77.656476,Electronic City,Cyber Crime,6,Partly Cloudy,Medium
2026-05-07,07:20,7,Thursday,4,May,5,12.998153,77.573428,Malleshwaram,Vandalism,5,Sunny,Medium
2026-03-18,00:41,0,Wednesday,3,March,3,12.932395,77.597267,Jayanagar,Assault,4,Cloudy,Low
2026-03-06,21:24,21,Friday,5,March,3,12.949064,77.567269,Basavanagudi,Burglary,10,Cloudy,Very High
2025-06-29,17:19,17,Sunday,7,June,6,12.940379,77.573497,Basavanagudi,Cyber Crime,10,Partly Cloudy,Very High
2025-07-23,20:25,20,Wednesday,3,July,7,13.042468,77.600836,Hebbal,Assault,7,Cloudy,Medium
2025-06-03,08:23,8,Tuesday,2,June,6,12.941367,77.62352,Koramangala,Fraud,5,Cloudy,Very High
2026-10-06,02:40,2,Tuesday,2,October,10,13.005231,77.569696,Malleshwaram,Theft,13,Cloudy,Very High
2025-09-02,04:08,4,Tuesday,2,September,9,12.917918,77.634198,HSR Layout,Vandalism,7,Rainy,High
2026-03-30,04:44,4,Monday,1,March,3,12.971723,77.636504,Indiranagar,Theft,11,Cloudy,Medium
2026-03-17,14:01,14,Tuesday,2,March,3,12.923912,77.593822,Jayanagar,Robbery,5,Rainy,Medium
2026-11-04,13:46,13,Wednesday,3,November,11,12.924176,77.597522,Jayanagar,Assault,5,Partly Cloudy,Very High
2025-06-14,20:10,20,Saturday,6,June,6,12.920196,77.617892,BTM Layout,Cyber Crime,5,Partly Cloudy,Medium
2025-04-07,03:08,3,Monday,1,April,4,12.931851,77.544336,Banashankari,Theft,5,Sunny,Very High
2026-02-14,11:50,11,Saturday,6,February,2,12.934584,77.577769,Basavanagudi,Robbery,7,Sunny,Very High
2026-04-01,08:16,8,Wednesday,3,April,4,12.849016,77.667403,Electronic City,Accident,4,Rainy,Low
2026-09-27,00:35,0,Sunday,7,September,9,12.993381,77.55665,Rajajinagar,Missing Person,8,Partly Cloudy,Low
2026-11-27,21:00,21,Friday,5,November,11,12.916713,77.63997,HSR Layout,Missing Person,7,Rainy,Low
2025-09-13,05:45,5,Saturday,6,September,9,12.921165,77.547358,Banashankari,Accident,2,Rainy,Medium
2026-08-25,08:57,8,Tuesday,2,August,8,12.921778,77.597191,Jayanagar,Fraud,7,Sunny,Very High
2026-02-15,12:48,12,Sunday,7,February,2,13.040182,77.592857,Hebbal,Missing Person,4,Partly Cloudy,High
2025-09-15,06:30,6,Monday,1,September,9,12.936542,77.618612,Koramangala,Missing Person,5,Sunny,High
2026-08-15,09:26,9,Saturday,6,August,8,12.93754,77.627209,Koramangala,Vehicle Theft,5,Cloudy,Medium
2026-10-08,02:41,2,Thursday,4,October,10,12.921959,77.608683,BTM Layout,Vehicle Theft,10,Cloudy,High
2026-07-30,07:51,7,Thursday,4,July,7,12.917875,77.597046,Jayanagar,Vehicle Theft,3,Partly Cloudy,Medium
2025-10-09,09:32,9,Thursday,4,October,10,12.933647,77.576111,Basavanagudi,Vandalism,7,Sunny,Very High
2026-12-31,00:14,0,Thursday,4,December,12,12.927908,77.592556,Jayanagar,Theft,6,Rainy,Medium
2025-07-31,02:42,2,Thursday,4,July,7,12.913951,77.645329,HSR Layout,Robbery,2,Cloudy,Low
2026-10-03,22:13,22,Saturday,6,October,10,12.929633,77.631481,Koramangala,Vandalism,9,Partly Cloudy,Very High
2026-08-18,08:22,8,Tuesday,2,August,8,12.998016,77.560903,Rajajinagar,Assault,6,Cloudy,Very High
2025-03-18,14:59,14,Tuesday,2,March,3,12.918927,77.616107,BTM Layout,Robbery,2,Partly Cloudy,Low
2025-05-13,22:32,22,Tuesday,2,May,5,12.906586,77.480363,Kengeri,Cyber Crime,5,Sunny,Medium
2026-09-28,13:36,13,Monday,1,September,9,12.93902,77.631805,Koramangala,Missing Person,1,Sunny,Medium
2025-08-01,04:31,4,Friday,5,August,8,12.974042,77.749373,Whitefield,Burglary,7,Sunny,High
2025-06-29,09:51,9,Sunday,7,June,6,12.938262,77.580486,Basavanagudi,Assault,5,Sunny,Low
2026-09-07,15:43,15,Monday,1,September,9,12.94366,77.577425,Basavanagudi,Missing Person,1,Partly Cloudy,Medium
2025-07-09,13:43,13,Wednesday,3,July,7,12.973517,77.742447,Whitefield,Robbery,2,Cloudy,Medium
2026-10-01,12:25,12,Thursday,4,October,10,12.844664,77.664032,Electronic City,Robbery,2,Cloudy,Medium
2025-03-29,03:22,3,Saturday,6,March,3,12.914992,77.645678,HSR Layout,Theft,11,Rainy,Medium
2026-11-01,12:49,12,Sunday,7,November,11,12.974591,77.745398,Whitefield,Accident,4,Sunny,Low
2025-04-10,09:26,9,Thursday,4,April,4,12.971741,77.644987,Indiranagar,Cyber Crime,6,Rainy,Very High
2025-12-21,05:08,5,Sunday,7,December,12,12.919993,77.546013,Banashankari,Cyber Crime,5,Cloudy,Very High
2026-12-13,18:01,18,Sunday,7,December,12,12.920407,77.542495,Banashankari,Robbery,4,Sunny,High
2025-10-06,19:21,19,Monday,1,October,10,12.920144,77.59558,Jayanagar,Cyber Crime,4,Sunny,High
2025-02-19,05:26,5,Wednesday,3,February,2,12.848519,77.665037,Electronic City,Accident,4,Partly Cloudy,Low
2026-05-13,06:41,6,Wednesday,3,May,5,12.996874,77.554608,Rajajinagar,Assault,2,Sunny,Low
2026-05-10,01:31,1,Sunday,7,May,5,12.947809,77.568209,Basavanagudi,Burglary,10,Partly Cloudy,Very High
2025-03-16,07:33,7,Sunday,7,March,3,12.912083,77.480988,Kengeri,Missing Person,3,Rainy,Low
2025-01-20,09:45,9,Monday,1,January,1,13.024322,77.535722,Yeshwanthpur,Accident,7,Sunny,High
2026-08-15,22:00,22,Saturday,6,August,8,12.996636,77.564947,Malleshwaram,Robbery,9,Partly Cloudy,Very High
2025-11-28,17:19,17,Friday,5,November,11,12.992306,77.548424,Rajajinagar,Vehicle Theft,3,Sunny,Low
2025-09-03,23:10,23,Wednesday,3,September,9,12.9816,77.646995,Indiranagar,Cyber Crime,5,Rainy,Low
2025-11-25,03:20,3,Tuesday,2,November,11,12.852074,77.65815,Electronic City,Missing Person,7,Cloudy,Low
2025-08-28,10:47,10,Thursday,4,August,8,12.913112,77.603436,BTM Layout,Fraud,5,Sunny,High
2026-03-20,07:22,7,Friday,5,March,3,12.91806,77.611623,BTM Layout,Vandalism,8,Cloudy,Very High
2025-01-18,17:15,17,Saturday,6,January,1,12.93918,77.617972,Koramangala,Fraud,4,Sunny,High
2025-05-30,05:10,5,Friday,5,May,5,12.845834,77.663338,Electronic City,Cyber Crime,4,Partly Cloudy,Low
2026-12-06,03:51,3,Sunday,7,December,12,12.958782,77.704703,Marathahalli,Vandalism,5,Cloudy,Low
2026-10-09,11:58,11,Friday,5,October,10,12.971442,77.746104,Whitefield,Accident,4,Sunny,Low
2026-06-17,06:36,6,Wednesday,3,June,6,12.987523,77.548753,Rajajinagar,Cyber Crime,3,Rainy,High
2026-08-30,22:55,22,Sunday,7,August,8,12.958724,77.693854,Marathahalli,Burglary,7,Rainy,Low
2025-07-03,23:25,23,Thursday,4,July,7,12.912994,77.609679,BTM Layout,Missing Person,9,Partly Cloudy,Very High
2026-08-16,16:50,16,Sunday,7,August,8,13.006688,77.576076,Malleshwaram,Accident,1,Cloudy,Low
2025-05-02,23:29,23,Friday,5,May,5,13.040084,77.601947,Hebbal,Vandalism,11,Rainy,Very High
2026-08-25,03:52,3,Tuesday,2,August,8,12.916985,77.640195,HSR Layout,Burglary,11,Cloudy,Very High
2026-09-09,22:34,22,Wednesday,3,September,9,12.926044,77.552133,Banashankari,Robbery,6,Partly Cloudy,Very High
2025-11-23,11:38,11,Sunday,7,November,11,12.919934,77.489361,Kengeri,Missing Person,6,Cloudy,High
2025-04-22,16:54,16,Tuesday,2,April,4,12.909137,77.483435,Kengeri,Burglary,3,Sunny,Low
2026-04-14,20:32,20,Tuesday,2,April,4,12.974084,77.754139,Whitefield,Missing Person,7,Sunny,Very High
2026-01-22,06:16,6,Thursday,4,January,1,13.026173,77.539369,Yeshwanthpur,Theft,5,Rainy,High
2025-03-13,21:45,21,Thursday,4,March,3,12.907849,77.479051,Kengeri,Vandalism,3,Cloudy,Medium
2025-07-21,23:58,23,Monday,1,July,7,12.851914,77.666896,Electronic City,Cyber Crime,5,Rainy,Low
2025-06-07,06:17,6,Saturday,6,June,6,12.946319,77.571931,Basavanagudi,Cyber Crime,5,Rainy,High
2025-09-07,18:29,18,Sunday,7,September,9,12.919292,77.474314,Kengeri,Fraud,5,Sunny,Medium
2026-07-18,01:53,1,Saturday,6,July,7,12.931003,77.553928,Banashankari,Assault,12,Rainy,Very High
2026-08-21,10:08,10,Friday,5,August,8,12.924904,77.539182,Banashankari,Assault,2,Cloudy,High
2025-06-30,17:53,17,Monday,1,June,6,12.989549,77.558248,Rajajinagar,Vandalism,5,Partly Cloudy,High
2026-11-06,13:23,13,Friday,5,November,11,12.917554,77.605217,BTM Layout,Theft,5,Cloudy,Medium
2025-01-03,02:18,2,Friday,5,January,1,12.912862,77.616435,BTM Layout,Missing Person,7,Cloudy,Low
2026-08-09,06:37,6,Sunday,7,August,8,12.847102,77.652985,Electronic City,Assault,6,Sunny,Medium
2025-09-04,05:23,5,Thursday,4,September,9,12.960444,77.694582,Marathahalli,Accident,5,Rainy,Very High
2026-09-11,06:56,6,Friday,5,September,9,12.9869,77.552838,Rajajinagar,Missing Person,2,Rainy,Low
2026-08-16,16:58,16,Sunday,7,August,8,12.939664,77.577087,Basavanagudi,Robbery,6,Sunny,Very High
2026-02-09,07:08,7,Monday,1,February,2,13.037731,77.599377,Hebbal,Fraud,4,Partly Cloudy,Low
2025-11-14,18:06,18,Friday,5,November,11,12.939549,77.630807,Koramangala,Cyber Crime,5,Sunny,Very High
2026-04-25,17:18,17,Saturday,6,April,4,12.909575,77.602204,BTM Layout,Robbery,2,Partly Cloudy,Medium
2026-03-26,04:04,4,Thursday,4,March,3,12.976746,77.743606,Whitefield,Vehicle Theft,6,Rainy,Low
2026-09-08,19:29,19,Tuesday,2,September,9,12.917374,77.646473,HSR Layout,Vandalism,4,Cloudy,Medium
2026-04-20,13:30,13,Monday,1,April,4,12.9114,77.482293,Kengeri,Cyber Crime,6,Rainy,Very High
2025-06-06,16:05,16,Friday,5,June,6,12.944901,77.573468,Basavanagudi,Burglary,3,Sunny,Very High
2025-01-06,09:13,9,Monday,1,January,1,13.010103,77.563648,Malleshwaram,Theft,3,Rainy,Medium
2025-11-25,02:15,2,Tuesday,2,November,11,12.948918,77.579074,Basavanagudi,Missing Person,7,Rainy,Very High
2025-08-16,17:10,17,Saturday,6,August,8,12.914367,77.613603,BTM Layout,Theft,5,Cloudy,Very High
2026-07-30,01:51,1,Thursday,4,July,7,13.029384,77.596185,Hebbal,Accident,9,Rainy,Very High
2025-07-21,13:05,13,Monday,1,July,7,12.93967,77.630383,Koramangala,Vehicle Theft,5,Partly Cloudy,Medium
2026-02-09,18:21,18,Monday,1,February,2,12.928716,77.62093,Koramangala,Assault,4,Partly Cloudy,Very High
2026-05-08,05:24,5,Friday,5,May,5,13.00743,77.569036,Malleshwaram,Robbery,1,Cloudy,Low
2026-03-29,20:48,20,Sunday,7,March,3,12.926155,77.541159,Banashankari,Burglary,6,Sunny,Medium
2026-01-31,00:57,0,Saturday,6,January,1,12.960563,77.696075,Marathahalli,Accident,2,Rainy,Low
2025-10-16,22:33,22,Thursday,4,October,10,12.846508,77.662037,Electronic City,Fraud,9,Cloudy,Very High
2026-07-03,02:26,2,Friday,5,July,7,13.008425,77.567739,Malleshwaram,Vehicle Theft,10,Rainy,High
2025-04-06,01:03,1,Sunday,7,April,4,13.004422,77.570132,Malleshwaram,Vehicle Theft,9,Rainy,High
2026-02-26,00:03,0,Thursday,4,February,2,12.988888,77.550887,Rajajinagar,Missing Person,4,Cloudy,High
2025-08-19,00:51,0,Tuesday,2,August,8,12.939104,77.618827,Koramangala,Theft,6,Rainy,Medium
2025-02-08,08:34,8,Saturday,6,February,2,12.931625,77.618107,Koramangala,Robbery,9,Sunny,Very High
2025-01-17,19:28,19,Friday,5,January,1,12.939427,77.630559,Koramangala,Missing Person,2,Partly Cloudy,Medium
2025-10-13,02:00,2,Monday,1,October,10,13.030328,77.540851,Yeshwanthpur,Assault,7,Sunny,Very High
2025-07-14,17:59,17,Monday,1,July,7,13.031614,77.533787,Yeshwanthpur,Robbery,3,Cloudy,Low
2025-07-17,09:00,9,Thursday,4,July,7,12.911623,77.48005,Kengeri,Fraud,4,Sunny,High
2025-03-18,22:35,22,Tuesday,2,March,3,13.03147,77.59436,Hebbal,Assault,9,Partly Cloudy,Very High
2026-12-20,11:07,11,Sunday,7,December,12,12.980832,77.638564,Indiranagar,Assault,9,Partly Cloudy,Very High
2025-05-27,01:27,1,Tuesday,2,May,5,12.984034,77.561066,Rajajinagar,Cyber Crime,10,Partly Cloudy,High
2026-09-05,18:29,18,Saturday,6,September,9,12.940324,77.616645,Koramangala,Assault,5,Partly Cloudy,Very High
2025-03-01,08:43,8,Saturday,6,March,3,12.964849,77.742774,Whitefield,Burglary,10,Partly Cloudy,Very High
2025-02-06,22:41,22,Thursday,4,February,2,12.927919,77.595596,Jayanagar,Fraud,7,Cloudy,Very High
2026-08-28,18:13,18,Friday,5,August,8,13.028534,77.534773,Yeshwanthpur,Burglary,1,Partly Cloudy,Low
2026-10-28,17:05,17,Wednesday,3,October,10,13.007441,77.576973,Malleshwaram,Assault,5,Sunny,High
2025-03-23,01:04,1,Sunday,7,March,3,12.911089,77.481711,Kengeri,Robbery,10,Cloudy,High
2026-07-15,18:09,18,Wednesday,3,July,7,12.975023,77.742481,Whitefield,Vehicle Theft,5,Partly Cloudy,Very High
2025-03-06,14:48,14,Thursday,4,March,3,12.838837,77.667147,Electronic City,Missing Person,6,Cloudy,Very High
2025-08-18,14:21,14,Monday,1,August,8,12.997814,77.56669,Malleshwaram,Cyber Crime,7,Cloudy,High
2026-08-03,00:55,0,Monday,1,August,8,13.025361,77.532433,Yeshwanthpur,Vandalism,6,Rainy,Medium
2025-05-16,19:34,19,Friday,5,May,5,13.036389,77.597597,Hebbal,Accident,1,Sunny,Low
2026-12-08,01:16,1,Tuesday,2,December,12,12.930198,77.593414,Jayanagar,Fraud,5,Cloudy,High
2026-04-02,01:07,1,Thursday,4,April,4,12.997995,77.572641,Malleshwaram,Fraud,7,Cloudy,High
2025-03-09,08:39,8,Sunday,7,March,3,12.990559,77.554369,Rajajinagar,Vehicle Theft,8,Sunny,High
2026-09-22,09:29,9,Tuesday,2,September,9,12.93698,77.577282,Basavanagudi,Vandalism,1,Rainy,Low
2026-12-05,08:03,8,Saturday,6,December,12,13.035464,77.59444,Hebbal,Burglary,7,Partly Cloudy,High
2025-12-09,16:03,16,Tuesday,2,December,12,12.984375,77.642161,Indiranagar,Assault,2,Sunny,Low
2025-10-23,06:20,6,Thursday,4,October,10,12.91804,77.617651,BTM Layout,Assault,5,Rainy,Low
2026-08-21,16:06,16,Friday,5,August,8,12.918155,77.482253,Kengeri,Fraud,5,Partly Cloudy,Very High
2026-08-27,08:32,8,Thursday,4,August,8,12.919753,77.60429,BTM Layout,Burglary,2,Partly Cloudy,Low
2026-04-19,13:38,13,Sunday,7,April,4,12.91496,77.6092,BTM Layout,Missing Person,4,Sunny,Low
2026-07-01,05:58,5,Wednesday,3,July,7,13.020647,77.540332,Yeshwanthpur,Theft,7,Rainy,High
2026-02-18,22:46,22,Wednesday,3,February,2,13.009981,77.564969,Malleshwaram,Theft,8,Rainy,High
2025-12-16,00:34,0,Tuesday,2,December,12,12.908695,77.611115,BTM Layout,Vandalism,5,Cloudy,Very High
2026-12-28,07:02,7,Monday,1,December,12,12.924133,77.595976,Jayanagar,Theft,5,Partly Cloudy,Low
2025-12-14,11:00,11,Sunday,7,December,12,12.921748,77.545333,Banashankari,Robbery,6,Cloudy,Low
2025-02-26,04:03,4,Wednesday,3,February,2,12.951783,77.69451,Marathahalli,Fraud,6,Sunny,Low
2025-02-01,12:56,12,Saturday,6,February,2,12.919373,77.589628,Jayanagar,Burglary,3,Sunny,Low
2026-09-27,01:31,1,Sunday,7,September,9,12.914957,77.642519,HSR Layout,Fraud,10,Sunny,Medium
2026-02-17,18:52,18,Tuesday,2,February,2,12.975463,77.644783,Indiranagar,Cyber Crime,8,Sunny,Very High
2025-03-29,13:02,13,Saturday,6,March,3,12.925178,77.55187,Banashankari,Accident,5,Partly Cloudy,Very High
2026-11-26,01:01,1,Thursday,4,November,11,12.972896,77.637412,Indiranagar,Theft,10,Partly Cloudy,Very High
2025-03-12,18:03,18,Wednesday,3,March,3,12.965734,77.750135,Whitefield,Assault,5,Partly Cloudy,Low
2025-05-27,08:10,8,Tuesday,2,May,5,12.966834,77.691379,Marathahalli,Vandalism,7,Cloudy,Very High
2025-05-07,16:40,16,Wednesday,3,May,5,12.978776,77.641854,Indiranagar,Vehicle Theft,4,Partly Cloudy,Medium
2025-08-30,06:05,6,Saturday,6,August,8,13.040585,77.593854,Hebbal,Cyber Crime,5,Cloudy,Low
2025-10-01,10:04,10,Wednesday,3,October,10,12.841614,77.657887,Electronic City,Vandalism,5,Sunny,Very High
2025-01-07,17:43,17,Tuesday,2,January,1,12.910593,77.478592,Kengeri,Theft,6,Partly Cloudy,Very High
2026-10-28,23:44,23,Wednesday,3,October,10,12.959899,77.70447,Marathahalli,Cyber Crime,8,Sunny,High
2025-03-11,05:25,5,Tuesday,2,March,3,12.965132,77.692784,Marathahalli,Cyber Crime,1,Sunny,Low
2025-06-21,00:19,0,Saturday,6,June,6,13.039489,77.597244,Hebbal,Assault,7,Partly Cloudy,Medium
2026-12-28,15:36,15,Monday,1,December,12,13.029305,77.536394,Yeshwanthpur,Accident,3,Cloudy,High
2026-08-05,17:24,17,Wednesday,3,August,8,12.977013,77.640915,Indiranagar,Theft,4,Sunny,Very High
2025-01-22,17:50,17,Wednesday,3,January,1,12.911724,77.618056,BTM Layout,Robbery,7,Rainy,Very High
2025-02-04,14:23,14,Tuesday,2,February,2,12.91617,77.6335,HSR Layout,Assault,5,Rainy,Low
2026-05-08,04:39,4,Friday,5,May,5,12.973123,77.751089,Whitefield,Cyber Crime,9,Rainy,Very High
2026-10-07,03:17,3,Wednesday,3,October,10,12.959685,77.696351,Marathahalli,Vehicle Theft,7,Sunny,Medium
2025-08-21,13:00,13,Thursday,4,August,8,13.043164,77.597401,Hebbal,Vehicle Theft,5,Rainy,Medium
2026-02-03,22:32,22,Tuesday,2,February,2,12.921634,77.54474,Banashankari,Assault,11,Cloudy,Very High
2026-03-11,19:53,19,Wednesday,3,March,3,12.91554,77.643263,HSR Layout,Theft,7,Rainy,Very High
2026-03-10,12:46,12,Tuesday,2,March,3,13.020379,77.540257,Yeshwanthpur,Missing Person,5,Sunny,Very High
2026-04-22,10:20,10,Wednesday,3,April,4,12.919528,77.546995,Banashankari,Vandalism,6,Cloudy,High
2025-10-14,02:33,2,Tuesday,2,October,10,12.959635,77.693221,Marathahalli,Vehicle Theft,8,Partly Cloudy,Very High
2026-06-17,12:28,12,Wednesday,3,June,6,12.990334,77.553615,Rajajinagar,Vandalism,6,Partly Cloudy,Very High
2025-04-16,12:25,12,Wednesday,3,April,4,13.042373,77.59009,Hebbal,Vandalism,1,Cloudy,Medium
2025-08-02,04:27,4,Saturday,6,August,8,12.942377,77.581331,Basavanagudi,Assault,6,Rainy,Low
2026-04-03,15:59,15,Friday,5,April,4,12.850337,77.657261,Electronic City,Fraud,8,Partly Cloudy,High
2025-12-11,19:24,19,Thursday,4,December,12,12.986495,77.561733,Rajajinagar,Fraud,5,Cloudy,High
2025-05-30,21:03,21,Friday,5,May,5,12.919585,77.548132,Banashankari,Assault,7,Rainy,Low
2026-11-08,23:12,23,Sunday,7,November,11,13.00634,77.567651,Malleshwaram,Cyber Crime,9,Cloudy,Low
2025-02-14,02:33,2,Friday,5,February,2,13.034123,77.594457,Hebbal,Cyber Crime,4,Cloudy,High
2026-04-24,09:37,9,Friday,5,April,4,12.953808,77.695071,Marathahalli,Burglary,4,Sunny,Very High
2025-01-29,09:09,9,Wednesday,3,January,1,12.912747,77.475752,Kengeri,Missing Person,4,Partly Cloudy,Very High
2026-01-21,10:41,10,Wednesday,3,January,1,12.93343,77.622925,Koramangala,Missing Person,6,Cloudy,Very High
2026-06-18,08:43,8,Thursday,4,June,6,12.933359,77.629144,Koramangala,Robbery,5,Cloudy,High
2025-07-01,17:32,17,Tuesday,2,July,7,12.922644,77.545267,Banashankari,Burglary,5,Sunny,Low
2025-09-21,00:41,0,Sunday,7,September,9,12.967025,77.693924,Marathahalli,Burglary,11,Cloudy,High
2026-07-11,05:44,5,Saturday,6,July,7,12.934688,77.577807,Basavanagudi,Theft,8,Cloudy,High
2026-11-05,23:29,23,Thursday,4,November,11,12.962772,77.754455,Whitefield,Fraud,7,Rainy,High
2025-06-02,20:56,20,Monday,1,June,6,13.025334,77.545269,Yeshwanthpur,Accident,6,Cloudy,High
2026-09-12,14:38,14,Saturday,6,September,9,12.840164,77.664678,Electronic City,Assault,5,Rainy,Medium
2025-02-04,08:04,8,Tuesday,2,February,2,12.842523,77.663835,Electronic City,Robbery,5,Sunny,Low
2025-06-04,11:15,11,Wednesday,3,June,6,12.921844,77.60531,BTM Layout,Burglary,3,Partly Cloudy,Very High
2026-09-10,15:47,15,Thursday,4,September,9,12.922895,77.552354,Banashankari,Theft,10,Rainy,Very High
2026-11-04,06:14,6,Wednesday,3,November,11,12.929136,77.549333,Banashankari,Vandalism,4,Cloudy,Low
2026-05-08,21:45,21,Friday,5,May,5,12.93037,77.598429,Jayanagar,Accident,6,Cloudy,Low
2025-12-08,02:37,2,Monday,1,December,12,13.026396,77.546602,Yeshwanthpur,Missing Person,3,Cloudy,Low
2026-07-31,03:46,3,Friday,5,July,7,12.922731,77.544697,Banashankari,Vandalism,11,Rainy,Very High
2026-03-08,00:42,0,Sunday,7,March,3,12.920209,77.542882,Banashankari,Missing Person,10,Partly Cloudy,High
2025-10-09,10:30,10,Thursday,4,October,10,12.996752,77.560394,Rajajinagar,Vehicle Theft,5,Cloudy,Low
2026-10-07,11:31,11,Wednesday,3,October,10,13.03428,77.532468,Yeshwanthpur,Vehicle Theft,5,Rainy,Very High
2026-02-02,11:23,11,Monday,1,February,2,12.99869,77.569135,Malleshwaram,Burglary,4,Sunny,High
2025-09-12,06:49,6,Friday,5,September,9,12.992117,77.547799,Rajajinagar,Vandalism,1,Cloudy,Low
2025-05-22,18:00,18,Thursday,4,May,5,12.90698,77.487732,Kengeri,Missing Person,2,Partly Cloudy,Low
2025-12-03,08:05,8,Wednesday,3,December,12,12.943713,77.57903,Basavanagudi,Theft,3,Sunny,Low
2026-04-20,23:11,23,Monday,1,April,4,12.839305,77.654676,Electronic City,Robbery,6,Sunny,Low
2026-11-25,05:36,5,Wednesday,3,November,11,12.907102,77.481176,Kengeri,Burglary,3,Rainy,Medium
2026-07-06,11:04,11,Monday,1,July,7,12.838606,77.660549,Electronic City,Missing Person,3,Rainy,Medium
2025-06-21,16:22,16,Saturday,6,June,6,12.938133,77.627273,Koramangala,Missing Person,6,Partly Cloudy,Medium
2026-05-31,15:51,15,Sunday,7,May,5,12.919185,77.48935,Kengeri,Vehicle Theft,10,Sunny,Very High
2025-10-06,10:07,10,Monday,1,October,10,13.03065,77.536313,Yeshwanthpur,Missing Person,3,Sunny,Medium
2025-01-24,14:48,14,Friday,5,January,1,12.987252,77.558202,Rajajinagar,Accident,5,Cloudy,Low
2025-11-15,22:32,22,Saturday,6,November,11,12.981202,77.64635,Indiranagar,Missing Person,10,Cloudy,Medium
2025-02-13,19:32,19,Thursday,4,February,2,13.002163,77.571787,Malleshwaram,Robbery,4,Cloudy,High
2025-03-30,10:19,10,Sunday,7,March,3,12.998885,77.562129,Malleshwaram,Vandalism,4,Rainy,Medium
2025-10-24,22:51,22,Friday,5,October,10,12.922437,77.598754,Jayanagar,Vehicle Theft,9,Sunny,High
2025-12-24,23:09,23,Wednesday,3,December,12,12.988457,77.561726,Rajajinagar,Robbery,7,Cloudy,Medium
2025-04-25,19:58,19,Friday,5,April,4,12.974822,77.64372,Indiranagar,Missing Person,5,Sunny,Low
2025-11-06,05:50,5,Thursday,4,November,11,12.912538,77.487445,Kengeri,Fraud,5,Rainy,Very High
2025-09-05,21:53,21,Friday,5,September,9,13.040905,77.593616,Hebbal,Theft,9,Rainy,Low
2026-10-20,19:41,19,Tuesday,2,October,10,12.973143,77.743502,Whitefield,Cyber Crime,5,Sunny,High
2026-12-05,16:13,16,Saturday,6,December,12,12.91729,77.590757,Jayanagar,Fraud,5,Rainy,Medium
2025-02-28,10:55,10,Friday,5,February,2,13.032958,77.536667,Yeshwanthpur,Vehicle Theft,4,Partly Cloudy,Medium
2025-07-31,00:09,0,Thursday,4,July,7,12.942828,77.582815,Basavanagudi,Vandalism,3,Rainy,Medium
2026-04-08,23:20,23,Wednesday,3,April,4,12.983931,77.555233,Rajajinagar,Burglary,5,Rainy,Medium
2026-05-30,23:59,23,Saturday,6,May,5,13.029881,77.591456,Hebbal,Robbery,11,Sunny,Very High
2026-06-29,13:10,13,Monday,1,June,6,12.973515,77.645853,Indiranagar,Theft,3,Rainy,Low
2025-01-01,01:02,1,Wednesday,3,January,1,12.984267,77.560689,Rajajinagar,Cyber Crime,5,Sunny,Medium
2025-04-16,14:43,14,Wednesday,3,April,4,13.034096,77.59287,Hebbal,Vandalism,3,Sunny,Low
2025-10-26,05:52,5,Sunday,7,October,10,13.010741,77.564059,Malleshwaram,Vehicle Theft,9,Sunny,Very High
2026-06-13,19:11,19,Saturday,6,June,6,13.004163,77.576281,Malleshwaram,Robbery,3,Sunny,High
2026-06-26,02:38,2,Friday,5,June,6,12.94149,77.578033,Basavanagudi,Cyber Crime,8,Sunny,High
2025-01-07,21:39,21,Tuesday,2,January,1,12.932061,77.621162,Koramangala,Theft,6,Cloudy,Low
2025-11-21,10:34,10,Friday,5,November,11,13.007433,77.577593,Malleshwaram,Missing Person,4,Rainy,Medium
2026-02-03,10:05,10,Tuesday,2,February,2,12.949103,77.582299,Basavanagudi,Burglary,1,Cloudy,Low
2025-01-11,09:01,9,Saturday,6,January,1,12.986581,77.552484,Rajajinagar,Cyber Crime,3,Partly Cloudy,Very High
2026-11-10,16:09,16,Tuesday,2,November,11,12.997724,77.557168,Rajajinagar,Accident,5,Partly Cloudy,Low
2025-12-03,08:35,8,Wednesday,3,December,12,12.93142,77.553496,Banashankari,Vandalism,5,Cloudy,Medium
2025-01-28,21:32,21,Tuesday,2,January,1,12.928608,77.632099,Koramangala,Robbery,5,Cloudy,Low
2026-01-29,23:15,23,Thursday,4,January,1,12.99614,77.572175,Malleshwaram,Accident,9,Rainy,High
2026-03-20,22:25,22,Friday,5,March,3,12.942319,77.579174,Basavanagudi,Vandalism,9,Cloudy,High
2026-11-13,05:07,5,Friday,5,November,11,12.95163,77.704457,Marathahalli,Burglary,3,Partly Cloudy,Low
2026-11-12,03:38,3,Thursday,4,November,11,12.92959,77.632151,Koramangala,Burglary,8,Partly Cloudy,Low
2026-12-07,10:20,10,Monday,1,December,12,12.840373,77.664724,Electronic City,Accident,5,Partly Cloudy,Very High
2026-03-24,13:56,13,Tuesday,2,March,3,12.937338,77.574829,Basavanagudi,Accident,4,Rainy,Medium
2025-12-17,07:52,7,Wednesday,3,December,12,12.922584,77.541066,Banashankari,Fraud,1,Cloudy,Low
2026-03-07,21:46,21,Saturday,6,March,3,12.965967,77.692692,Marathahalli,Accident,5,Rainy,Low
2026-03-25,07:25,7,Wednesday,3,March,3,12.974525,77.748289,Whitefield,Robbery,4,Partly Cloudy,Low
2025-03-04,13:32,13,Tuesday,2,March,3,13.030166,77.603965,Hebbal,Robbery,1,Partly Cloudy,Low
2025-06-01,19:18,19,Sunday,7,June,6,12.942781,77.581622,Basavanagudi,Vandalism,4,Rainy,Very High
2025-09-29,09:50,9,Monday,1,September,9,12.842197,77.655375,Electronic City,Missing Person,4,Cloudy,Medium
2026-10-19,10:49,10,Monday,1,October,10,12.971341,77.752124,Whitefield,Vehicle Theft,7,Sunny,Very High
2026-10-04,00:44,0,Sunday,7,October,10,12.847191,77.654399,Electronic City,Assault,10,Rainy,Very High
2025-09-22,22:16,22,Monday,1,September,9,12.976973,77.746749,Whitefield,Vehicle Theft,8,Partly Cloudy,Low
2026-02-10,11:40,11,Tuesday,2,February,2,12.973215,77.755266,Whitefield,Fraud,1,Cloudy,Low
2026-09-18,14:49,14,Friday,5,September,9,12.926213,77.595482,Jayanagar,Missing Person,1,Cloudy,Low
2026-06-10,07:38,7,Wednesday,3,June,6,12.965711,77.743048,Whitefield,Assault,3,Cloudy,High
2025-07-09,13:51,13,Wednesday,3,July,7,12.937855,77.578902,Basavanagudi,Theft,4,Sunny,Medium
2026-08-27,21:54,21,Thursday,4,August,8,12.968972,77.746393,Whitefield,Theft,8,Rainy,High
2026-12-11,21:51,21,Friday,5,December,12,12.904751,77.637197,HSR Layout,Accident,8,Cloudy,Medium
2025-09-15,17:41,17,Monday,1,September,9,12.910564,77.612743,BTM Layout,Burglary,6,Sunny,Very High
2025-06-22,01:59,1,Sunday,7,June,6,13.020737,77.545051,Yeshwanthpur,Accident,12,Cloudy,Very High
2026-08-31,05:26,5,Monday,1,August,8,12.985045,77.552184,Rajajinagar,Vandalism,5,Cloudy,High
2026-07-18,05:24,5,Saturday,6,July,7,12.914963,77.632894,HSR Layout,Missing Person,5,Cloudy,High
2025-10-31,16:58,16,Friday,5,October,10,12.994203,77.562106,Rajajinagar,Missing Person,6,Sunny,High
2026-02-07,16:54,16,Saturday,6,February,2,12.908795,77.476835,Kengeri,Accident,4,Rainy,Medium
2025-12-14,18:37,18,Sunday,7,December,12,12.932368,77.591543,Jayanagar,Burglary,7,Cloudy,Very High
2026-03-27,17:01,17,Friday,5,March,3,12.997231,77.557636,Rajajinagar,Fraud,4,Cloudy,High
2026-03-29,05:39,5,Sunday,7,March,3,13.023953,77.540745,Yeshwanthpur,Cyber Crime,5,Cloudy,Low
2026-05-05,13:44,13,Tuesday,2,May,5,12.992738,77.560755,Rajajinagar,Vandalism,4,Sunny,Low
2025-04-24,15:38,15,Thursday,4,April,4,12.913723,77.609777,BTM Layout,Fraud,6,Cloudy,Low
2025-12-17,22:27,22,Wednesday,3,December,12,13.004443,77.564772,Malleshwaram,Assault,9,Rainy,Low
2025-10-13,07:05,7,Monday,1,October,10,12.99729,77.548885,Rajajinagar,Vandalism,6,Cloudy,Very High
2026-04-17,12:39,12,Friday,5,April,4,12.987568,77.560194,Rajajinagar,Fraud,5,Cloudy,High
2025-04-23,23:12,23,Wednesday,3,April,4,13.025917,77.54238,Yeshwanthpur,Burglary,5,Rainy,Low
2025-05-30,02:30,2,Friday,5,May,5,12.914988,77.613059,BTM Layout,Assault,3,Sunny,Medium
2025-07-07,15:18,15,Monday,1,July,7,12.91773,77.475102,Kengeri,Robbery,4,Rainy,Low
2026-01-04,03:05,3,Sunday,7,January,1,12.996585,77.57457,Malleshwaram,Vehicle Theft,9,Sunny,High
2025-12-14,02:28,2,Sunday,7,December,12,13.022792,77.546397,Yeshwanthpur,Vandalism,9,Sunny,Medium
2025-10-19,12:38,12,Sunday,7,October,10,12.966367,77.753627,Whitefield,Vandalism,3,Sunny,Low
2025-02-03,08:55,8,Monday,1,February,2,12.920294,77.587954,Jayanagar,Fraud,2,Rainy,Medium
2026-05-10,16:47,16,Sunday,7,May,5,12.919083,77.598061,Jayanagar,Vandalism,6,Cloudy,Very High
2026-08-24,01:47,1,Monday,1,August,8,12.926725,77.541059,Banashankari,Missing Person,5,Rainy,Medium
2026-05-28,22:30,22,Thursday,4,May,5,12.837959,77.654844,Electronic City,Vehicle Theft,11,Sunny,Low
2025-06-05,20:42,20,Thursday,4,June,6,13.039098,77.596727,Hebbal,Vehicle Theft,8,Sunny,High
2025-10-05,00:16,0,Sunday,7,October,10,12.941987,77.6318,Koramangala,Accident,7,Partly Cloudy,Medium
2026-03-18,10:13,10,Wednesday,3,March,3,12.94087,77.570412,Basavanagudi,Cyber Crime,3,Partly Cloudy,High
2025-07-08,13:49,13,Tuesday,2,July,7,12.988145,77.554549,Rajajinagar,Missing Person,5,Rainy,Medium
2025-12-11,07:21,7,Thursday,4,December,12,12.961046,77.703796,Marathahalli,Accident,5,Sunny,Medium
2026-03-27,12:53,12,Friday,5,March,3,12.985109,77.643981,Indiranagar,Theft,7,Cloudy,High
2026-11-18,11:30,11,Wednesday,3,November,11,12.919348,77.589526,Jayanagar,Vehicle Theft,1,Rainy,Low
2025-04-12,01:57,1,Saturday,6,April,4,12.850492,77.655039,Electronic City,Robbery,9,Cloudy,Low
2026-08-25,10:56,10,Tuesday,2,August,8,12.955647,77.694932,Marathahalli,Robbery,4,Rainy,Very High
2025-03-31,06:22,6,Monday,1,March,3,12.919134,77.480915,Kengeri,Theft,4,Sunny,High
2025-12-08,23:13,23,Monday,1,December,12,12.965543,77.757702,Whitefield,Cyber Crime,4,Cloudy,Medium
2026-03-03,04:42,4,Tuesday,2,March,3,13.03185,77.595251,Hebbal,Vandalism,5,Rainy,Medium
2026-04-07,20:00,20,Tuesday,2,April,4,12.934102,77.622244,Koramangala,Theft,6,Sunny,Low
2026-02-14,11:08,11,Saturday,6,February,2,12.924786,77.588501,Jayanagar,Cyber Crime,7,Partly Cloudy,Low
2025-01-24,10:13,10,Friday,5,January,1,13.025399,77.534818,Yeshwanthpur,Robbery,6,Partly Cloudy,Very High
2026-06-03,17:25,17,Wednesday,3,June,6,12.998809,77.574444,Malleshwaram,Cyber Crime,5,Rainy,Medium
2025-05-22,13:54,13,Thursday,4,May,5,12.852006,77.659163,Electronic City,Theft,7,Sunny,Very High
2026-06-30,01:46,1,Tuesday,2,June,6,12.917136,77.603746,BTM Layout,Fraud,6,Sunny,Medium
2026-03-30,13:10,13,Monday,1,March,3,12.841558,77.66553,Electronic City,Vehicle Theft,4,Partly Cloudy,Low
2025-09-06,17:10,17,Saturday,6,September,9,12.918364,77.61206,BTM Layout,Burglary,7,Rainy,Medium
2026-11-08,19:52,19,Sunday,7,November,11,12.985942,77.63919,Indiranagar,Burglary,4,Partly Cloudy,Low
2026-10-18,07:51,7,Sunday,7,October,10,12.977356,77.640693,Indiranagar,Robbery,5,Rainy,Low
2026-03-05,19:22,19,Thursday,4,March,3,12.962375,77.692837,Marathahalli,Burglary,2,Partly Cloudy,Medium
2026-04-23,17:19,17,Thursday,4,April,4,12.907761,77.642467,HSR Layout,Cyber Crime,1,Rainy,Low
2025-05-16,07:56,7,Friday,5,May,5,12.839489,77.66775,Electronic City,Missing Person,5,Cloudy,Medium
2026-03-17,18:42,18,Tuesday,2,March,3,12.933613,77.574573,Basavanagudi,Theft,9,Sunny,Very High
2026-12-06,16:18,16,Sunday,7,December,12,13.003039,77.568874,Malleshwaram,Burglary,7,Sunny,Very High
2026-09-13,14:41,14,Sunday,7,September,9,12.906134,77.640961,HSR Layout,Accident,7,Cloudy,Low
2026-03-03,06:18,6,Tuesday,2,March,3,12.963561,77.756867,Whitefield,Theft,5,Partly Cloudy,High
2025-04-04,04:42,4,Friday,5,April,4,12.92186,77.589886,Jayanagar,Cyber Crime,8,Partly Cloudy,Low
2025-02-23,23:57,23,Sunday,7,February,2,12.938368,77.57678,Basavanagudi,Theft,10,Cloudy,Very High
2025-02-22,14:26,14,Saturday,6,February,2,12.978994,77.642479,Indiranagar,Missing Person,4,Cloudy,High
2025-01-21,15:08,15,Tuesday,2,January,1,13.027155,77.541852,Yeshwanthpur,Fraud,7,Sunny,Very High
2026-08-03,13:03,13,Monday,1,August,8,12.929043,77.601255,Jayanagar,Burglary,4,Sunny,Low
2025-01-17,11:47,11,Friday,5,January,1,12.951935,77.691473,Marathahalli,Vandalism,2,Cloudy,Low
2026-09-08,06:44,6,Tuesday,2,September,9,12.936431,77.617288,Koramangala,Robbery,6,Sunny,Very High
2026-12-16,02:57,2,Wednesday,3,December,12,12.931248,77.552293,Banashankari,Robbery,6,Sunny,High
2026-02-18,00:42,0,Wednesday,3,February,2,12.944391,77.568704,Basavanagudi,Burglary,7,Partly Cloudy,High
2025-11-15,14:37,14,Saturday,6,November,11,12.921034,77.616362,BTM Layout,Vandalism,4,Partly Cloudy,Low
2026-12-19,07:30,7,Saturday,6,December,12,12.918999,77.601295,Jayanagar,Missing Person,6,Partly Cloudy,Low
2026-11-01,11:34,11,Sunday,7,November,11,12.959624,77.701636,Marathahalli,Missing Person,7,Sunny,Very High
2025-06-04,18:58,18,Wednesday,3,June,6,12.916975,77.61764,BTM Layout,Cyber Crime,5,Cloudy,Medium
2025-05-18,21:28,21,Sunday,7,May,5,12.941819,77.62609,Koramangala,Assault,5,Cloudy,High
2025-11-02,09:57,9,Sunday,7,November,11,12.932978,77.545705,Banashankari,Vandalism,5,Partly Cloudy,Medium
2026-01-30,08:40,8,Friday,5,January,1,12.937899,77.574749,Basavanagudi,Theft,3,Rainy,Low
2025-07-06,06:47,6,Sunday,7,July,7,12.910698,77.479515,Kengeri,Theft,7,Partly Cloudy,Very High
2025-07-05,09:12,9,Saturday,6,July,7,12.973153,77.747296,Whitefield,Missing Person,7,Partly Cloudy,Very High
2025-12-02,23:25,23,Tuesday,2,December,12,12.911272,77.487415,Kengeri,Robbery,4,Partly Cloudy,High
2025-01-22,17:13,17,Wednesday,3,January,1,12.997863,77.554145,Rajajinagar,Missing Person,6,Sunny,High
2026-12-25,18:30,18,Friday,5,December,12,12.852421,77.663643,Electronic City,Vehicle Theft,4,Partly Cloudy,Low
2026-06-26,22:24,22,Friday,5,June,6,12.931423,77.540538,Banashankari,Vehicle Theft,5,Rainy,Medium
2026-12-04,16:53,16,Friday,5,December,12,13.038164,77.592658,Hebbal,Vehicle Theft,11,Rainy,Very High
2026-07-10,12:37,12,Friday,5,July,7,12.996871,77.557066,Rajajinagar,Assault,5,Rainy,Very High
2025-07-05,15:57,15,Saturday,6,July,7,12.917676,77.617074,BTM Layout,Burglary,5,Partly Cloudy,High
2025-05-01,22:58,22,Thursday,4,May,5,12.912788,77.633799,HSR Layout,Assault,7,Sunny,High
2026-08-08,05:24,5,Saturday,6,August,8,12.913884,77.609897,BTM Layout,Vandalism,6,Sunny,Low
2025-12-23,21:51,21,Tuesday,2,December,12,12.919401,77.613642,BTM Layout,Assault,5,Sunny,Low
2025-12-05,00:18,0,Friday,5,December,12,12.963174,77.745936,Whitefield,Missing Person,9,Sunny,Low
2025-05-07,03:39,3,Wednesday,3,May,5,12.844289,77.652415,Electronic City,Burglary,10,Partly Cloudy,Very High
2026-03-27,01:49,1,Friday,5,March,3,12.933904,77.576989,Basavanagudi,Vehicle Theft,4,Cloudy,High
2025-06-02,04:43,4,Monday,1,June,6,12.970872,77.641233,Indiranagar,Robbery,8,Cloudy,Medium
2025-08-13,14:22,14,Wednesday,3,August,8,12.992749,77.55557,Rajajinagar,Fraud,9,Sunny,Very High
2026-08-04,20:19,20,Tuesday,2,August,8,12.853147,77.666252,Electronic City,Fraud,10,Partly Cloudy,Very High
2026-04-30,20:39,20,Thursday,4,April,4,12.91609,77.602241,BTM Layout,Accident,6,Cloudy,Low
2026-09-18,14:58,14,Friday,5,September,9,13.041657,77.595861,Hebbal,Missing Person,5,Rainy,High
2026-04-13,18:42,18,Monday,1,April,4,12.92582,77.599478,Jayanagar,Accident,7,Partly Cloudy,Very High
2026-08-25,05:00,5,Tuesday,2,August,8,12.953715,77.701878,Marathahalli,Cyber Crime,5,Partly Cloudy,High
2026-12-10,02:14,2,Thursday,4,December,12,13.035491,77.547196,Yeshwanthpur,Fraud,5,Cloudy,High
2025-10-27,09:31,9,Monday,1,October,10,12.936743,77.571858,Basavanagudi,Vandalism,6,Sunny,High
2026-08-27,14:39,14,Thursday,4,August,8,12.913115,77.643996,HSR Layout,Fraud,7,Sunny,High
2026-10-22,02:21,2,Thursday,4,October,10,12.925764,77.554061,Banashankari,Assault,7,Partly Cloudy,Very High
2025-06-21,14:24,14,Saturday,6,June,6,12.96468,77.757951,Whitefield,Vehicle Theft,8,Partly Cloudy,High
2025-07-14,11:43,11,Monday,1,July,7,12.911555,77.476128,Kengeri,Vandalism,2,Rainy,High
2026-03-16,23:34,23,Monday,1,March,3,12.912501,77.63528,HSR Layout,Missing Person,4,Sunny,Medium
2025-08-05,17:27,17,Tuesday,2,August,8,12.924145,77.547428,Banashankari,Fraud,9,Sunny,Very High
2026-05-09,23:13,23,Saturday,6,May,5,12.910364,77.481561,Kengeri,Burglary,11,Partly Cloudy,Very High
2025-11-09,22:10,22,Sunday,7,November,11,12.937033,77.580265,Basavanagudi,Assault,7,Sunny,Medium
2026-01-01,03:41,3,Thursday,4,January,1,13.042138,77.6038,Hebbal,Vandalism,4,Sunny,Low
2026-06-12,23:21,23,Friday,5,June,6,12.918851,77.476265,Kengeri,Vehicle Theft,4,Sunny,Low
2025-01-20,15:13,15,Monday,1,January,1,12.924045,77.611743,BTM Layout,Vehicle Theft,3,Partly Cloudy,Very High
2026-12-29,16:31,16,Tuesday,2,December,12,12.934687,77.580511,Basavanagudi,Burglary,2,Sunny,Medium
2026-05-05,15:11,15,Tuesday,2,May,5,12.934287,77.618469,Koramangala,Fraud,6,Rainy,Low
2026-12-24,20:56,20,Thursday,4,December,12,12.927047,77.554573,Banashankari,Vehicle Theft,8,Partly Cloudy,Low
2025-03-09,01:59,1,Sunday,7,March,3,12.975919,77.754374,Whitefield,Assault,7,Partly Cloudy,Very High
2025-10-31,10:51,10,Friday,5,October,10,12.851627,77.659952,Electronic City,Assault,3,Sunny,Low
2026-01-15,05:15,5,Thursday,4,January,1,12.932469,77.617817,Koramangala,Accident,2,Cloudy,Medium
2026-09-24,09:44,9,Thursday,4,September,9,12.962908,77.691935,Marathahalli,Assault,3,Rainy,High
2026-10-13,11:55,11,Tuesday,2,October,10,12.983467,77.634944,Indiranagar,Missing Person,4,Cloudy,Low
2026-09-18,10:43,10,Friday,5,September,9,12.918051,77.544948,Banashankari,Fraud,8,Rainy,Very High
2026-01-12,23:33,23,Monday,1,January,1,12.917867,77.59754,Jayanagar,Cyber Crime,7,Cloudy,Low
2026-07-10,01:34,1,Friday,5,July,7,12.968588,77.742088,Whitefield,Robbery,8,Partly Cloudy,High
2026-08-24,13:04,13,Monday,1,August,8,12.930444,77.551085,Banashankari,Missing Person,6,Rainy,Very High
2025-12-11,21:26,21,Thursday,4,December,12,12.9196,77.595344,Jayanagar,Robbery,9,Cloudy,Very High
2025-01-20,02:27,2,Monday,1,January,1,12.841573,77.657841,Electronic City,Accident,7,Rainy,Low
2025-11-23,18:53,18,Sunday,7,November,11,12.837366,77.659716,Electronic City,Missing Person,3,Sunny,Low
2026-01-21,11:52,11,Wednesday,3,January,1,12.962244,77.696505,Marathahalli,Assault,4,Partly Cloudy,High
2026-05-25,02:41,2,Monday,1,May,5,13.002251,77.567896,Malleshwaram,Robbery,10,Partly Cloudy,Very High
2025-06-11,18:11,18,Wednesday,3,June,6,12.987927,77.55185,Rajajinagar,Vehicle Theft,4,Cloudy,Medium
2025-12-28,07:55,7,Sunday,7,December,12,12.922047,77.476704,Kengeri,Cyber Crime,1,Partly Cloudy,Medium
2025-09-10,20:37,20,Wednesday,3,September,9,12.912931,77.604894,BTM Layout,Accident,7,Rainy,Medium
2025-12-09,03:11,3,Tuesday,2,December,12,12.971701,77.646283,Indiranagar,Vehicle Theft,7,Partly Cloudy,Medium
2025-03-02,22:14,22,Sunday,7,March,3,12.850604,77.663547,Electronic City,Vehicle Theft,10,Rainy,High
2026-12-31,23:34,23,Thursday,4,December,12,12.92049,77.489337,Kengeri,Burglary,10,Rainy,Very High
2025-10-17,07:13,7,Friday,5,October,10,12.980962,77.645706,Indiranagar,Vandalism,2,Partly Cloudy,Medium
2026-08-04,19:03,19,Tuesday,2,August,8,12.921133,77.541563,Banashankari,Theft,1,Partly Cloudy,Low
2026-09-08,22:35,22,Tuesday,2,September,9,12.939993,77.622011,Koramangala,Theft,8,Rainy,High
2026-11-23,19:14,19,Monday,1,November,11,12.921572,77.477905,Kengeri,Accident,5,Sunny,Low
2026-10-04,20:13,20,Sunday,7,October,10,12.924714,77.598745,Jayanagar,Theft,7,Rainy,Medium
2025-08-12,16:06,16,Tuesday,2,August,8,12.92404,77.587192,Jayanagar,Assault,1,Rainy,Medium
2026-12-17,14:39,14,Thursday,4,December,12,12.998001,77.574217,Malleshwaram,Theft,5,Partly Cloudy,Very High
2026-08-01,17:48,17,Saturday,6,August,8,12.914466,77.483785,Kengeri,Vehicle Theft,4,Sunny,Medium
2026-02-16,06:02,6,Monday,1,February,2,12.923115,77.547258,Banashankari,Cyber Crime,2,Sunny,Low
2026-08-08,22:19,22,Saturday,6,August,8,13.021595,77.541329,Yeshwanthpur,Cyber Crime,11,Rainy,Very High
2026-06-17,07:20,7,Wednesday,3,June,6,12.909251,77.605515,BTM Layout,Assault,4,Rainy,Low
2026-03-08,13:08,13,Sunday,7,March,3,12.924623,77.551715,Banashankari,Accident,4,Cloudy,High
2025-09-02,02:48,2,Tuesday,2,September,9,12.923634,77.59374,Jayanagar,Accident,2,Sunny,Low
2026-03-23,19:52,19,Monday,1,March,3,12.909658,77.476762,Kengeri,Theft,7,Rainy,Low
2026-11-16,19:13,19,Monday,1,November,11,12.940618,77.582362,Basavanagudi,Robbery,6,Cloudy,Very High
2026-06-21,13:15,13,Sunday,7,June,6,12.935951,77.57241,Basavanagudi,Fraud,3,Sunny,Medium
2025-03-11,08:06,8,Tuesday,2,March,3,12.969586,77.753639,Whitefield,Fraud,3,Rainy,Medium
2026-08-24,15:05,15,Monday,1,August,8,13.008845,77.575979,Malleshwaram,Accident,2,Partly Cloudy,Medium
2026-05-03,02:55,2,Sunday,7,May,5,12.850414,77.662573,Electronic City,Robbery,7,Rainy,High
2025-02-11,11:14,11,Tuesday,2,February,2,12.979603,77.643738,Indiranagar,Robbery,5,Sunny,High
2025-03-16,22:51,22,Sunday,7,March,3,12.933029,77.629399,Koramangala,Missing Person,4,Rainy,Low
2026-01-14,17:16,17,Wednesday,3,January,1,12.91779,77.598965,Jayanagar,Accident,6,Rainy,High
2026-12-29,13:53,13,Tuesday,2,December,12,12.97265,77.757067,Whitefield,Missing Person,7,Rainy,Very High
2025-05-10,21:32,21,Saturday,6,May,5,12.924337,77.604724,BTM Layout,Assault,7,Partly Cloudy,Medium
2025-02-17,08:34,8,Monday,1,February,2,12.996703,77.558618,Rajajinagar,Theft,5,Sunny,Very High
2025-07-12,05:03,5,Saturday,6,July,7,12.913303,77.631065,HSR Layout,Missing Person,8,Partly Cloudy,Very High
2025-01-19,13:21,13,Sunday,7,January,1,12.914629,77.486275,Kengeri,Robbery,5,Cloudy,Very High
2026-01-01,22:06,22,Thursday,4,January,1,12.993191,77.551967,Rajajinagar,Theft,6,Cloudy,High
2025-11-01,21:20,21,Saturday,6,November,11,12.909483,77.60895,BTM Layout,Fraud,13,Partly Cloudy,Very High
2026-07-10,06:33,6,Friday,5,July,7,13.036528,77.593195,Hebbal,Burglary,6,Partly Cloudy,High
2025-08-24,20:09,20,Sunday,7,August,8,12.967428,77.7475,Whitefield,Cyber Crime,7,Partly Cloudy,Low
2026-04-18,16:37,16,Saturday,6,April,4,12.934773,77.571902,Basavanagudi,Assault,9,Cloudy,Very High
2026-03-10,02:17,2,Tuesday,2,March,3,12.909465,77.483884,Kengeri,Burglary,6,Cloudy,Low
2026-01-23,21:19,21,Friday,5,January,1,12.987027,77.547517,Rajajinagar,Cyber Crime,7,Cloudy,Very High
2026-03-29,09:57,9,Sunday,7,March,3,12.914765,77.488702,Kengeri,Burglary,8,Cloudy,High
2025-07-10,23:11,23,Thursday,4,July,7,12.937271,77.625837,Koramangala,Theft,7,Partly Cloudy,Low
2025-01-23,05:12,5,Thursday,4,January,1,12.948492,77.568224,Basavanagudi,Assault,1,Cloudy,Low
2025-07-18,18:44,18,Friday,5,July,7,13.027818,77.535022,Yeshwanthpur,Accident,2,Sunny,High
2025-10-30,04:47,4,Thursday,4,October,10,12.916712,77.475347,Kengeri,Fraud,9,Cloudy,Low
2025-12-08,18:41,18,Monday,1,December,12,13.032266,77.595836,Hebbal,Fraud,7,Rainy,High
2025-08-16,08:47,8,Saturday,6,August,8,12.908756,77.645487,HSR Layout,Assault,6,Cloudy,High
2025-07-01,16:24,16,Tuesday,2,July,7,12.970872,77.646581,Indiranagar,Robbery,5,Cloudy,Medium
2026-04-25,00:20,0,Saturday,6,April,4,12.996372,77.557774,Rajajinagar,Cyber Crime,10,Partly Cloudy,Low
2026-12-14,04:41,4,Monday,1,December,12,12.930487,77.597646,Jayanagar,Assault,9,Sunny,High
2025-12-31,18:06,18,Wednesday,3,December,12,12.967827,77.744287,Whitefield,Burglary,3,Sunny,Medium
2026-05-11,18:28,18,Monday,1,May,5,12.850189,77.663553,Electronic City,Burglary,3,Rainy,High
2025-12-05,05:44,5,Friday,5,December,12,12.938216,77.624102,Koramangala,Accident,3,Cloudy,Medium
2026-07-21,15:15,15,Tuesday,2,July,7,12.841664,77.655327,Electronic City,Burglary,3,Partly Cloudy,High
2026-07-08,07:26,7,Wednesday,3,July,7,12.905459,77.631814,HSR Layout,Vandalism,4,Partly Cloudy,Medium
2026-03-14,06:58,6,Saturday,6,March,3,12.952155,77.69605,Marathahalli,Theft,7,Partly Cloudy,High
2025-08-11,15:46,15,Monday,1,August,8,13.027916,77.543255,Yeshwanthpur,Burglary,4,Cloudy,Very High
2026-09-24,04:53,4,Thursday,4,September,9,12.922876,77.593198,Jayanagar,Cyber Crime,9,Partly Cloudy,Very High
2025-10-31,02:26,2,Friday,5,October,10,12.989371,77.549339,Rajajinagar,Vehicle Theft,11,Sunny,Very High
2025-07-19,03:50,3,Saturday,6,July,7,12.916338,77.48119,Kengeri,Cyber Crime,3,Partly Cloudy,Low
2025-05-17,17:50,17,Saturday,6,May,5,12.912391,77.487571,Kengeri,Theft,4,Cloudy,High
2026-06-05,11:47,11,Friday,5,June,6,12.997969,77.559815,Rajajinagar,Assault,6,Sunny,High
2026-07-03,06:08,6,Friday,5,July,7,12.928282,77.623225,Koramangala,Fraud,4,Cloudy,Very High
2025-06-19,01:30,1,Thursday,4,June,6,12.910063,77.605486,BTM Layout,Fraud,10,Sunny,High
2026-03-16,01:45,1,Monday,1,March,3,12.980186,77.638466,Indiranagar,Burglary,3,Cloudy,Low
2025-12-15,05:40,5,Monday,1,December,12,12.918706,77.595832,Jayanagar,Vehicle Theft,5,Cloudy,Low
2025-03-07,16:47,16,Friday,5,March,3,12.839493,77.665073,Electronic City,Missing Person,4,Partly Cloudy,Very High
2026-10-27,19:28,19,Tuesday,2,October,10,12.953253,77.69512,Marathahalli,Theft,8,Cloudy,High
2025-08-05,21:53,21,Tuesday,2,August,8,12.925253,77.547524,Banashankari,Theft,10,Cloudy,Medium
2026-09-14,16:52,16,Monday,1,September,9,12.915719,77.475164,Kengeri,Assault,4,Rainy,High
2026-10-18,13:20,13,Sunday,7,October,10,12.969907,77.756817,Whitefield,Accident,5,Partly Cloudy,High
2025-09-17,08:09,8,Wednesday,3,September,9,12.930315,77.552924,Banashankari,Missing Person,7,Rainy,Very High
2026-05-28,01:22,1,Thursday,4,May,5,13.029335,77.534312,Yeshwanthpur,Fraud,10,Sunny,High
2025-10-04,18:53,18,Saturday,6,October,10,12.912197,77.638647,HSR Layout,Fraud,8,Partly Cloudy,High
2026-02-22,05:58,5,Sunday,7,February,2,12.986768,77.556608,Rajajinagar,Robbery,7,Partly Cloudy,High
2025-11-10,18:57,18,Monday,1,November,11,12.931875,77.542652,Banashankari,Missing Person,3,Partly Cloudy,High
2026-03-28,18:08,18,Saturday,6,March,3,12.918855,77.487099,Kengeri,Fraud,6,Rainy,Very High
2026-07-16,12:10,12,Thursday,4,July,7,12.923407,77.545692,Banashankari,Cyber Crime,6,Partly Cloudy,Very High
2026-09-09,12:33,12,Wednesday,3,September,9,12.918518,77.638705,HSR Layout,Fraud,5,Rainy,Very High
2026-11-30,19:48,19,Monday,1,November,11,12.90619,77.635935,HSR Layout,Assault,2,Partly Cloudy,Low
2026-05-21,14:48,14,Thursday,4,May,5,12.997503,77.57299,Malleshwaram,Assault,5,Rainy,Medium
2026-05-06,09:20,9,Wednesday,3,May,5,12.91758,77.553381,Banashankari,Fraud,8,Partly Cloudy,Very High
2025-08-30,11:09,11,Saturday,6,August,8,13.002154,77.566459,Malleshwaram,Robbery,6,Sunny,High
2025-06-22,05:54,5,Sunday,7,June,6,13.03434,77.60304,Hebbal,Fraud,8,Rainy,High
2025-01-12,16:12,16,Sunday,7,January,1,12.914062,77.48513,Kengeri,Vandalism,5,Sunny,Medium
2025-10-22,17:21,17,Wednesday,3,October,10,13.038669,77.59077,Hebbal,Burglary,4,Sunny,Medium
2025-07-20,21:14,21,Sunday,7,July,7,12.972289,77.638362,Indiranagar,Theft,13,Rainy,Very High
2025-06-11,07:20,7,Wednesday,3,June,6,12.928024,77.544041,Banashankari,Burglary,2,Rainy,Medium
2026-12-05,00:48,0,Saturday,6,December,12,12.903662,77.632627,HSR Layout,Fraud,7,Partly Cloudy,Medium
2026-02-07,09:50,9,Saturday,6,February,2,12.998331,77.572059,Malleshwaram,Vandalism,3,Cloudy,Medium
2025-03-11,04:00,4,Tuesday,2,March,3,12.934871,77.618942,Koramangala,Assault,4,Rainy,Low
2025-08-08,17:33,17,Friday,5,August,8,13.009877,77.575641,Malleshwaram,Vehicle Theft,2,Cloudy,Low
2026-03-30,21:10,21,Monday,1,March,3,12.923245,77.59494,Jayanagar,Robbery,6,Cloudy,High
2025-08-28,17:55,17,Thursday,4,August,8,12.974697,77.639127,Indiranagar,Burglary,7,Rainy,Very High
2025-08-11,19:34,19,Monday,1,August,8,13.031848,77.59466,Hebbal,Accident,1,Partly Cloudy,Low
2025-04-05,06:00,6,Saturday,6,April,4,12.918205,77.541682,Banashankari,Vehicle Theft,9,Sunny,High
2025-02-15,23:27,23,Saturday,6,February,2,13.021346,77.535248,Yeshwanthpur,Cyber Crime,6,Rainy,High
2025-12-28,20:00,20,Sunday,7,December,12,12.957784,77.705307,Marathahalli,Cyber Crime,3,Cloudy,Medium
2026-11-04,09:28,9,Wednesday,3,November,11,12.984604,77.644168,Indiranagar,Assault,6,Partly Cloudy,High
2026-08-20,15:28,15,Thursday,4,August,8,12.957514,77.696919,Marathahalli,Vehicle Theft,3,Partly Cloudy,Low
2025-12-10,15:55,15,Wednesday,3,December,12,12.961876,77.757429,Whitefield,Vehicle Theft,3,Cloudy,Low
2025-01-02,06:57,6,Thursday,4,January,1,12.938941,77.579842,Basavanagudi,Fraud,9,Partly Cloudy,Very High
2025-05-22,00:51,0,Thursday,4,May,5,12.91671,77.483682,Kengeri,Vandalism,6,Sunny,Very High
2025-09-28,07:30,7,Sunday,7,September,9,12.969289,77.748175,Whitefield,Theft,7,Partly Cloudy,High
2025-01-21,14:30,14,Tuesday,2,January,1,12.962068,77.757575,Whitefield,Assault,2,Partly Cloudy,Low
2026-12-19,03:10,3,Saturday,6,December,12,12.847667,77.660467,Electronic City,Theft,13,Sunny,Very High
2026-04-06,23:14,23,Monday,1,April,4,12.936032,77.574216,Basavanagudi,Burglary,2,Partly Cloudy,Medium
2026-10-06,06:10,6,Tuesday,2,October,10,13.000765,77.567135,Malleshwaram,Theft,7,Sunny,Low
2025-06-13,18:44,18,Friday,5,June,6,12.974666,77.747016,Whitefield,Missing Person,5,Cloudy,Very High
2025-08-11,00:57,0,Monday,1,August,8,12.940228,77.629528,Koramangala,Burglary,12,Cloudy,Very High
2025-05-07,07:39,7,Wednesday,3,May,5,12.93215,77.594631,Jayanagar,Missing Person,4,Partly Cloudy,High
2026-07-06,17:02,17,Monday,1,July,7,12.953982,77.693263,Marathahalli,Burglary,5,Sunny,Low
2025-07-20,17:04,17,Sunday,7,July,7,12.938462,77.571925,Basavanagudi,Theft,5,Cloudy,Medium
2025-08-02,18:43,18,Saturday,6,August,8,12.942702,77.579425,Basavanagudi,Vehicle Theft,5,Cloudy,Very High
2026-04-25,00:16,0,Saturday,6,April,4,12.912775,77.612395,BTM Layout,Fraud,10,Sunny,High
2026-08-16,22:06,22,Sunday,7,August,8,12.928957,77.625577,Koramangala,Burglary,13,Sunny,Very High
2026-09-28,07:59,7,Monday,1,September,9,12.990735,77.550352,Rajajinagar,Vehicle Theft,3,Cloudy,Very High
2025-12-10,17:51,17,Wednesday,3,December,12,12.908253,77.484555,Kengeri,Theft,4,Cloudy,Low
2025-11-30,14:12,14,Sunday,7,November,11,13.035887,77.5374,Yeshwanthpur,Fraud,3,Rainy,Low
2026-06-18,08:42,8,Thursday,4,June,6,13.035394,77.597849,Hebbal,Robbery,1,Cloudy,Medium
2025-10-01,20:16,20,Wednesday,3,October,10,12.942143,77.624878,Koramangala,Cyber Crime,8,Rainy,High
2026-03-30,05:07,5,Monday,1,March,3,12.912945,77.645229,HSR Layout,Fraud,4,Rainy,Medium
2026-02-25,19:34,19,Wednesday,3,February,2,12.958452,77.70038,Marathahalli,Fraud,5,Rainy,Low
2025-03-29,14:33,14,Saturday,6,March,3,13.02735,77.540905,Yeshwanthpur,Burglary,3,Cloudy,Medium
2026-05-17,00:30,0,Sunday,7,May,5,12.942371,77.628103,Koramangala,Fraud,12,Sunny,Very High
2026-05-15,03:29,3,Friday,5,May,5,12.955961,77.694096,Marathahalli,Vandalism,10,Sunny,Very High
2026-06-16,16:55,16,Tuesday,2,June,6,12.932375,77.590805,Jayanagar,Fraud,5,Sunny,Medium
2026-02-21,06:24,6,Saturday,6,February,2,13.008762,77.57608,Malleshwaram,Assault,4,Sunny,Low
2026-08-05,00:43,0,Wednesday,3,August,8,12.915459,77.484291,Kengeri,Accident,5,Rainy,Low
2025-09-30,03:20,3,Tuesday,2,September,9,12.941083,77.618682,Koramangala,Accident,4,Cloudy,Low
2026-02-11,08:58,8,Wednesday,3,February,2,12.932336,77.588128,Jayanagar,Cyber Crime,3,Rainy,High
2025-06-20,23:13,23,Friday,5,June,6,13.039847,77.603503,Hebbal,Assault,8,Sunny,High
2025-10-07,15:56,15,Tuesday,2,October,10,12.952057,77.693581,Marathahalli,Theft,2,Sunny,Medium
2025-05-01,10:37,10,Thursday,4,May,5,13.031368,77.532688,Yeshwanthpur,Theft,7,Sunny,Very High
2026-11-27,11:49,11,Friday,5,November,11,13.020021,77.543711,Yeshwanthpur,Vandalism,8,Partly Cloudy,Very High
2025-11-03,00:16,0,Monday,1,November,11,12.911406,77.635715,HSR Layout,Vandalism,3,Cloudy,High
2025-02-06,00:30,0,Thursday,4,February,2,12.9927,77.549724,Rajajinagar,Vehicle Theft,11,Sunny,Very High
2026-03-06,02:08,2,Friday,5,March,3,12.918973,77.589063,Jayanagar,Fraud,6,Partly Cloudy,Medium
2025-09-19,13:51,13,Friday,5,September,9,13.004378,77.564566,Malleshwaram,Vandalism,6,Cloudy,Very High
2025-12-22,02:49,2,Monday,1,December,12,12.919199,77.489162,Kengeri,Cyber Crime,8,Sunny,Very High
2025-11-26,12:36,12,Wednesday,3,November,11,12.936482,77.629179,Koramangala,Vandalism,3,Sunny,High
2025-08-03,17:50,17,Sunday,7,August,8,12.848636,77.655447,Electronic City,Vandalism,7,Rainy,Very High
2026-01-07,01:08,1,Wednesday,3,January,1,12.91916,77.591408,Jayanagar,Theft,7,Rainy,Low
2026-03-05,08:12,8,Thursday,4,March,3,13.029043,77.60017,Hebbal,Burglary,2,Partly Cloudy,Low
2026-05-16,13:01,13,Saturday,6,May,5,12.986179,77.555397,Rajajinagar,Vehicle Theft,6,Sunny,High
2025-05-29,09:01,9,Thursday,4,May,5,12.939471,77.618634,Koramangala,Cyber Crime,1,Partly Cloudy,Low
2026-07-13,08:03,8,Monday,1,July,7,12.910845,77.642987,HSR Layout,Cyber Crime,2,Rainy,Medium
2026-09-09,11:00,11,Wednesday,3,September,9,13.002967,77.568462,Malleshwaram,Fraud,6,Cloudy,Medium
2026-12-03,02:36,2,Thursday,4,December,12,12.92764,77.546363,Banashankari,Burglary,6,Cloudy,Medium
2025-03-07,19:48,19,Friday,5,March,3,12.953784,77.694137,Marathahalli,Cyber Crime,3,Partly Cloudy,Low
2026-03-01,15:02,15,Sunday,7,March,3,12.915552,77.609736,BTM Layout,Theft,10,Sunny,Very High
2025-04-07,19:22,19,Monday,1,April,4,13.038644,77.590246,Hebbal,Cyber Crime,6,Rainy,Very High
2025-03-27,16:22,16,Thursday,4,March,3,12.918676,77.609038,BTM Layout,Missing Person,6,Partly Cloudy,Very High
2025-06-09,21:31,21,Monday,1,June,6,12.918915,77.486031,Kengeri,Accident,5,Sunny,Medium
2025-12-30,13:24,13,Tuesday,2,December,12,12.9154,77.636295,HSR Layout,Assault,6,Rainy,High
2025-02-15,14:05,14,Saturday,6,February,2,13.042768,77.597497,Hebbal,Vehicle Theft,5,Rainy,Medium
2026-07-06,05:37,5,Monday,1,July,7,13.004838,77.568169,Malleshwaram,Robbery,4,Partly Cloudy,Very High
2026-09-08,09:33,9,Tuesday,2,September,9,12.921335,77.61367,BTM Layout,Burglary,4,Rainy,Medium
2026-04-05,07:10,7,Sunday,7,April,4,12.965334,77.697251,Marathahalli,Theft,7,Partly Cloudy,Medium
2025-08-23,23:12,23,Saturday,6,August,8,12.847727,77.653906,Electronic City,Vandalism,10,Rainy,Very High
2025-03-25,23:32,23,Tuesday,2,March,3,12.974498,77.744307,Whitefield,Burglary,6,Rainy,Medium
2026-06-22,17:53,17,Monday,1,June,6,12.844628,77.661721,Electronic City,Burglary,4,Cloudy,Medium
2026-03-18,20:39,20,Wednesday,3,March,3,12.985972,77.632878,Indiranagar,Accident,9,Rainy,High
2025-04-27,22:47,22,Sunday,7,April,4,12.849503,77.653642,Electronic City,Fraud,8,Cloudy,Medium
2026-04-26,14:19,14,Sunday,7,April,4,12.918276,77.608447,BTM Layout,Vehicle Theft,5,Partly Cloudy,High
2026-09-21,12:03,12,Monday,1,September,9,12.910358,77.615904,BTM Layout,Cyber Crime,5,Sunny,High
2025-02-19,01:38,1,Wednesday,3,February,2,12.947333,77.582767,Basavanagudi,Cyber Crime,4,Cloudy,High
2026-02-01,19:33,19,Sunday,7,February,2,12.973854,77.742211,Whitefield,Missing Person,3,Partly Cloudy,Low
2025-11-17,18:45,18,Monday,1,November,11,12.941283,77.623413,Koramangala,Vehicle Theft,3,Partly Cloudy,Medium
2026-08-02,08:09,8,Sunday,7,August,8,12.923235,77.606087,BTM Layout,Theft,7,Rainy,Medium
2026-07-27,04:34,4,Monday,1,July,7,13.031671,77.591153,Hebbal,Cyber Crime,6,Cloudy,Medium
2026-11-13,01:50,1,Friday,5,November,11,13.031701,77.597921,Hebbal,Missing Person,11,Rainy,Very High
2026-05-17,03:17,3,Sunday,7,May,5,12.97409,77.756061,Whitefield,Burglary,7,Rainy,Medium
2025-10-07,05:29,5,Tuesday,2,October,10,12.90403,77.63738,HSR Layout,Burglary,3,Cloudy,Very High
2025-03-04,08:23,8,Tuesday,2,March,3,12.944337,77.573654,Basavanagudi,Robbery,5,Cloudy,Medium
2025-03-21,15:31,15,Friday,5,March,3,12.97235,77.742103,Whitefield,Burglary,3,Cloudy,Medium
2026-11-09,00:28,0,Monday,1,November,11,12.928407,77.617627,Koramangala,Cyber Crime,9,Sunny,High
2025-11-02,20:55,20,Sunday,7,November,11,13.035628,77.542991,Yeshwanthpur,Accident,5,Sunny,Low
2026-12-29,21:49,21,Tuesday,2,December,12,12.921579,77.552896,Banashankari,Accident,4,Cloudy,Low
2026-01-14,21:10,21,Wednesday,3,January,1,12.921813,77.481769,Kengeri,Assault,4,Sunny,Medium
2026-03-10,04:02,4,Tuesday,2,March,3,12.928456,77.553241,Banashankari,Vandalism,3,Partly Cloudy,Low
2025-07-07,23:49,23,Monday,1,July,7,12.956306,77.702934,Marathahalli,Burglary,9,Cloudy,Very High
2026-09-01,20:42,20,Tuesday,2,September,9,12.969486,77.755502,Whitefield,Burglary,7,Partly Cloudy,High
2026-06-02,05:01,5,Tuesday,2,June,6,12.926625,77.554077,Banashankari,Missing Person,8,Cloudy,Very High
2026-04-23,02:48,2,Thursday,4,April,4,12.960378,77.697045,Marathahalli,Cyber Crime,5,Rainy,Medium
2026-08-05,08:47,8,Wednesday,3,August,8,12.929629,77.590734,Jayanagar,Vandalism,7,Partly Cloudy,High
2025-11-06,04:47,4,Thursday,4,November,11,13.034604,77.546882,Yeshwanthpur,Robbery,2,Rainy,Medium
2026-09-08,09:51,9,Tuesday,2,September,9,12.912485,77.63629,HSR Layout,Accident,2,Cloudy,Medium
2026-10-30,02:10,2,Friday,5,October,10,12.91048,77.615303,BTM Layout,Cyber Crime,5,Sunny,Medium
2026-11-04,16:48,16,Wednesday,3,November,11,13.002463,77.573239,Malleshwaram,Theft,5,Cloudy,High
2025-11-08,23:04,23,Saturday,6,November,11,12.929875,77.586835,Jayanagar,Robbery,5,Partly Cloudy,Low
2025-09-20,09:32,9,Saturday,6,September,9,12.946492,77.577228,Basavanagudi,Accident,6,Partly Cloudy,High
2026-01-27,09:55,9,Tuesday,2,January,1,13.031832,77.592121,Hebbal,Assault,4,Cloudy,High
2026-10-29,12:06,12,Thursday,4,October,10,12.976264,77.646645,Indiranagar,Assault,2,Partly Cloudy,Low
2026-08-25,13:33,13,Tuesday,2,August,8,12.906995,77.641994,HSR Layout,Cyber Crime,7,Partly Cloudy,Very High
2026-04-27,05:29,5,Monday,1,April,4,12.995997,77.569484,Malleshwaram,Missing Person,3,Sunny,High
2026-12-15,13:41,13,Tuesday,2,December,12,12.939481,77.573312,Basavanagudi,Theft,5,Sunny,Medium
2025-07-20,00:18,0,Sunday,7,July,7,12.910248,77.605176,BTM Layout,Accident,6,Sunny,Low
2025-01-11,22:09,22,Saturday,6,January,1,12.925993,77.590408,Jayanagar,Accident,6,Rainy,Medium
2026-06-09,04:42,4,Tuesday,2,June,6,12.997035,77.56266,Rajajinagar,Burglary,6,Rainy,Medium
2026-01-25,10:22,10,Sunday,7,January,1,12.846799,77.653635,Electronic City,Cyber Crime,3,Sunny,High
2026-08-13,00:03,0,Thursday,4,August,8,12.940641,77.578717,Basavanagudi,Theft,10,Partly Cloudy,High
2026-06-09,22:30,22,Tuesday,2,June,6,13.043272,77.592926,Hebbal,Robbery,9,Partly Cloudy,High
2025-12-22,00:24,0,Monday,1,December,12,12.924983,77.592412,Jayanagar,Accident,7,Rainy,Medium
2025-09-18,22:33,22,Thursday,4,September,9,12.919663,77.474917,Kengeri,Fraud,8,Partly Cloudy,High
2025-09-12,22:56,22,Friday,5,September,9,12.916937,77.474128,Kengeri,Vehicle Theft,7,Rainy,Medium
2025-11-11,01:56,1,Tuesday,2,November,11,12.841965,77.659708,Electronic City,Fraud,10,Sunny,Very High
2026-03-26,22:22,22,Thursday,4,March,3,12.983003,77.645586,Indiranagar,Theft,6,Cloudy,Medium
2026-12-07,06:53,6,Monday,1,December,12,12.919537,77.588938,Jayanagar,Vandalism,6,Rainy,Very High
2025-01-01,13:25,13,Wednesday,3,January,1,13.042769,77.601429,Hebbal,Missing Person,2,Sunny,Low
2026-08-22,14:11,14,Saturday,6,August,8,12.984367,77.549947,Rajajinagar,Vehicle Theft,4,Sunny,Medium
2026-07-28,08:21,8,Tuesday,2,July,7,12.911186,77.487313,Kengeri,Vandalism,3,Partly Cloudy,Medium
2026-09-17,10:52,10,Thursday,4,September,9,12.984467,77.637353,Indiranagar,Missing Person,7,Sunny,Very High
2026-04-26,14:29,14,Sunday,7,April,4,13.021318,77.532101,Yeshwanthpur,Vandalism,3,Rainy,Low
2025-10-30,15:35,15,Thursday,4,October,10,12.91896,77.550012,Banashankari,Cyber Crime,2,Cloudy,Medium
2025-06-30,05:50,5,Monday,1,June,6,12.851007,77.659149,Electronic City,Accident,1,Rainy,Low
2026-02-16,12:00,12,Monday,1,February,2,12.920387,77.617263,BTM Layout,Fraud,5,Rainy,Low
2025-09-17,19:49,19,Wednesday,3,September,9,13.003635,77.569084,Malleshwaram,Burglary,6,Cloudy,High
2025-04-03,16:06,16,Thursday,4,April,4,12.997037,77.566263,Malleshwaram,Assault,4,Rainy,Medium
2026-07-07,12:26,12,Tuesday,2,July,7,12.971739,77.743923,Whitefield,Assault,1,Sunny,Medium
2026-12-01,20:04,20,Tuesday,2,December,12,12.932731,77.599574,Jayanagar,Missing Person,4,Cloudy,Low
2026-02-20,02:39,2,Friday,5,February,2,12.919167,77.480794,Kengeri,Robbery,11,Cloudy,Very High
2026-11-17,18:11,18,Tuesday,2,November,11,12.920013,77.615581,BTM Layout,Accident,3,Cloudy,High
2026-04-30,20:45,20,Thursday,4,April,4,12.920933,77.478596,Kengeri,Accident,7,Sunny,Very High
2026-04-16,04:25,4,Thursday,4,April,4,12.922314,77.586705,Jayanagar,Assault,8,Cloudy,Low
2025-06-29,03:51,3,Sunday,7,June,6,12.960015,77.695992,Marathahalli,Accident,7,Cloudy,Low
2026-01-16,09:54,9,Friday,5,January,1,12.943741,77.577759,Basavanagudi,Vehicle Theft,8,Sunny,Very High
2025-08-26,10:30,10,Tuesday,2,August,8,12.969521,77.755168,Whitefield,Cyber Crime,4,Rainy,Medium
2026-03-02,02:01,2,Monday,1,March,3,12.917229,77.616473,BTM Layout,Accident,4,Partly Cloudy,Low
2025-01-13,09:28,9,Monday,1,January,1,13.001729,77.577447,Malleshwaram,Missing Person,7,Partly Cloudy,Very High
2026-07-18,23:14,23,Saturday,6,July,7,12.972427,77.754139,Whitefield,Cyber Crime,13,Rainy,Very High
2025-01-20,12:54,12,Monday,1,January,1,12.940694,77.630673,Koramangala,Accident,4,Sunny,Medium
2025-04-30,14:19,14,Wednesday,3,April,4,12.915906,77.604385,BTM Layout,Robbery,5,Cloudy,Low
2026-12-11,23:33,23,Friday,5,December,12,12.949373,77.579298,Basavanagudi,Robbery,5,Sunny,Very High
2025-12-26,14:08,14,Friday,5,December,12,13.024493,77.541358,Yeshwanthpur,Robbery,4,Cloudy,High
2026-03-25,02:05,2,Wednesday,3,March,3,12.984121,77.551312,Rajajinagar,Burglary,9,Rainy,Very High
2026-03-03,10:08,10,Tuesday,2,March,3,12.937426,77.579314,Basavanagudi,Vandalism,1,Rainy,Medium
2026-07-30,22:11,22,Thursday,4,July,7,12.946889,77.57232,Basavanagudi,Theft,7,Cloudy,Low
2025-10-18,16:30,16,Saturday,6,October,10,12.993992,77.551332,Rajajinagar,Theft,5,Cloudy,Very High
2026-12-28,11:57,11,Monday,1,December,12,12.839018,77.653466,Electronic City,Missing Person,5,Cloudy,High
2025-02-09,02:07,2,Sunday,7,February,2,13.041873,77.595699,Hebbal,Robbery,6,Cloudy,Very High
2026-09-24,15:54,15,Thursday,4,September,9,12.976708,77.744772,Whitefield,Robbery,1,Sunny,Low
2026-05-16,13:07,13,Saturday,6,May,5,13.032441,77.593002,Hebbal,Missing Person,4,Partly Cloudy,Medium
2025-08-10,01:12,1,Sunday,7,August,8,12.937232,77.622606,Koramangala,Assault,5,Rainy,High
2026-03-15,12:10,12,Sunday,7,March,3,12.967985,77.744187,Whitefield,Burglary,7,Sunny,Very High
2025-06-25,21:18,21,Wednesday,3,June,6,12.931517,77.546505,Banashankari,Fraud,7,Sunny,Very High
2025-10-06,20:40,20,Monday,1,October,10,12.948743,77.574406,Basavanagudi,Accident,5,Cloudy,High
2026-09-26,07:32,7,Saturday,6,September,9,12.842788,77.653798,Electronic City,Missing Person,9,Rainy,Very High
2025-03-11,03:56,3,Tuesday,2,March,3,12.849687,77.659027,Electronic City,Missing Person,10,Sunny,Very High
2026-09-29,11:44,11,Tuesday,2,September,9,13.008776,77.563074,Malleshwaram,Vandalism,2,Partly Cloudy,Medium
2025-10-14,09:31,9,Tuesday,2,October,10,12.95437,77.693345,Marathahalli,Burglary,4,Rainy,Low
2026-06-20,19:50,19,Saturday,6,June,6,12.916621,77.482805,Kengeri,Theft,2,Sunny,Low
2025-03-21,11:39,11,Friday,5,March,3,12.938397,77.580822,Basavanagudi,Vandalism,3,Sunny,Very High
2026-06-16,00:00,0,Tuesday,2,June,6,12.983841,77.562983,Rajajinagar,Robbery,5,Sunny,Low
2026-01-15,23:53,23,Thursday,4,January,1,12.973131,77.744284,Whitefield,Vehicle Theft,10,Rainy,Medium
2025-07-28,00:03,0,Monday,1,July,7,12.9229,77.615558,BTM Layout,Missing Person,7,Sunny,Very High
2025-09-13,13:16,13,Saturday,6,September,9,12.913796,77.615663,BTM Layout,Burglary,3,Cloudy,Low
2026-08-30,06:39,6,Sunday,7,August,8,12.930351,77.617444,Koramangala,Accident,2,Cloudy,Low
2025-10-05,20:03,20,Sunday,7,October,10,12.844055,77.653314,Electronic City,Theft,10,Partly Cloudy,Low
2026-11-26,04:15,4,Thursday,4,November,11,12.935752,77.620309,Koramangala,Missing Person,6,Sunny,High
2026-01-06,22:11,22,Tuesday,2,January,1,12.984238,77.639201,Indiranagar,Vehicle Theft,6,Partly Cloudy,High
2026-12-06,10:45,10,Sunday,7,December,12,12.919102,77.478955,Kengeri,Cyber Crime,3,Cloudy,Low
2026-09-21,15:06,15,Monday,1,September,9,12.941464,77.625829,Koramangala,Assault,8,Sunny,Very High
2026-10-21,18:59,18,Wednesday,3,October,10,12.929089,77.539848,Banashankari,Missing Person,7,Partly Cloudy,High
2025-02-03,10:35,10,Monday,1,February,2,12.910314,77.488137,Kengeri,Robbery,3,Rainy,Medium
2025-01-14,00:35,0,Tuesday,2,January,1,12.970558,77.756592,Whitefield,Theft,4,Cloudy,High
2025-06-06,12:43,12,Friday,5,June,6,12.906406,77.643899,HSR Layout,Missing Person,1,Partly Cloudy,Low
2026-12-18,21:05,21,Friday,5,December,12,12.925525,77.58754,Jayanagar,Burglary,6,Cloudy,Medium
2025-09-17,09:57,9,Wednesday,3,September,9,13.035445,77.540548,Yeshwanthpur,Vandalism,6,Rainy,Very High
2026-11-11,01:13,1,Wednesday,3,November,11,12.926467,77.591983,Jayanagar,Accident,8,Partly Cloudy,Medium
2026-04-19,01:12,1,Sunday,7,April,4,12.975491,77.755819,Whitefield,Robbery,9,Sunny,Low
2025-06-28,12:47,12,Saturday,6,June,6,12.975786,77.645229,Indiranagar,Vandalism,8,Cloudy,Very High
2025-01-14,05:11,5,Tuesday,2,January,1,12.918333,77.602702,BTM Layout,Vandalism,1,Sunny,Low
2026-10-30,07:57,7,Friday,5,October,10,13.024955,77.535993,Yeshwanthpur,Vehicle Theft,5,Cloudy,Very High
2025-12-09,09:13,9,Tuesday,2,December,12,12.919743,77.543668,Banashankari,Accident,4,Partly Cloudy,High
2026-10-11,20:40,20,Sunday,7,October,10,12.952961,77.699349,Marathahalli,Theft,14,Cloudy,Very High
2026-10-13,07:55,7,Tuesday,2,October,10,12.922746,77.593765,Jayanagar,Accident,4,Rainy,Low
2026-03-31,09:10,9,Tuesday,2,March,3,12.972621,77.64708,Indiranagar,Fraud,8,Cloudy,High
2026-09-14,00:49,0,Monday,1,September,9,12.907378,77.641064,HSR Layout,Assault,6,Cloudy,Low
2025-11-03,06:37,6,Monday,1,November,11,12.969547,77.756049,Whitefield,Missing Person,7,Sunny,High
2026-06-11,04:58,4,Thursday,4,June,6,12.915454,77.634783,HSR Layout,Theft,7,Cloudy,High
2025-09-13,12:03,12,Saturday,6,September,9,12.911534,77.604209,BTM Layout,Vehicle Theft,7,Rainy,Very High
2025-09-24,11:27,11,Wednesday,3,September,9,12.922977,77.59876,Jayanagar,Robbery,1,Partly Cloudy,Low
2025-01-21,19:38,19,Tuesday,2,January,1,12.942442,77.575701,Basavanagudi,Assault,1,Cloudy,Low
2026-08-07,07:35,7,Friday,5,August,8,13.028698,77.539018,Yeshwanthpur,Theft,5,Rainy,High
2026-08-08,02:18,2,Saturday,6,August,8,12.844724,77.66412,Electronic City,Vehicle Theft,11,Cloudy,Medium
2026-01-30,16:59,16,Friday,5,January,1,13.031625,77.545392,Yeshwanthpur,Vehicle Theft,9,Sunny,High
2026-12-23,14:39,14,Wednesday,3,December,12,12.984838,77.636629,Indiranagar,Vehicle Theft,6,Partly Cloudy,Very High
2026-08-15,18:26,18,Saturday,6,August,8,12.970665,77.643514,Indiranagar,Fraud,5,Cloudy,Medium
2025-12-13,04:57,4,Saturday,6,December,12,12.976136,77.642111,Indiranagar,Cyber Crime,6,Partly Cloudy,Medium
2026-08-19,13:58,13,Wednesday,3,August,8,13.003923,77.573513,Malleshwaram,Assault,3,Cloudy,Low
2026-03-13,21:59,21,Friday,5,March,3,12.977331,77.744871,Whitefield,Cyber Crime,6,Rainy,High
2025-07-05,13:14,13,Saturday,6,July,7,13.039981,77.602711,Hebbal,Missing Person,7,Rainy,High
2026-05-21,07:39,7,Thursday,4,May,5,12.981598,77.647082,Indiranagar,Vandalism,6,Partly Cloudy,High
2026-12-11,23:32,23,Friday,5,December,12,12.905807,77.645384,HSR Layout,Fraud,9,Cloudy,Very High
2026-08-11,18:15,18,Tuesday,2,August,8,12.928574,77.595883,Jayanagar,Robbery,5,Rainy,Medium
2025-01-13,14:05,14,Monday,1,January,1,12.911848,77.611197,BTM Layout,Missing Person,7,Partly Cloudy,Very High
2025-08-28,13:01,13,Thursday,4,August,8,13.00914,77.569883,Malleshwaram,Robbery,3,Cloudy,Low
2025-12-19,15:06,15,Friday,5,December,12,12.981591,77.6449,Indiranagar,Fraud,5,Rainy,Medium
2026-01-30,01:39,1,Friday,5,January,1,12.839228,77.661256,Electronic City,Assault,8,Partly Cloudy,Very High
2025-05-01,01:49,1,Thursday,4,May,5,12.908184,77.63953,HSR Layout,Missing Person,7,Sunny,Very High
2026-12-24,15:00,15,Thursday,4,December,12,12.917613,77.543208,Banashankari,Burglary,6,Rainy,High
2025-10-15,12:23,12,Wednesday,3,October,10,12.918354,77.5995,Jayanagar,Fraud,4,Partly Cloudy,Low
2025-02-13,06:11,6,Thursday,4,February,2,12.965896,77.70515,Marathahalli,Assault,5,Rainy,Very High
2025-09-12,20:46,20,Friday,5,September,9,12.928817,77.626425,Koramangala,Vandalism,4,Cloudy,Medium
2026-11-27,03:11,3,Friday,5,November,11,12.997431,77.556895,Rajajinagar,Vehicle Theft,9,Sunny,Medium
2025-06-11,09:15,9,Wednesday,3,June,6,13.007739,77.57457,Malleshwaram,Burglary,3,Rainy,Medium
2025-11-17,16:31,16,Monday,1,November,11,12.926887,77.542726,Banashankari,Vandalism,4,Partly Cloudy,Low
2026-10-30,02:41,2,Friday,5,October,10,12.939702,77.579941,Basavanagudi,Robbery,3,Cloudy,Low
2025-05-06,07:39,7,Tuesday,2,May,5,12.963232,77.743523,Whitefield,Burglary,5,Rainy,High
2025-04-29,01:16,1,Tuesday,2,April,4,13.035343,77.545355,Yeshwanthpur,Burglary,6,Partly Cloudy,Medium
2025-08-23,00:13,0,Saturday,6,August,8,12.917825,77.640164,HSR Layout,Accident,6,Rainy,Medium
2025-04-17,17:02,17,Thursday,4,April,4,12.93853,77.622163,Koramangala,Robbery,2,Sunny,Medium
2026-03-01,13:04,13,Sunday,7,March,3,12.921535,77.479254,Kengeri,Theft,7,Cloudy,Very High
2025-11-29,18:21,18,Saturday,6,November,11,12.97964,77.647488,Indiranagar,Robbery,5,Partly Cloudy,Low
2025-11-19,04:13,4,Wednesday,3,November,11,12.997447,77.559756,Rajajinagar,Theft,9,Rainy,Very High
2025-09-29,22:42,22,Monday,1,September,9,12.931236,77.593192,Jayanagar,Fraud,9,Cloudy,Medium
2025-03-12,16:16,16,Wednesday,3,March,3,12.92972,77.596251,Jayanagar,Vandalism,2,Sunny,Low
2026-03-17,21:26,21,Tuesday,2,March,3,13.00144,77.569463,Malleshwaram,Assault,6,Rainy,Very High
2025-09-02,13:59,13,Tuesday,2,September,9,13.038849,77.601237,Hebbal,Cyber Crime,6,Cloudy,High
2025-02-27,04:11,4,Thursday,4,February,2,12.964014,77.700432,Marathahalli,Assault,7,Rainy,Very High
2026-03-03,19:01,19,Tuesday,2,March,3,13.001795,77.564486,Malleshwaram,Missing Person,3,Sunny,Low
2026-03-09,02:37,2,Monday,1,March,3,13.021251,77.546538,Yeshwanthpur,Vandalism,6,Rainy,Medium
2025-01-23,08:52,8,Thursday,4,January,1,12.944053,77.571295,Basavanagudi,Missing Person,6,Cloudy,Very High
2025-02-16,00:18,0,Sunday,7,February,2,13.004634,77.572273,Malleshwaram,Fraud,10,Rainy,Low
2026-11-21,15:23,15,Saturday,6,November,11,13.007531,77.569055,Malleshwaram,Vandalism,5,Rainy,High
2025-10-25,22:27,22,Saturday,6,October,10,12.851665,77.65425,Electronic City,Cyber Crime,6,Rainy,Low
2025-12-12,19:20,19,Friday,5,December,12,12.906147,77.484721,Kengeri,Burglary,2,Partly Cloudy,Medium
2025-11-27,22:49,22,Thursday,4,November,11,12.964624,77.749726,Whitefield,Accident,8,Partly Cloudy,Low
2025-09-30,02:50,2,Tuesday,2,September,9,12.975723,77.639114,Indiranagar,Assault,7,Rainy,Low
2025-11-05,08:34,8,Wednesday,3,November,11,13.024774,77.534623,Yeshwanthpur,Fraud,6,Cloudy,High
2025-05-13,22:14,22,Tuesday,2,May,5,12.908827,77.488269,Kengeri,Vandalism,9,Rainy,High
2025-07-09,09:15,9,Wednesday,3,July,7,12.948171,77.580481,Basavanagudi,Theft,8,Partly Cloudy,Very High
2025-03-20,06:44,6,Thursday,4,March,3,13.03653,77.596793,Hebbal,Vandalism,3,Rainy,Medium
2025-12-10,00:29,0,Wednesday,3,December,12,12.941869,77.572416,Basavanagudi,Burglary,7,Partly Cloudy,Medium
2025-06-07,16:15,16,Saturday,6,June,6,13.028162,77.604224,Hebbal,Burglary,7,Partly Cloudy,High
2025-11-11,09:58,9,Tuesday,2,November,11,12.930115,77.595237,Jayanagar,Accident,2,Sunny,Low
2026-02-04,21:48,21,Wednesday,3,February,2,12.957753,77.703177,Marathahalli,Burglary,9,Rainy,Very High
2025-05-05,08:31,8,Monday,1,May,5,12.930799,77.61755,Koramangala,Burglary,5,Partly Cloudy,Very High
2025-05-16,13:50,13,Friday,5,May,5,12.929882,77.627495,Koramangala,Assault,2,Sunny,High
2026-12-15,01:43,1,Tuesday,2,December,12,12.923968,77.53964,Banashankari,Robbery,8,Rainy,High
2026-11-29,04:21,4,Sunday,7,November,11,12.970841,77.751157,Whitefield,Robbery,6,Rainy,Low
2025-09-23,11:47,11,Tuesday,2,September,9,12.917966,77.6138,BTM Layout,Accident,1,Sunny,Low
2026-09-11,19:56,19,Friday,5,September,9,12.995235,77.560303,Rajajinagar,Theft,5,Sunny,Medium
2025-07-02,23:00,23,Wednesday,3,July,7,12.920608,77.545596,Banashankari,Fraud,5,Sunny,Low
2025-04-17,16:57,16,Thursday,4,April,4,13.030097,77.600437,Hebbal,Theft,2,Partly Cloudy,Medium
2026-04-13,10:11,10,Monday,1,April,4,12.920705,77.59329,Jayanagar,Missing Person,2,Sunny,Medium
2026-02-03,05:00,5,Tuesday,2,February,2,13.003055,77.568756,Malleshwaram,Burglary,1,Rainy,Low
2026-07-26,18:46,18,Sunday,7,July,7,12.928112,77.625358,Koramangala,Theft,9,Rainy,Very High
2025-05-31,08:46,8,Saturday,6,May,5,12.906469,77.631861,HSR Layout,Theft,6,Rainy,High
2026-02-02,06:32,6,Monday,1,February,2,12.984402,77.63525,Indiranagar,Missing Person,3,Sunny,High
2025-09-30,04:23,4,Tuesday,2,September,9,13.031382,77.534102,Yeshwanthpur,Vehicle Theft,12,Partly Cloudy,Very High
2025-10-09,07:17,7,Thursday,4,October,10,13.029796,77.54376,Yeshwanthpur,Robbery,1,Rainy,Low
2026-11-05,11:30,11,Thursday,4,November,11,13.027801,77.591311,Hebbal,Accident,4,Cloudy,Low
2025-04-16,06:44,6,Wednesday,3,April,4,12.966204,77.70126,Marathahalli,Cyber Crime,5,Sunny,Medium
2026-07-23,07:35,7,Thursday,4,July,7,12.921677,77.60953,BTM Layout,Robbery,6,Cloudy,High
2026-02-12,11:43,11,Thursday,4,February,2,12.96634,77.754103,Whitefield,Missing Person,3,Cloudy,High
2026-10-21,01:14,1,Wednesday,3,October,10,12.962545,77.689924,Marathahalli,Assault,7,Cloudy,Medium
2026-10-22,23:06,23,Thursday,4,October,10,12.99183,77.555378,Rajajinagar,Robbery,9,Sunny,Low
2026-04-29,05:43,5,Wednesday,3,April,4,12.846602,77.663202,Electronic City,Vehicle Theft,5,Sunny,High
2025-06-01,05:44,5,Sunday,7,June,6,12.923027,77.542803,Banashankari,Missing Person,4,Partly Cloudy,Medium
2026-04-10,23:05,23,Friday,5,April,4,12.936086,77.624461,Koramangala,Fraud,7,Partly Cloudy,Very High
2026-07-10,03:19,3,Friday,5,July,7,13.029165,77.602606,Hebbal,Assault,5,Rainy,Low
2025-04-01,11:04,11,Tuesday,2,April,4,12.939141,77.630393,Koramangala,Fraud,2,Sunny,Low
2026-11-14,16:43,16,Saturday,6,November,11,12.917517,77.553485,Banashankari,Theft,10,Cloudy,Very High
2026-03-17,20:46,20,Tuesday,2,March,3,13.039287,77.589381,Hebbal,Missing Person,6,Cloudy,Medium
2026-09-22,22:54,22,Tuesday,2,September,9,12.994128,77.560008,Rajajinagar,Theft,5,Cloudy,Medium
2026-11-22,00:56,0,Sunday,7,November,11,12.93568,77.624683,Koramangala,Vehicle Theft,8,Partly Cloudy,Very High
2026-08-12,20:41,20,Wednesday,3,August,8,12.850681,77.667543,Electronic City,Vehicle Theft,7,Sunny,Low
2026-09-02,16:08,16,Wednesday,3,September,9,12.956451,77.702231,Marathahalli,Theft,2,Rainy,Medium
2026-07-27,18:29,18,Monday,1,July,7,12.955868,77.701939,Marathahalli,Cyber Crime,4,Sunny,Low
2026-04-02,20:30,20,Thursday,4,April,4,12.927762,77.599393,Jayanagar,Robbery,7,Cloudy,Medium
2026-10-26,21:38,21,Monday,1,October,10,12.982092,77.635404,Indiranagar,Assault,6,Partly Cloudy,Medium
2025-04-29,21:22,21,Tuesday,2,April,4,12.931149,77.62554,Koramangala,Vandalism,6,Sunny,Medium
2025-12-06,02:43,2,Saturday,6,December,12,12.988542,77.547583,Rajajinagar,Theft,11,Partly Cloudy,High
2025-02-02,15:58,15,Sunday,7,February,2,12.911031,77.606473,BTM Layout,Accident,3,Sunny,Low
2025-11-26,17:34,17,Wednesday,3,November,11,12.911177,77.613428,BTM Layout,Vehicle Theft,3,Cloudy,Low
2026-06-18,08:57,8,Thursday,4,June,6,12.927105,77.547858,Banashankari,Assault,3,Partly Cloudy,Very High
2025-07-05,21:57,21,Saturday,6,July,7,13.038208,77.603163,Hebbal,Vehicle Theft,8,Partly Cloudy,Medium
2026-11-01,13:56,13,Sunday,7,November,11,13.020721,77.540096,Yeshwanthpur,Vehicle Theft,5,Rainy,Low
2025-10-11,04:09,4,Saturday,6,October,10,12.931986,77.545839,Banashankari,Fraud,11,Partly Cloudy,High
2025-09-06,10:42,10,Saturday,6,September,9,12.975537,77.751839,Whitefield,Robbery,5,Rainy,High
2025-10-11,18:51,18,Saturday,6,October,10,12.965054,77.692155,Marathahalli,Fraud,7,Cloudy,Low
2025-12-05,20:25,20,Friday,5,December,12,12.995796,77.55555,Rajajinagar,Burglary,8,Rainy,Medium
2025-11-13,14:00,14,Thursday,4,November,11,12.841575,77.65902,Electronic City,Vandalism,5,Cloudy,Very High
2026-04-16,10:55,10,Thursday,4,April,4,12.93819,77.579627,Basavanagudi,Burglary,6,Cloudy,High
2026-01-31,19:42,19,Saturday,6,January,1,12.948957,77.568842,Basavanagudi,Robbery,3,Partly Cloudy,Medium
2025-01-31,02:18,2,Friday,5,January,1,12.974442,77.748682,Whitefield,Theft,9,Partly Cloudy,Very High
2026-11-12,11:56,11,Thursday,4,November,11,12.980965,77.636927,Indiranagar,Fraud,2,Rainy,Low
2025-09-28,06:52,6,Sunday,7,September,9,12.932965,77.593255,Jayanagar,Vehicle Theft,5,Sunny,Low
2025-09-03,17:35,17,Wednesday,3,September,9,12.91558,77.63176,HSR Layout,Cyber Crime,2,Partly Cloudy,Low
2025-04-01,23:20,23,Tuesday,2,April,4,12.985961,77.643383,Indiranagar,Cyber Crime,8,Sunny,Low
2026-08-16,18:25,18,Sunday,7,August,8,12.951417,77.701146,Marathahalli,Robbery,5,Partly Cloudy,High
2026-05-03,07:04,7,Sunday,7,May,5,13.002728,77.563219,Malleshwaram,Robbery,3,Partly Cloudy,Medium
2025-06-04,10:06,10,Wednesday,3,June,6,12.928226,77.591091,Jayanagar,Assault,5,Rainy,Medium
2026-11-12,13:42,13,Thursday,4,November,11,13.024597,77.53703,Yeshwanthpur,Cyber Crime,5,Sunny,High
2025-05-10,02:38,2,Saturday,6,May,5,12.918628,77.48147,Kengeri,Cyber Crime,6,Partly Cloudy,Medium
2026-03-23,16:05,16,Monday,1,March,3,13.000352,77.572483,Malleshwaram,Cyber Crime,5,Partly Cloudy,Medium
2025-03-29,16:34,16,Saturday,6,March,3,12.98351,77.646103,Indiranagar,Vandalism,6,Sunny,Low
2026-02-09,15:46,15,Monday,1,February,2,12.952148,77.702341,Marathahalli,Fraud,6,Partly Cloudy,Very High
2025-11-07,00:50,0,Friday,5,November,11,12.908949,77.484113,Kengeri,Theft,8,Cloudy,Low
2025-10-05,20:47,20,Sunday,7,October,10,12.920676,77.5998,Jayanagar,Cyber Crime,6,Cloudy,Medium
2026-09-06,16:46,16,Sunday,7,September,9,12.953982,77.69751,Marathahalli,Accident,7,Partly Cloudy,Medium
2025-09-09,16:44,16,Tuesday,2,September,9,12.938673,77.621868,Koramangala,Burglary,3,Partly Cloudy,Medium
2026-06-29,06:29,6,Monday,1,June,6,12.917359,77.640833,HSR Layout,Theft,5,Cloudy,Very High
2025-03-24,05:36,5,Monday,1,March,3,12.914113,77.481497,Kengeri,Theft,6,Cloudy,High
2025-06-25,08:31,8,Wednesday,3,June,6,12.961504,77.68976,Marathahalli,Vehicle Theft,3,Sunny,Low
2025-12-09,11:58,11,Tuesday,2,December,12,13.041494,77.60049,Hebbal,Cyber Crime,3,Cloudy,Low
2025-05-08,05:19,5,Thursday,4,May,5,13.029598,77.53686,Yeshwanthpur,Assault,7,Partly Cloudy,Very High
2026-01-09,17:51,17,Friday,5,January,1,13.02999,77.545907,Yeshwanthpur,Cyber Crime,5,Sunny,Medium
2025-09-28,04:39,4,Sunday,7,September,9,12.966081,77.748466,Whitefield,Theft,7,Rainy,Medium
2025-11-03,05:30,5,Monday,1,November,11,12.846009,77.662922,Electronic City,Vehicle Theft,6,Sunny,Medium
2026-06-08,05:20,5,Monday,1,June,6,12.91969,77.592773,Jayanagar,Fraud,5,Partly Cloudy,Low
2025-12-29,15:21,15,Monday,1,December,12,12.927686,77.542042,Banashankari,Robbery,2,Sunny,Medium
2025-02-02,10:38,10,Sunday,7,February,2,13.034579,77.596456,Hebbal,Accident,2,Rainy,Low
2025-08-19,16:27,16,Tuesday,2,August,8,12.982858,77.634274,Indiranagar,Vehicle Theft,5,Sunny,Medium
2026-10-26,16:25,16,Monday,1,October,10,12.845785,77.653829,Electronic City,Vehicle Theft,5,Partly Cloudy,Low
2026-01-09,00:14,0,Friday,5,January,1,12.973799,77.644172,Indiranagar,Fraud,9,Partly Cloudy,Medium
2026-05-17,19:10,19,Sunday,7,May,5,12.917896,77.615588,BTM Layout,Robbery,7,Partly Cloudy,Medium
2026-12-24,03:14,3,Thursday,4,December,12,12.930454,77.587941,Jayanagar,Vehicle Theft,9,Rainy,Very High
2026-11-24,11:53,11,Tuesday,2,November,11,12.913288,77.483429,Kengeri,Theft,3,Cloudy,Very High
2025-02-02,00:42,0,Sunday,7,February,2,12.916037,77.611259,BTM Layout,Assault,8,Partly Cloudy,Medium
2026-08-01,04:47,4,Saturday,6,August,8,13.042996,77.602991,Hebbal,Theft,8,Sunny,Low
2026-09-28,11:56,11,Monday,1,September,9,12.998113,77.572231,Malleshwaram,Vandalism,2,Rainy,Low
2025-06-29,02:24,2,Sunday,7,June,6,12.91848,77.485344,Kengeri,Fraud,7,Cloudy,Medium
2026-12-13,21:27,21,Sunday,7,December,12,12.915225,77.603861,BTM Layout,Cyber Crime,10,Sunny,Medium
2026-01-07,01:48,1,Wednesday,3,January,1,12.918571,77.590261,Jayanagar,Cyber Crime,12,Rainy,Very High
2026-08-29,13:49,13,Saturday,6,August,8,13.023196,77.544486,Yeshwanthpur,Assault,3,Partly Cloudy,Low
2025-06-05,14:41,14,Thursday,4,June,6,12.907442,77.633602,HSR Layout,Burglary,2,Cloudy,Medium
2026-05-08,16:59,16,Friday,5,May,5,12.953262,77.697399,Marathahalli,Theft,3,Cloudy,Low
2026-11-26,05:54,5,Thursday,4,November,11,12.959788,77.702347,Marathahalli,Accident,5,Partly Cloudy,Medium
2025-07-02,16:31,16,Wednesday,3,July,7,12.942045,77.620048,Koramangala,Fraud,7,Sunny,High
2026-04-17,05:24,5,Friday,5,April,4,12.980249,77.640732,Indiranagar,Vandalism,2,Cloudy,High
2025-01-30,14:28,14,Thursday,4,January,1,12.949323,77.579465,Basavanagudi,Vandalism,3,Cloudy,Medium
2025-08-10,03:03,3,Sunday,7,August,8,12.997037,77.557329,Rajajinagar,Assault,8,Partly Cloudy,Medium
2025-09-19,23:52,23,Friday,5,September,9,12.992455,77.560001,Rajajinagar,Vandalism,6,Cloudy,Low
2025-10-04,20:43,20,Saturday,6,October,10,12.843427,77.656493,Electronic City,Assault,10,Cloudy,High
2025-04-16,23:47,23,Wednesday,3,April,4,12.959891,77.700184,Marathahalli,Fraud,7,Sunny,High
2025-03-24,09:24,9,Monday,1,March,3,12.937887,77.617042,Koramangala,Theft,4,Cloudy,Medium
2026-03-24,15:47,15,Tuesday,2,March,3,13.03979,77.60131,Hebbal,Robbery,2,Rainy,Low
2025-12-25,11:11,11,Thursday,4,December,12,12.982655,77.635693,Indiranagar,Assault,2,Partly Cloudy,Medium
2025-07-15,22:56,22,Tuesday,2,July,7,12.904551,77.641051,HSR Layout,Vandalism,3,Cloudy,Low
2026-12-23,20:20,20,Wednesday,3,December,12,12.990754,77.547354,Rajajinagar,Robbery,7,Partly Cloudy,Low
2026-06-22,10:44,10,Monday,1,June,6,12.984887,77.55711,Rajajinagar,Vandalism,1,Partly Cloudy,Medium
2026-04-25,20:09,20,Saturday,6,April,4,12.84297,77.657158,Electronic City,Cyber Crime,6,Partly Cloudy,Very High
2025-06-11,06:54,6,Wednesday,3,June,6,12.974242,77.647765,Indiranagar,Vehicle Theft,5,Sunny,High
2026-07-18,15:33,15,Saturday,6,July,7,12.920354,77.6163,BTM Layout,Theft,9,Sunny,High
2025-11-25,11:47,11,Tuesday,2,November,11,12.93241,77.543449,Banashankari,Vandalism,1,Rainy,Low
2025-12-14,21:13,21,Sunday,7,December,12,13.036422,77.602952,Hebbal,Cyber Crime,10,Sunny,High
2026-09-21,18:36,18,Monday,1,September,9,12.976476,77.749321,Whitefield,Assault,9,Rainy,Very High
2025-04-30,23:19,23,Wednesday,3,April,4,12.944918,77.577429,Basavanagudi,Vehicle Theft,3,Cloudy,Medium
2026-07-18,22:09,22,Saturday,6,July,7,12.972884,77.644401,Indiranagar,Burglary,8,Rainy,Very High
2025-08-03,10:42,10,Sunday,7,August,8,12.921308,77.542754,Banashankari,Robbery,5,Partly Cloudy,Low
2025-07-23,22:02,22,Wednesday,3,July,7,12.976461,77.63298,Indiranagar,Robbery,7,Cloudy,High
2025-08-30,10:20,10,Saturday,6,August,8,12.960917,77.695175,Marathahalli,Vehicle Theft,5,Partly Cloudy,Low
2026-07-18,20:24,20,Saturday,6,July,7,12.839693,77.65481,Electronic City,Fraud,6,Rainy,Low
2026-10-26,21:57,21,Monday,1,October,10,12.918815,77.637473,HSR Layout,Robbery,8,Cloudy,Very High
2026-11-21,00:35,0,Saturday,6,November,11,13.029268,77.604891,Hebbal,Accident,11,Partly Cloudy,Low
2026-08-17,13:44,13,Monday,1,August,8,12.846722,77.655583,Electronic City,Missing Person,3,Partly Cloudy,High
2025-02-28,17:33,17,Friday,5,February,2,12.913096,77.612466,BTM Layout,Burglary,2,Rainy,Low
2026-06-09,00:35,0,Tuesday,2,June,6,12.929111,77.540209,Banashankari,Assault,7,Cloudy,High
2026-09-13,04:54,4,Sunday,7,September,9,12.956279,77.691768,Marathahalli,Burglary,8,Cloudy,Very High
2025-12-24,13:43,13,Wednesday,3,December,12,12.940392,77.625787,Koramangala,Vandalism,5,Sunny,Very High
2026-05-13,16:04,16,Wednesday,3,May,5,13.007127,77.572073,Malleshwaram,Vehicle Theft,7,Sunny,Medium
2026-10-13,13:20,13,Tuesday,2,October,10,12.909,77.635148,HSR Layout,Vandalism,4,Sunny,High
2026-09-03,11:04,11,Thursday,4,September,9,12.918103,77.601332,Jayanagar,Cyber Crime,5,Sunny,Very High
2025-01-07,18:13,18,Tuesday,2,January,1,12.908752,77.607756,BTM Layout,Fraud,5,Partly Cloudy,Medium
2025-04-29,13:22,13,Tuesday,2,April,4,12.843321,77.667276,Electronic City,Vehicle Theft,7,Rainy,High
2026-05-05,21:30,21,Tuesday,2,May,5,13.025997,77.539503,Yeshwanthpur,Cyber Crime,5,Sunny,Low
2026-07-20,17:57,17,Monday,1,July,7,12.995398,77.556043,Rajajinagar,Accident,2,Partly Cloudy,Medium
2026-04-13,19:29,19,Monday,1,April,4,12.910742,77.484021,Kengeri,Vandalism,3,Cloudy,Very High
2025-12-16,20:06,20,Tuesday,2,December,12,12.997626,77.570955,Malleshwaram,Assault,9,Sunny,High
2025-05-03,16:52,16,Saturday,6,May,5,12.839477,77.667526,Electronic City,Vandalism,6,Sunny,Very High
2026-02-26,06:35,6,Thursday,4,February,2,12.918945,77.538993,Banashankari,Accident,5,Rainy,High
2025-12-17,14:48,14,Wednesday,3,December,12,12.913518,77.483119,Kengeri,Assault,2,Sunny,Low
2025-08-09,20:18,20,Saturday,6,August,8,13.039673,77.589736,Hebbal,Burglary,11,Partly Cloudy,High
2025-12-16,17:17,17,Tuesday,2,December,12,12.840406,77.662909,Electronic City,Missing Person,5,Rainy,High
2026-04-28,04:41,4,Tuesday,2,April,4,12.979441,77.646094,Indiranagar,Robbery,8,Sunny,Low
2025-07-05,07:39,7,Saturday,6,July,7,12.909251,77.646187,HSR Layout,Assault,1,Sunny,Medium
2025-06-27,16:54,16,Friday,5,June,6,12.955036,77.69351,Marathahalli,Burglary,3,Sunny,Low
2025-05-20,00:14,0,Tuesday,2,May,5,12.970595,77.750264,Whitefield,Cyber Crime,4,Cloudy,High
2026-08-31,07:39,7,Monday,1,August,8,12.930607,77.61898,Koramangala,Assault,1,Rainy,Low
2026-03-19,23:49,23,Thursday,4,March,3,13.027271,77.54568,Yeshwanthpur,Burglary,8,Partly Cloudy,Very High
2026-03-10,12:56,12,Tuesday,2,March,3,12.842924,77.654491,Electronic City,Burglary,3,Rainy,Very High
2025-02-22,21:03,21,Saturday,6,February,2,12.912143,77.602805,BTM Layout,Vandalism,12,Sunny,High
2026-11-30,21:25,21,Monday,1,November,11,12.85216,77.657957,Electronic City,Assault,7,Rainy,High
2025-05-11,23:04,23,Sunday,7,May,5,12.958867,77.690928,Marathahalli,Robbery,2,Partly Cloudy,Medium
2026-01-31,05:14,5,Saturday,6,January,1,12.928615,77.543191,Banashankari,Vehicle Theft,4,Sunny,High
2026-12-05,03:17,3,Saturday,6,December,12,13.004789,77.570361,Malleshwaram,Fraud,13,Partly Cloudy,High
2026-04-02,19:06,19,Thursday,4,April,4,12.912705,77.483204,Kengeri,Missing Person,7,Rainy,Very High
2026-08-06,07:08,7,Thursday,4,August,8,12.932595,77.553033,Banashankari,Accident,4,Sunny,High
2026-07-15,07:51,7,Wednesday,3,July,7,13.006011,77.568522,Malleshwaram,Theft,4,Cloudy,Very High
2025-07-28,02:57,2,Monday,1,July,7,12.931649,77.62129,Koramangala,Fraud,4,Sunny,High
2026-12-15,11:38,11,Tuesday,2,December,12,12.940545,77.578918,Basavanagudi,Burglary,5,Sunny,Very High
2025-07-22,03:00,3,Tuesday,2,July,7,13.011245,77.576599,Malleshwaram,Assault,10,Rainy,Very High
2025-05-08,04:25,4,Thursday,4,May,5,13.01114,77.576369,Malleshwaram,Robbery,5,Rainy,Low
2025-05-22,19:49,19,Thursday,4,May,5,12.960797,77.703523,Marathahalli,Fraud,4,Cloudy,Medium
2025-08-28,09:35,9,Thursday,4,August,8,12.963431,77.749941,Whitefield,Assault,4,Cloudy,Medium
2026-08-07,12:55,12,Friday,5,August,8,12.965514,77.749299,Whitefield,Assault,5,Sunny,Low
2026-10-05,08:24,8,Monday,1,October,10,12.911795,77.605028,BTM Layout,Theft,8,Cloudy,Very High
2025-10-14,03:20,3,Tuesday,2,October,10,12.984605,77.633,Indiranagar,Cyber Crime,7,Sunny,Medium
2025-10-20,13:52,13,Monday,1,October,10,12.937222,77.621745,Koramangala,Fraud,6,Rainy,Medium
2025-11-11,01:49,1,Tuesday,2,November,11,13.006372,77.574184,Malleshwaram,Assault,7,Partly Cloudy,High
2026-05-05,10:09,10,Tuesday,2,May,5,12.96387,77.698564,Marathahalli,Cyber Crime,7,Partly Cloudy,Very High
2025-09-18,01:46,1,Thursday,4,September,9,12.925231,77.546703,Banashankari,Theft,6,Partly Cloudy,Low
2026-08-19,06:55,6,Wednesday,3,August,8,12.921795,77.474123,Kengeri,Fraud,6,Rainy,High
2025-05-30,01:22,1,Friday,5,May,5,13.033279,77.541254,Yeshwanthpur,Cyber Crime,8,Partly Cloudy,Very High
2026-02-08,02:04,2,Sunday,7,February,2,12.988256,77.553159,Rajajinagar,Burglary,6,Cloudy,Low
2025-02-18,11:17,11,Tuesday,2,February,2,12.942466,77.630272,Koramangala,Missing Person,4,Cloudy,Low
2026-12-05,14:10,14,Saturday,6,December,12,12.93683,77.624661,Koramangala,Vandalism,4,Cloudy,Medium
2026-05-14,01:11,1,Thursday,4,May,5,12.938629,77.581054,Basavanagudi,Burglary,7,Sunny,Medium
2026-05-09,06:04,6,Saturday,6,May,5,12.943108,77.625511,Koramangala,Missing Person,3,Partly Cloudy,High
2025-12-02,05:09,5,Tuesday,2,December,12,13.011224,77.569278,Malleshwaram,Fraud,3,Rainy,Very High
2026-06-19,03:17,3,Friday,5,June,6,12.993738,77.562204,Rajajinagar,Missing Person,7,Partly Cloudy,Very High
2025-09-25,16:54,16,Thursday,4,September,9,13.010146,77.573104,Malleshwaram,Vehicle Theft,5,Partly Cloudy,Medium
2025-05-10,06:29,6,Saturday,6,May,5,13.0294,77.541891,Yeshwanthpur,Accident,7,Rainy,High
2026-07-26,00:33,0,Sunday,7,July,7,12.908389,77.482439,Kengeri,Burglary,7,Rainy,Low
2026-09-19,10:48,10,Saturday,6,September,9,12.929108,77.548048,Banashankari,Burglary,6,Sunny,High
2025-01-14,21:55,21,Tuesday,2,January,1,12.908952,77.610388,BTM Layout,Robbery,6,Partly Cloudy,High
2025-03-31,18:25,18,Monday,1,March,3,13.041949,77.599822,Hebbal,Theft,6,Rainy,High
2026-05-25,11:28,11,Monday,1,May,5,12.925188,77.54251,Banashankari,Accident,4,Rainy,Very High
2026-05-18,20:18,20,Monday,1,May,5,12.960392,77.689885,Marathahalli,Vehicle Theft,9,Rainy,Very High
2026-02-22,02:19,2,Sunday,7,February,2,12.92999,77.625507,Koramangala,Burglary,5,Cloudy,High
2025-03-15,11:11,11,Saturday,6,March,3,12.907681,77.640651,HSR Layout,Theft,6,Cloudy,Low
2026-07-20,12:42,12,Monday,1,July,7,13.008575,77.565109,Malleshwaram,Vehicle Theft,4,Partly Cloudy,Medium
2026-12-17,00:35,0,Thursday,4,December,12,12.942852,77.574931,Basavanagudi,Cyber Crime,5,Cloudy,High
2025-07-23,03:06,3,Wednesday,3,July,7,12.929875,77.616921,Koramangala,Cyber Crime,10,Sunny,High
2025-11-18,01:40,1,Tuesday,2,November,11,13.02112,77.539995,Yeshwanthpur,Missing Person,4,Partly Cloudy,High
2025-12-30,19:24,19,Tuesday,2,December,12,12.992215,77.559493,Rajajinagar,Missing Person,5,Sunny,Low
2026-11-15,02:08,2,Sunday,7,November,11,12.962532,77.694269,Marathahalli,Missing Person,6,Rainy,Very High
2026-02-21,15:09,15,Saturday,6,February,2,12.847641,77.661703,Electronic City,Fraud,4,Sunny,Low
2026-07-22,03:24,3,Wednesday,3,July,7,13.027351,77.538732,Yeshwanthpur,Theft,6,Rainy,Low
2026-08-26,06:58,6,Wednesday,3,August,8,12.991258,77.556252,Rajajinagar,Cyber Crime,1,Rainy,Low
2025-03-30,20:54,20,Sunday,7,March,3,13.022672,77.533434,Yeshwanthpur,Vehicle Theft,10,Rainy,High
2026-07-13,23:54,23,Monday,1,July,7,12.991542,77.556269,Rajajinagar,Assault,5,Cloudy,Medium
2025-04-11,21:13,21,Friday,5,April,4,12.965356,77.700822,Marathahalli,Vandalism,2,Sunny,Low
2025-08-02,20:53,20,Saturday,6,August,8,12.989186,77.556577,Rajajinagar,Accident,7,Sunny,Very High
2026-11-17,14:30,14,Tuesday,2,November,11,12.905589,77.642739,HSR Layout,Fraud,7,Cloudy,Medium
2026-08-17,14:26,14,Monday,1,August,8,12.905532,77.642439,HSR Layout,Vandalism,6,Sunny,Very High
2025-02-25,12:42,12,Tuesday,2,February,2,12.938659,77.626692,Koramangala,Missing Person,5,Rainy,Low
2025-07-16,01:04,1,Wednesday,3,July,7,12.999755,77.56531,Malleshwaram,Assault,8,Sunny,Very High
2025-09-09,06:31,6,Tuesday,2,September,9,12.84368,77.654232,Electronic City,Accident,6,Partly Cloudy,High
2026-03-19,12:41,12,Thursday,4,March,3,13.030756,77.533906,Yeshwanthpur,Assault,3,Sunny,Low
2026-12-05,12:19,12,Saturday,6,December,12,13.031702,77.589279,Hebbal,Assault,7,Sunny,Very High
2026-04-13,01:07,1,Monday,1,April,4,12.936744,77.581936,Basavanagudi,Accident,5,Sunny,High
2025-03-13,20:28,20,Thursday,4,March,3,12.91759,77.605505,BTM Layout,Accident,6,Rainy,Low
2025-12-16,00:48,0,Tuesday,2,December,12,12.920428,77.476511,Kengeri,Fraud,8,Rainy,High
2026-11-05,06:09,6,Thursday,4,November,11,13.035866,77.594436,Hebbal,Fraud,3,Sunny,Medium
2025-08-05,07:42,7,Tuesday,2,August,8,12.997658,77.568491,Malleshwaram,Theft,4,Partly Cloudy,High
2026-02-19,06:59,6,Thursday,4,February,2,12.933775,77.619421,Koramangala,Robbery,4,Cloudy,High
2026-07-01,05:08,5,Wednesday,3,July,7,12.974255,77.639764,Indiranagar,Cyber Crime,3,Rainy,Medium
2025-08-04,13:44,13,Monday,1,August,8,12.909952,77.609836,BTM Layout,Missing Person,2,Cloudy,Low
2025-04-22,15:06,15,Tuesday,2,April,4,12.928725,77.588497,Jayanagar,Vandalism,2,Partly Cloudy,Low
2025-12-18,12:03,12,Thursday,4,December,12,12.986683,77.554694,Rajajinagar,Accident,5,Rainy,High
2026-06-06,02:00,2,Saturday,6,June,6,12.998147,77.565557,Malleshwaram,Missing Person,7,Rainy,Low
2026-12-24,00:22,0,Thursday,4,December,12,12.912961,77.481175,Kengeri,Burglary,8,Sunny,Medium
2025-11-28,12:57,12,Friday,5,November,11,12.838501,77.652227,Electronic City,Burglary,3,Cloudy,Low
2025-04-26,00:40,0,Saturday,6,April,4,12.959515,77.703683,Marathahalli,Robbery,5,Partly Cloudy,High
2025-10-28,16:00,16,Tuesday,2,October,10,12.850894,77.664591,Electronic City,Vehicle Theft,5,Sunny,Low
2026-02-27,05:19,5,Friday,5,February,2,12.951955,77.698182,Marathahalli,Cyber Crime,4,Cloudy,High
2026-10-26,14:54,14,Monday,1,October,10,13.034724,77.59844,Hebbal,Vandalism,5,Rainy,Medium
2025-05-29,13:38,13,Thursday,4,May,5,13.009588,77.567751,Malleshwaram,Vandalism,6,Cloudy,Very High
2026-12-17,10:37,10,Thursday,4,December,12,12.941072,77.569499,Basavanagudi,Vandalism,4,Rainy,High
2025-10-22,03:18,3,Wednesday,3,October,10,12.920118,77.488144,Kengeri,Vandalism,5,Partly Cloudy,Low
2026-11-13,15:27,15,Friday,5,November,11,12.939909,77.580776,Basavanagudi,Missing Person,1,Cloudy,Medium
2025-05-05,21:07,21,Monday,1,May,5,12.919819,77.587935,Jayanagar,Vehicle Theft,11,Partly Cloudy,Very High
2026-03-02,01:43,1,Monday,1,March,3,12.92211,77.594861,Jayanagar,Robbery,10,Cloudy,Very High
2026-02-06,15:34,15,Friday,5,February,2,12.908984,77.631193,HSR Layout,Cyber Crime,1,Rainy,Low
2025-10-23,19:29,19,Thursday,4,October,10,12.92931,77.595602,Jayanagar,Vandalism,5,Cloudy,Low
2026-09-02,00:36,0,Wednesday,3,September,9,12.937257,77.579415,Basavanagudi,Vandalism,10,Rainy,Very High
2025-11-11,00:32,0,Tuesday,2,November,11,13.027004,77.542755,Yeshwanthpur,Accident,6,Rainy,High
2025-05-05,09:19,9,Monday,1,May,5,12.923082,77.60598,BTM Layout,Vehicle Theft,6,Cloudy,Medium
2025-06-26,04:49,4,Thursday,4,June,6,12.951266,77.699184,Marathahalli,Fraud,12,Rainy,Very High
2026-05-14,20:58,20,Thursday,4,May,5,12.936465,77.623104,Koramangala,Vehicle Theft,3,Partly Cloudy,Low
2026-02-01,07:59,7,Sunday,7,February,2,12.976305,77.641708,Indiranagar,Theft,11,Sunny,Very High
2025-11-16,12:18,12,Sunday,7,November,11,12.958802,77.693914,Marathahalli,Fraud,5,Partly Cloudy,Low
2025-08-14,16:46,16,Thursday,4,August,8,12.938935,77.581611,Basavanagudi,Assault,3,Rainy,High
2026-08-27,00:44,0,Thursday,4,August,8,13.023496,77.54144,Yeshwanthpur,Accident,7,Partly Cloudy,Low
2025-04-12,03:32,3,Saturday,6,April,4,12.934491,77.580461,Basavanagudi,Assault,7,Rainy,Low
2025-12-06,05:11,5,Saturday,6,December,12,12.917824,77.644106,HSR Layout,Vehicle Theft,5,Partly Cloudy,High
2025-12-11,11:46,11,Thursday,4,December,12,12.921746,77.586724,Jayanagar,Vandalism,5,Rainy,Medium
2025-09-27,02:25,2,Saturday,6,September,9,12.930463,77.587846,Jayanagar,Missing Person,12,Cloudy,Very High
2026-05-30,02:58,2,Saturday,6,May,5,12.933564,77.618754,Koramangala,Theft,8,Sunny,High
2025-03-19,06:44,6,Wednesday,3,March,3,13.004841,77.567462,Malleshwaram,Assault,1,Sunny,Medium
2026-09-11,21:09,21,Friday,5,September,9,12.959556,77.699564,Marathahalli,Assault,10,Sunny,Very High
2025-09-05,19:24,19,Friday,5,September,9,12.986351,77.640654,Indiranagar,Missing Person,2,Rainy,Medium
2025-01-15,06:58,6,Wednesday,3,January,1,12.923101,77.553597,Banashankari,Vandalism,6,Sunny,Very High
2025-01-12,08:47,8,Sunday,7,January,1,12.951179,77.698557,Marathahalli,Assault,7,Cloudy,Very High
2025-11-21,17:05,17,Friday,5,November,11,12.934101,77.579723,Basavanagudi,Accident,6,Rainy,High
2026-09-18,17:54,17,Friday,5,September,9,13.030234,77.591615,Hebbal,Cyber Crime,3,Cloudy,Low
2025-08-07,12:01,12,Thursday,4,August,8,12.928388,77.541712,Banashankari,Vehicle Theft,3,Sunny,Medium
2025-05-05,13:55,13,Monday,1,May,5,12.917685,77.540227,Banashankari,Cyber Crime,1,Partly Cloudy,Medium
2026-09-15,13:56,13,Tuesday,2,September,9,12.928734,77.588641,Jayanagar,Assault,4,Rainy,Low
2026-10-04,23:01,23,Sunday,7,October,10,12.968459,77.749487,Whitefield,Assault,4,Rainy,Medium
2026-04-08,14:17,14,Wednesday,3,April,4,12.97629,77.748024,Whitefield,Vehicle Theft,9,Sunny,Very High
2025-04-03,09:06,9,Thursday,4,April,4,12.929338,77.589721,Jayanagar,Accident,2,Cloudy,Low
2026-12-06,14:25,14,Sunday,7,December,12,12.921987,77.547195,Banashankari,Vehicle Theft,5,Rainy,High
2025-07-18,06:02,6,Friday,5,July,7,12.852331,77.661572,Electronic City,Fraud,8,Rainy,High
2025-10-04,10:46,10,Saturday,6,October,10,12.919002,77.638133,HSR Layout,Accident,3,Sunny,Low
2026-03-15,11:59,11,Sunday,7,March,3,12.9065,77.636444,HSR Layout,Cyber Crime,3,Rainy,Low
2026-03-01,22:42,22,Sunday,7,March,3,12.906942,77.632674,HSR Layout,Assault,4,Cloudy,Low
2025-07-18,13:10,13,Friday,5,July,7,12.909685,77.611263,BTM Layout,Missing Person,4,Sunny,High
2025-07-24,18:08,18,Thursday,4,July,7,12.965673,77.699196,Marathahalli,Vandalism,5,Partly Cloudy,Very High
2026-08-27,16:23,16,Thursday,4,August,8,12.946235,77.577847,Basavanagudi,Assault,1,Cloudy,Medium
2025-11-20,18:56,18,Thursday,4,November,11,12.989993,77.549422,Rajajinagar,Missing Person,4,Cloudy,High
2026-10-19,23:14,23,Monday,1,October,10,12.929209,77.63248,Koramangala,Missing Person,5,Sunny,High
2026-09-10,05:32,5,Thursday,4,September,9,12.972412,77.64602,Indiranagar,Vehicle Theft,5,Cloudy,Medium
2025-12-27,02:06,2,Saturday,6,December,12,12.92107,77.615856,BTM Layout,Cyber Crime,5,Partly Cloudy,Medium
2026-05-19,21:49,21,Tuesday,2,May,5,12.963473,77.751602,Whitefield,Vehicle Theft,6,Cloudy,Very High
2025-07-20,12:43,12,Sunday,7,July,7,12.997144,77.557868,Rajajinagar,Vehicle Theft,5,Partly Cloudy,Medium
2025-01-04,09:10,9,Saturday,6,January,1,13.006843,77.577448,Malleshwaram,Missing Person,4,Sunny,Medium
2026-10-22,09:43,9,Thursday,4,October,10,12.929824,77.624216,Koramangala,Accident,2,Rainy,Medium
2026-07-19,23:41,23,Sunday,7,July,7,12.975864,77.752819,Whitefield,Fraud,9,Partly Cloudy,High
2025-08-25,01:06,1,Monday,1,August,8,12.936221,77.574721,Basavanagudi,Assault,9,Sunny,High
2026-06-04,10:18,10,Thursday,4,June,6,12.966914,77.689464,Marathahalli,Assault,4,Partly Cloudy,High
2025-12-13,20:57,20,Saturday,6,December,12,12.919602,77.542644,Banashankari,Cyber Crime,8,Sunny,Very High
2026-09-08,14:37,14,Tuesday,2,September,9,12.852725,77.66354,Electronic City,Burglary,1,Rainy,Low
2025-12-09,19:27,19,Tuesday,2,December,12,12.97267,77.634466,Indiranagar,Vehicle Theft,6,Rainy,High
2025-12-18,03:41,3,Thursday,4,December,12,12.838243,77.654294,Electronic City,Assault,6,Cloudy,Low
2025-05-31,13:26,13,Saturday,6,May,5,12.917199,77.477094,Kengeri,Accident,1,Partly Cloudy,Low
2026-04-05,13:52,13,Sunday,7,April,4,12.962546,77.749075,Whitefield,Accident,6,Partly Cloudy,High
2026-03-16,11:33,11,Monday,1,March,3,12.967336,77.745544,Whitefield,Burglary,2,Partly Cloudy,Medium
2025-07-13,05:44,5,Sunday,7,July,7,13.001061,77.575224,Malleshwaram,Cyber Crime,7,Partly Cloudy,High
2025-01-30,13:08,13,Thursday,4,January,1,13.036848,77.60239,Hebbal,Assault,2,Cloudy,Low
2025-06-07,04:59,4,Saturday,6,June,6,12.923802,77.596154,Jayanagar,Burglary,7,Sunny,High
2026-05-15,19:14,19,Friday,5,May,5,12.852354,77.657833,Electronic City,Vehicle Theft,3,Sunny,Low
2026-09-26,05:36,5,Saturday,6,September,9,12.914926,77.488789,Kengeri,Missing Person,5,Cloudy,Very High
2025-09-19,15:11,15,Friday,5,September,9,12.91132,77.643161,HSR Layout,Missing Person,3,Sunny,Low
2025-01-03,22:55,22,Friday,5,January,1,13.033616,77.604673,Hebbal,Vehicle Theft,11,Partly Cloudy,Very High
2025-03-14,11:53,11,Friday,5,March,3,12.995304,77.551824,Rajajinagar,Assault,4,Sunny,Medium
2025-04-13,04:05,4,Sunday,7,April,4,12.839097,77.659549,Electronic City,Missing Person,10,Cloudy,Very High
2025-11-19,11:53,11,Wednesday,3,November,11,13.029597,77.593357,Hebbal,Theft,3,Cloudy,Low
2026-07-05,16:08,16,Sunday,7,July,7,13.032437,77.5405,Yeshwanthpur,Accident,4,Sunny,Medium
2025-08-13,09:17,9,Wednesday,3,August,8,12.905016,77.638136,HSR Layout,Theft,2,Rainy,Medium
2025-12-10,15:34,15,Wednesday,3,December,12,12.926079,77.599138,Jayanagar,Missing Person,4,Sunny,Low
2025-03-24,13:25,13,Monday,1,March,3,13.021914,77.545798,Yeshwanthpur,Burglary,2,Sunny,Medium
2026-03-26,16:53,16,Thursday,4,March,3,13.020966,77.546443,Yeshwanthpur,Burglary,3,Rainy,High
2026-04-06,05:11,5,Monday,1,April,4,12.975519,77.643505,Indiranagar,Theft,7,Cloudy,Very High
2025-02-08,14:23,14,Saturday,6,February,2,13.028827,77.600265,Hebbal,Vehicle Theft,6,Partly Cloudy,High
2026-06-10,04:34,4,Wednesday,3,June,6,12.914214,77.643126,HSR Layout,Vehicle Theft,10,Rainy,Medium
2026-09-20,13:01,13,Sunday,7,September,9,12.996366,77.558866,Rajajinagar,Theft,8,Sunny,High
2026-02-18,23:27,23,Wednesday,3,February,2,12.965601,77.704336,Marathahalli,Missing Person,7,Cloudy,Medium
2025-02-03,14:45,14,Monday,1,February,2,12.928548,77.589864,Jayanagar,Assault,3,Sunny,Very High
2025-06-12,18:50,18,Thursday,4,June,6,12.919276,77.596695,Jayanagar,Missing Person,7,Partly Cloudy,Very High
2025-06-01,21:54,21,Sunday,7,June,6,12.842724,77.659789,Electronic City,Assault,9,Partly Cloudy,Very High
2026-08-12,13:27,13,Wednesday,3,August,8,12.993786,77.556451,Rajajinagar,Vandalism,5,Cloudy,Medium
2025-04-20,23:00,23,Sunday,7,April,4,12.911063,77.641157,HSR Layout,Theft,8,Cloudy,Medium
2025-10-28,21:26,21,Tuesday,2,October,10,12.92749,77.589302,Jayanagar,Assault,4,Rainy,High
2025-10-20,07:06,7,Monday,1,October,10,12.911906,77.479139,Kengeri,Missing Person,3,Cloudy,High
2025-07-13,03:12,3,Sunday,7,July,7,12.957472,77.690289,Marathahalli,Burglary,5,Cloudy,Medium
2025-12-10,04:33,4,Wednesday,3,December,12,12.982497,77.636862,Indiranagar,Missing Person,8,Rainy,Medium
2026-12-23,04:45,4,Wednesday,3,December,12,13.028883,77.603856,Hebbal,Fraud,7,Cloudy,Very High
2026-04-11,11:17,11,Saturday,6,April,4,13.004065,77.577695,Malleshwaram,Missing Person,5,Rainy,Medium
2025-01-30,17:31,17,Thursday,4,January,1,13.027763,77.532745,Yeshwanthpur,Cyber Crime,6,Partly Cloudy,High
2026-12-07,01:13,1,Monday,1,December,12,12.914017,77.485079,Kengeri,Missing Person,9,Partly Cloudy,Very High
2026-12-01,22:14,22,Tuesday,2,December,12,12.846259,77.657691,Electronic City,Burglary,6,Rainy,High
2026-10-12,13:04,13,Monday,1,October,10,12.935663,77.582579,Basavanagudi,Missing Person,8,Sunny,Very High
2025-11-20,04:29,4,Thursday,4,November,11,12.933917,77.567583,Basavanagudi,Vandalism,9,Cloudy,High
2026-02-08,11:12,11,Sunday,7,February,2,13.001901,77.570843,Malleshwaram,Vehicle Theft,10,Cloudy,High
2025-02-11,22:58,22,Tuesday,2,February,2,12.928788,77.61784,Koramangala,Assault,3,Cloudy,Low
2025-06-01,10:54,10,Sunday,7,June,6,12.968336,77.742932,Whitefield,Fraud,7,Rainy,Very High
2026-09-19,21:54,21,Saturday,6,September,9,12.975304,77.644766,Indiranagar,Vehicle Theft,7,Sunny,Low
2026-08-14,05:09,5,Friday,5,August,8,12.946652,77.577041,Basavanagudi,Theft,5,Partly Cloudy,High
2026-01-13,12:34,12,Tuesday,2,January,1,12.91014,77.610767,BTM Layout,Vehicle Theft,6,Sunny,Very High
2025-08-26,08:50,8,Tuesday,2,August,8,12.911096,77.479918,Kengeri,Cyber Crime,6,Rainy,Very High
2026-09-02,04:49,4,Wednesday,3,September,9,12.981543,77.644782,Indiranagar,Cyber Crime,6,Partly Cloudy,High
2026-02-09,19:20,19,Monday,1,February,2,12.953277,77.700734,Marathahalli,Missing Person,5,Partly Cloudy,Very High
2025-03-03,21:01,21,Monday,1,March,3,12.910622,77.632164,HSR Layout,Vehicle Theft,5,Partly Cloudy,High
2026-10-26,11:50,11,Monday,1,October,10,12.929464,77.598722,Jayanagar,Theft,1,Rainy,Low
2025-05-26,07:55,7,Monday,1,May,5,12.988642,77.554725,Rajajinagar,Fraud,10,Cloudy,Very High
2026-08-14,12:48,12,Friday,5,August,8,13.0413,77.5991,Hebbal,Accident,1,Rainy,Low
2026-11-20,12:36,12,Friday,5,November,11,13.041226,77.599608,Hebbal,Vehicle Theft,6,Rainy,Low
2026-04-22,04:33,4,Wednesday,3,April,4,12.918048,77.488841,Kengeri,Theft,11,Rainy,Low
2025-05-19,17:54,17,Monday,1,May,5,12.983432,77.647124,Indiranagar,Accident,7,Sunny,Very High
2025-05-29,11:22,11,Thursday,4,May,5,12.965515,77.743497,Whitefield,Vandalism,3,Sunny,Low
2026-05-09,03:35,3,Saturday,6,May,5,12.939563,77.573036,Basavanagudi,Accident,6,Sunny,Medium
2025-11-16,06:29,6,Sunday,7,November,11,12.917295,77.484604,Kengeri,Burglary,4,Partly Cloudy,High
2026-11-19,12:46,12,Thursday,4,November,11,12.984868,77.560212,Rajajinagar,Vehicle Theft,7,Sunny,Very High
2025-07-29,17:07,17,Tuesday,2,July,7,12.986219,77.557283,Rajajinagar,Burglary,3,Partly Cloudy,Medium
2026-03-13,12:30,12,Friday,5,March,3,12.924522,77.544687,Banashankari,Vehicle Theft,4,Sunny,Medium
2026-04-23,15:33,15,Thursday,4,April,4,12.932246,77.591369,Jayanagar,Vehicle Theft,7,Cloudy,High
2025-08-30,13:42,13,Saturday,6,August,8,13.037834,77.601117,Hebbal,Theft,10,Sunny,Very High
2026-10-03,17:44,17,Saturday,6,October,10,12.906296,77.4892,Kengeri,Burglary,5,Partly Cloudy,Medium
2026-02-23,13:26,13,Monday,1,February,2,13.001827,77.564965,Malleshwaram,Assault,4,Partly Cloudy,High
2026-12-07,23:16,23,Monday,1,December,12,12.993018,77.548681,Rajajinagar,Assault,8,Rainy,Very High
2025-10-04,20:34,20,Saturday,6,October,10,12.91512,77.607349,BTM Layout,Fraud,11,Partly Cloudy,Medium
2026-08-14,19:34,19,Friday,5,August,8,12.84809,77.661189,Electronic City,Assault,8,Rainy,Very High
2026-10-25,10:24,10,Sunday,7,October,10,12.93753,77.62003,Koramangala,Vehicle Theft,4,Rainy,Medium
2026-04-02,10:06,10,Thursday,4,April,4,12.939342,77.626276,Koramangala,Cyber Crime,4,Cloudy,Medium
2026-12-12,02:11,2,Saturday,6,December,12,12.976889,77.64601,Indiranagar,Vandalism,7,Cloudy,Medium
2026-07-19,18:51,18,Sunday,7,July,7,13.025668,77.532834,Yeshwanthpur,Vehicle Theft,10,Rainy,High
2026-04-28,13:43,13,Tuesday,2,April,4,12.926972,77.550804,Banashankari,Theft,7,Cloudy,Medium
2025-04-08,05:15,5,Tuesday,2,April,4,12.93045,77.617183,Koramangala,Vandalism,5,Sunny,Low
2026-07-08,21:37,21,Wednesday,3,July,7,12.911267,77.479403,Kengeri,Fraud,8,Rainy,Very High
2026-12-18,22:42,22,Friday,5,December,12,13.023236,77.540676,Yeshwanthpur,Assault,9,Sunny,High
2025-10-15,11:02,11,Wednesday,3,October,10,12.938653,77.619781,Koramangala,Missing Person,2,Partly Cloudy,Low
2026-10-12,21:41,21,Monday,1,October,10,12.954643,77.695322,Marathahalli,Burglary,10,Sunny,Very High
2025-03-23,06:44,6,Sunday,7,March,3,12.912327,77.606467,BTM Layout,Fraud,4,Cloudy,High
2026-01-10,19:25,19,Saturday,6,January,1,13.031683,77.589836,Hebbal,Vehicle Theft,5,Partly Cloudy,Low
2026-02-16,03:11,3,Monday,1,February,2,12.985967,77.554908,Rajajinagar,Theft,7,Sunny,Very High
2025-06-24,03:49,3,Tuesday,2,June,6,12.942143,77.627578,Koramangala,Assault,8,Partly Cloudy,Very High
2025-07-03,00:24,0,Thursday,4,July,7,12.910611,77.635763,HSR Layout,Accident,5,Cloudy,Medium
2026-02-09,00:28,0,Monday,1,February,2,12.93318,77.551166,Banashankari,Accident,3,Partly Cloudy,Medium
2025-07-29,05:06,5,Tuesday,2,July,7,13.026206,77.534771,Yeshwanthpur,Robbery,5,Partly Cloudy,Very High
2026-11-01,19:58,19,Sunday,7,November,11,12.99258,77.557809,Rajajinagar,Assault,3,Sunny,Medium
2026-03-25,14:32,14,Wednesday,3,March,3,13.0204,77.535531,Yeshwanthpur,Robbery,6,Sunny,Very High
2025-04-01,04:06,4,Tuesday,2,April,4,12.985417,77.64752,Indiranagar,Burglary,4,Sunny,Medium
2026-08-28,23:29,23,Friday,5,August,8,12.999252,77.56472,Malleshwaram,Missing Person,2,Cloudy,Medium
2025-10-19,00:20,0,Sunday,7,October,10,12.91954,77.635494,HSR Layout,Robbery,6,Sunny,Medium
2026-09-27,20:34,20,Sunday,7,September,9,12.929267,77.623104,Koramangala,Fraud,10,Cloudy,Very High
2025-12-18,22:20,22,Thursday,4,December,12,12.911965,77.488963,Kengeri,Assault,7,Partly Cloudy,Low
2025-12-12,12:21,12,Friday,5,December,12,12.928724,77.544288,Banashankari,Theft,2,Cloudy,High
2025-04-05,01:26,1,Saturday,6,April,4,12.907785,77.488292,Kengeri,Robbery,7,Sunny,High
2025-10-01,23:16,23,Wednesday,3,October,10,12.92759,77.589692,Jayanagar,Fraud,7,Partly Cloudy,High
2026-05-07,13:27,13,Thursday,4,May,5,12.969214,77.745475,Whitefield,Burglary,5,Partly Cloudy,Medium
2026-04-14,18:51,18,Tuesday,2,April,4,12.921253,77.545979,Banashankari,Assault,3,Sunny,Low
2026-04-11,08:25,8,Saturday,6,April,4,12.94517,77.582961,Basavanagudi,Assault,7,Cloudy,Very High
2025-05-16,21:27,21,Friday,5,May,5,13.034592,77.547005,Yeshwanthpur,Vandalism,9,Cloudy,High
2026-01-04,02:20,2,Sunday,7,January,1,12.956648,77.703112,Marathahalli,Fraud,7,Partly Cloudy,Low
2026-09-22,00:23,0,Tuesday,2,September,9,12.846801,77.659525,Electronic City,Theft,7,Partly Cloudy,Low
2025-05-27,10:44,10,Tuesday,2,May,5,13.034479,77.59508,Hebbal,Vandalism,6,Cloudy,Very High
2026-01-18,14:28,14,Sunday,7,January,1,12.997479,77.572406,Malleshwaram,Burglary,4,Cloudy,Low
2026-01-15,21:15,21,Thursday,4,January,1,12.985017,77.557024,Rajajinagar,Vehicle Theft,10,Rainy,Medium
2025-04-01,01:28,1,Tuesday,2,April,4,12.928624,77.590911,Jayanagar,Accident,9,Cloudy,Very High
2026-12-15,11:15,11,Tuesday,2,December,12,12.920742,77.609484,BTM Layout,Accident,2,Sunny,Medium
2025-04-07,10:08,10,Monday,1,April,4,12.917739,77.611128,BTM Layout,Missing Person,2,Partly Cloudy,Medium
2025-09-18,01:44,1,Thursday,4,September,9,12.918695,77.477714,Kengeri,Fraud,4,Rainy,Medium
2026-01-05,18:09,18,Monday,1,January,1,12.992794,77.555973,Rajajinagar,Vandalism,6,Cloudy,High
2025-03-22,20:22,20,Saturday,6,March,3,12.920505,77.602461,BTM Layout,Vandalism,6,Cloudy,Low
2026-01-12,01:14,1,Monday,1,January,1,12.971361,77.748842,Whitefield,Vandalism,2,Partly Cloudy,Medium
2026-01-06,05:16,5,Tuesday,2,January,1,12.909058,77.485299,Kengeri,Vandalism,2,Sunny,High
2026-05-20,15:44,15,Wednesday,3,May,5,12.911446,77.610347,BTM Layout,Robbery,5,Rainy,High
2026-10-29,20:37,20,Thursday,4,October,10,12.926459,77.551774,Banashankari,Vehicle Theft,5,Cloudy,Low
2026-06-24,19:02,19,Wednesday,3,June,6,13.03405,77.538504,Yeshwanthpur,Missing Person,4,Rainy,Low
2026-02-11,20:44,20,Wednesday,3,February,2,12.930995,77.631194,Koramangala,Robbery,5,Sunny,Medium
2026-12-27,06:34,6,Sunday,7,December,12,12.940289,77.574962,Basavanagudi,Vehicle Theft,3,Rainy,Low
2025-08-02,04:56,4,Saturday,6,August,8,12.919363,77.643567,HSR Layout,Accident,10,Sunny,Very High
2025-11-26,05:07,5,Wednesday,3,November,11,12.99562,77.573108,Malleshwaram,Missing Person,1,Rainy,Low
2025-04-04,17:22,17,Friday,5,April,4,12.911373,77.478223,Kengeri,Accident,3,Rainy,Low
2025-12-30,09:31,9,Tuesday,2,December,12,12.972275,77.632849,Indiranagar,Theft,6,Rainy,High
2026-09-11,13:00,13,Friday,5,September,9,12.983396,77.645181,Indiranagar,Burglary,3,Cloudy,High
2025-01-31,12:07,12,Friday,5,January,1,12.974301,77.639416,Indiranagar,Fraud,5,Cloudy,High
2026-03-19,23:42,23,Thursday,4,March,3,12.994814,77.547498,Rajajinagar,Assault,9,Cloudy,High
2026-08-08,13:26,13,Saturday,6,August,8,12.937793,77.619362,Koramangala,Robbery,8,Rainy,Very High
2026-08-29,04:28,4,Saturday,6,August,8,13.034613,77.543599,Yeshwanthpur,Vandalism,12,Cloudy,Very High
2026-07-13,19:46,19,Monday,1,July,7,12.913157,77.615703,BTM Layout,Missing Person,5,Rainy,High
2026-10-25,05:06,5,Sunday,7,October,10,12.982496,77.648198,Indiranagar,Assault,5,Sunny,Low
2025-08-02,11:08,11,Saturday,6,August,8,12.983344,77.644464,Indiranagar,Assault,2,Rainy,Low
2026-03-15,05:04,5,Sunday,7,March,3,12.923969,77.602109,BTM Layout,Vehicle Theft,7,Partly Cloudy,Medium
2026-11-17,12:08,12,Tuesday,2,November,11,12.962783,77.698491,Marathahalli,Missing Person,4,Sunny,Medium
2025-01-12,01:41,1,Sunday,7,January,1,12.942958,77.573877,Basavanagudi,Missing Person,5,Cloudy,Medium
2026-01-24,18:21,18,Saturday,6,January,1,12.920126,77.542721,Banashankari,Theft,5,Sunny,High
2025-10-08,10:37,10,Wednesday,3,October,10,12.917266,77.616137,BTM Layout,Theft,1,Partly Cloudy,Low
2026-11-11,08:10,8,Wednesday,3,November,11,13.042999,77.597816,Hebbal,Missing Person,3,Sunny,Low
2025-03-26,11:18,11,Wednesday,3,March,3,12.923642,77.587256,Jayanagar,Cyber Crime,4,Cloudy,High
2025-10-12,18:49,18,Sunday,7,October,10,12.84475,77.655782,Electronic City,Assault,2,Cloudy,Medium
2025-05-18,01:24,1,Sunday,7,May,5,12.932883,77.624967,Koramangala,Fraud,6,Partly Cloudy,Low
2025-11-06,19:25,19,Thursday,4,November,11,12.907742,77.474056,Kengeri,Cyber Crime,8,Cloudy,Very High
2026-04-29,05:36,5,Wednesday,3,April,4,12.982627,77.63663,Indiranagar,Fraud,6,Sunny,High
2026-06-16,10:59,10,Tuesday,2,June,6,12.962467,77.750889,Whitefield,Theft,5,Sunny,Low
2026-01-23,20:39,20,Friday,5,January,1,12.998839,77.555907,Rajajinagar,Burglary,8,Sunny,High
2026-07-24,14:15,14,Friday,5,July,7,12.908979,77.642598,HSR Layout,Accident,6,Cloudy,Very High
2025-05-03,07:18,7,Saturday,6,May,5,12.919331,77.474222,Kengeri,Fraud,7,Sunny,Medium
2026-06-03,05:17,5,Wednesday,3,June,6,12.985846,77.635333,Indiranagar,Vehicle Theft,7,Rainy,High
2026-09-19,00:49,0,Saturday,6,September,9,12.914044,77.485388,Kengeri,Cyber Crime,8,Cloudy,High
2025-01-10,05:23,5,Friday,5,January,1,12.926519,77.553488,Banashankari,Accident,5,Rainy,Medium
2026-06-10,07:58,7,Wednesday,3,June,6,13.021711,77.546022,Yeshwanthpur,Theft,2,Cloudy,Low
2026-12-06,07:00,7,Sunday,7,December,12,12.917449,77.612919,BTM Layout,Vehicle Theft,7,Cloudy,Very High
2026-06-20,06:58,6,Saturday,6,June,6,12.960002,77.701387,Marathahalli,Assault,4,Partly Cloudy,Low
2025-06-22,00:01,0,Sunday,7,June,6,13.021964,77.537153,Yeshwanthpur,Vehicle Theft,6,Cloudy,Medium
2025-04-12,19:40,19,Saturday,6,April,4,13.025948,77.537734,Yeshwanthpur,Vandalism,7,Partly Cloudy,High
2025-03-26,09:43,9,Wednesday,3,March,3,13.027642,77.532476,Yeshwanthpur,Accident,3,Rainy,Low
2026-10-21,06:48,6,Wednesday,3,October,10,12.847652,77.657182,Electronic City,Theft,7,Partly Cloudy,Very High
2025-05-23,17:33,17,Friday,5,May,5,13.034429,77.537838,Yeshwanthpur,Fraud,6,Sunny,Very High
2026-05-31,04:10,4,Sunday,7,May,5,12.932433,77.626845,Koramangala,Robbery,6,Partly Cloudy,Medium
2026-06-26,20:11,20,Friday,5,June,6,12.952454,77.697022,Marathahalli,Cyber Crime,5,Sunny,Low
2025-06-09,01:15,1,Monday,1,June,6,12.976942,77.756328,Whitefield,Fraud,8,Rainy,High
2026-09-10,06:37,6,Thursday,4,September,9,12.96625,77.746481,Whitefield,Burglary,2,Partly Cloudy,Low
2025-06-21,12:39,12,Saturday,6,June,6,13.0349,77.599412,Hebbal,Cyber Crime,4,Cloudy,Very High
2025-01-13,01:33,1,Monday,1,January,1,12.938165,77.624038,Koramangala,Burglary,8,Sunny,High
2025-01-10,03:48,3,Friday,5,January,1,12.928276,77.629813,Koramangala,Robbery,4,Sunny,Low
2025-09-03,09:12,9,Wednesday,3,September,9,12.919133,77.486064,Kengeri,Theft,1,Cloudy,Medium
2026-11-07,19:55,19,Saturday,6,November,11,13.024705,77.533048,Yeshwanthpur,Theft,4,Sunny,Medium
2025-12-16,19:33,19,Tuesday,2,December,12,12.97395,77.645497,Indiranagar,Robbery,5,Partly Cloudy,Medium
2026-08-18,08:24,8,Tuesday,2,August,8,12.919273,77.612294,BTM Layout,Fraud,5,Sunny,Very High
2025-09-12,19:23,19,Friday,5,September,9,12.919509,77.486939,Kengeri,Fraud,8,Cloudy,Very High
2026-06-28,03:14,3,Sunday,7,June,6,12.976292,77.752411,Whitefield,Fraud,7,Sunny,Low
2026-05-19,23:20,23,Tuesday,2,May,5,12.911924,77.606858,BTM Layout,Fraud,8,Partly Cloudy,Very High
2025-07-18,10:55,10,Friday,5,July,7,12.962488,77.69601,Marathahalli,Burglary,1,Rainy,Low
2026-08-09,07:50,7,Sunday,7,August,8,12.914216,77.486595,Kengeri,Vandalism,1,Cloudy,Medium
2026-09-11,06:51,6,Friday,5,September,9,12.909215,77.615575,BTM Layout,Theft,7,Cloudy,Very High
2026-05-31,22:17,22,Sunday,7,May,5,13.024384,77.535186,Yeshwanthpur,Vandalism,4,Partly Cloudy,High
2025-09-07,21:29,21,Sunday,7,September,9,12.90993,77.637716,HSR Layout,Robbery,5,Partly Cloudy,Low
2025-04-26,05:00,5,Saturday,6,April,4,12.957257,77.701364,Marathahalli,Vandalism,3,Sunny,Low
2025-07-14,13:20,13,Monday,1,July,7,12.992967,77.548064,Rajajinagar,Assault,5,Sunny,Very High
2026-05-13,07:40,7,Wednesday,3,May,5,12.976074,77.755801,Whitefield,Robbery,7,Sunny,Very High
2026-07-14,08:37,8,Tuesday,2,July,7,12.913383,77.612012,BTM Layout,Robbery,5,Rainy,Very High
2026-07-10,11:39,11,Friday,5,July,7,13.028705,77.597137,Hebbal,Missing Person,1,Cloudy,Low
2025-06-18,06:08,6,Wednesday,3,June,6,12.922224,77.551654,Banashankari,Fraud,6,Rainy,Very High
2026-09-13,12:40,12,Sunday,7,September,9,12.951415,77.692258,Marathahalli,Theft,6,Sunny,Low
2026-04-28,22:38,22,Tuesday,2,April,4,12.924458,77.546227,Banashankari,Burglary,4,Partly Cloudy,Low
2026-11-28,12:48,12,Saturday,6,November,11,12.952976,77.695109,Marathahalli,Fraud,8,Sunny,High
2026-12-25,07:42,7,Friday,5,December,12,12.920784,77.481139,Kengeri,Theft,4,Rainy,Medium
2025-11-29,04:49,4,Saturday,6,November,11,12.845615,77.655656,Electronic City,Assault,8,Cloudy,Very High
2025-07-10,12:31,12,Thursday,4,July,7,12.905415,77.632677,HSR Layout,Robbery,7,Sunny,Very High
2026-05-22,14:23,14,Friday,5,May,5,12.91515,77.489828,Kengeri,Vandalism,3,Partly Cloudy,High
2026-05-23,10:58,10,Saturday,6,May,5,13.024438,77.543285,Yeshwanthpur,Robbery,6,Rainy,High
2026-03-16,23:10,23,Monday,1,March,3,12.972572,77.639567,Indiranagar,Robbery,7,Rainy,Low
2025-08-02,12:22,12,Saturday,6,August,8,13.027752,77.540522,Yeshwanthpur,Cyber Crime,6,Cloudy,Medium
2025-01-05,07:04,7,Sunday,7,January,1,12.93704,77.632395,Koramangala,Robbery,5,Partly Cloudy,High
2026-07-05,06:03,6,Sunday,7,July,7,12.966948,77.75149,Whitefield,Cyber Crime,4,Sunny,Very High
2026-07-26,01:40,1,Sunday,7,July,7,12.970459,77.751459,Whitefield,Vandalism,7,Sunny,Low
2025-07-02,19:55,19,Wednesday,3,July,7,12.921615,77.479402,Kengeri,Burglary,5,Sunny,Low
2026-04-19,09:53,9,Sunday,7,April,4,12.978117,77.641636,Indiranagar,Burglary,4,Rainy,Medium
2025-01-13,11:32,11,Monday,1,January,1,12.930567,77.599966,Jayanagar,Burglary,2,Sunny,Low
2025-06-07,14:06,14,Saturday,6,June,6,12.910674,77.475597,Kengeri,Theft,5,Partly Cloudy,High
2026-06-22,10:34,10,Monday,1,June,6,12.919526,77.643067,HSR Layout,Vandalism,4,Rainy,Very High
2026-10-04,14:08,14,Sunday,7,October,10,12.918295,77.612231,BTM Layout,Missing Person,2,Rainy,Medium
2026-02-24,00:16,0,Tuesday,2,February,2,12.931272,77.631564,Koramangala,Cyber Crime,8,Sunny,Low
2025-11-05,07:08,7,Wednesday,3,November,11,12.955977,77.691073,Marathahalli,Vandalism,1,Cloudy,Low
2026-12-16,05:30,5,Wednesday,3,December,12,12.969319,77.743376,Whitefield,Vandalism,8,Partly Cloudy,Very High
2025-09-24,08:41,8,Wednesday,3,September,9,12.936952,77.630583,Koramangala,Accident,5,Rainy,High
2026-03-14,18:23,18,Saturday,6,March,3,12.929021,77.549883,Banashankari,Fraud,6,Partly Cloudy,Very High
2025-07-29,00:36,0,Tuesday,2,July,7,13.000153,77.576193,Malleshwaram,Burglary,7,Cloudy,High
2026-01-19,12:59,12,Monday,1,January,1,13.034576,77.533151,Yeshwanthpur,Vehicle Theft,2,Partly Cloudy,Low
2026-03-24,17:54,17,Tuesday,2,March,3,12.908732,77.615743,BTM Layout,Assault,2,Sunny,Low
2025-10-18,03:25,3,Saturday,6,October,10,12.914406,77.608942,BTM Layout,Vehicle Theft,7,Cloudy,High
2026-03-03,00:53,0,Tuesday,2,March,3,12.998176,77.562299,Rajajinagar,Burglary,10,Rainy,High
2026-04-29,12:05,12,Wednesday,3,April,4,12.921585,77.609816,BTM Layout,Vehicle Theft,6,Cloudy,High
2025-07-20,14:32,14,Sunday,7,July,7,13.023855,77.546758,Yeshwanthpur,Fraud,10,Rainy,Very High
2026-05-02,04:51,4,Saturday,6,May,5,12.838204,77.653936,Electronic City,Assault,8,Rainy,Very High
2026-10-13,22:34,22,Tuesday,2,October,10,12.999059,77.573743,Malleshwaram,Fraud,7,Partly Cloudy,Low
2025-09-05,05:38,5,Friday,5,September,9,12.966612,77.704301,Marathahalli,Robbery,2,Sunny,Medium
2026-07-28,23:06,23,Tuesday,2,July,7,12.92717,77.538855,Banashankari,Vandalism,6,Sunny,Very High
2025-11-23,05:11,5,Sunday,7,November,11,12.943487,77.568413,Basavanagudi,Accident,2,Rainy,Medium
2025-10-16,16:13,16,Thursday,4,October,10,13.007072,77.562574,Malleshwaram,Missing Person,3,Rainy,Low
2026-06-05,20:11,20,Friday,5,June,6,13.030887,77.601588,Hebbal,Fraud,8,Sunny,Very High
2025-06-24,11:15,11,Tuesday,2,June,6,12.95344,77.690752,Marathahalli,Missing Person,4,Sunny,Medium
2026-07-04,02:13,2,Saturday,6,July,7,12.844371,77.654468,Electronic City,Burglary,10,Partly Cloudy,High
2025-06-12,02:00,2,Thursday,4,June,6,12.930501,77.539629,Banashankari,Theft,7,Rainy,Medium
2026-10-06,04:38,4,Tuesday,2,October,10,13.005016,77.568734,Malleshwaram,Accident,5,Cloudy,High
2025-11-10,03:51,3,Monday,1,November,11,12.906373,77.484347,Kengeri,Burglary,6,Cloudy,Medium
2025-11-01,16:54,16,Saturday,6,November,11,13.020993,77.532457,Yeshwanthpur,Robbery,6,Sunny,Medium
2025-12-25,09:45,9,Thursday,4,December,12,13.024992,77.54369,Yeshwanthpur,Missing Person,3,Rainy,High
2026-01-11,19:43,19,Sunday,7,January,1,12.922286,77.55258,Banashankari,Burglary,5,Rainy,Medium
2025-11-30,12:55,12,Sunday,7,November,11,12.977142,77.743136,Whitefield,Vandalism,8,Cloudy,Very High
2025-06-05,19:27,19,Thursday,4,June,6,13.007054,77.577058,Malleshwaram,Vehicle Theft,3,Cloudy,Low
2026-07-04,20:58,20,Saturday,6,July,7,12.998272,77.571301,Malleshwaram,Vehicle Theft,11,Rainy,Low
2025-04-13,13:16,13,Sunday,7,April,4,12.913945,77.634319,HSR Layout,Accident,1,Cloudy,Medium
2026-01-10,14:26,14,Saturday,6,January,1,12.963466,77.749621,Whitefield,Vandalism,4,Sunny,Low
2026-07-08,15:36,15,Wednesday,3,July,7,12.971123,77.646303,Indiranagar,Robbery,3,Partly Cloudy,Medium
2025-06-02,17:41,17,Monday,1,June,6,12.923007,77.601017,Jayanagar,Vehicle Theft,7,Cloudy,Very High
2025-06-01,04:26,4,Sunday,7,June,6,12.920076,77.488212,Kengeri,Assault,10,Cloudy,Medium
2025-05-30,22:51,22,Friday,5,May,5,13.020989,77.540365,Yeshwanthpur,Vandalism,5,Partly Cloudy,Low
2025-02-05,16:56,16,Wednesday,3,February,2,13.021117,77.545163,Yeshwanthpur,Burglary,4,Cloudy,Low
2025-07-08,01:49,1,Tuesday,2,July,7,12.936275,77.575572,Basavanagudi,Burglary,6,Sunny,Medium
2026-05-06,01:10,1,Wednesday,3,May,5,13.035913,77.539876,Yeshwanthpur,Cyber Crime,6,Cloudy,Low
2025-09-16,16:51,16,Tuesday,2,September,9,12.964967,77.752851,Whitefield,Accident,7,Partly Cloudy,Very High
2026-07-23,19:55,19,Thursday,4,July,7,12.916059,77.63203,HSR Layout,Vandalism,5,Partly Cloudy,High
2026-06-03,05:20,5,Wednesday,3,June,6,12.908716,77.636307,HSR Layout,Theft,6,Rainy,High
2025-10-06,09:25,9,Monday,1,October,10,12.966878,77.691716,Marathahalli,Vehicle Theft,8,Partly Cloudy,High
2026-04-04,09:15,9,Saturday,6,April,4,12.996416,77.560797,Rajajinagar,Robbery,3,Partly Cloudy,High
2026-06-18,07:43,7,Thursday,4,June,6,12.995897,77.570249,Malleshwaram,Assault,4,Partly Cloudy,Medium
2026-05-09,01:02,1,Saturday,6,May,5,13.028428,77.592142,Hebbal,Vehicle Theft,8,Cloudy,Low
2025-12-15,12:20,12,Monday,1,December,12,12.903918,77.644581,HSR Layout,Burglary,1,Cloudy,Low
2026-04-14,00:55,0,Tuesday,2,April,4,12.963438,77.7424,Whitefield,Missing Person,8,Rainy,Medium
2025-10-14,11:30,11,Tuesday,2,October,10,12.838001,77.660474,Electronic City,Vandalism,3,Sunny,Medium
2025-12-11,08:34,8,Thursday,4,December,12,12.976933,77.755716,Whitefield,Vehicle Theft,7,Cloudy,Very High
2025-10-02,13:50,13,Thursday,4,October,10,13.02874,77.593311,Hebbal,Vandalism,4,Rainy,Low
2026-08-14,07:22,7,Friday,5,August,8,12.972013,77.745081,Whitefield,Vehicle Theft,5,Sunny,Very High
2025-09-20,01:24,1,Saturday,6,September,9,12.97552,77.742838,Whitefield,Accident,6,Sunny,Medium
2025-10-28,13:02,13,Tuesday,2,October,10,12.906482,77.635895,HSR Layout,Vandalism,4,Sunny,Medium
2025-05-15,22:01,22,Thursday,4,May,5,12.926454,77.541039,Banashankari,Missing Person,6,Sunny,Very High
2026-12-13,20:10,20,Sunday,7,December,12,12.905401,77.637153,HSR Layout,Cyber Crime,3,Cloudy,Low
2025-07-22,07:28,7,Tuesday,2,July,7,12.930344,77.586206,Jayanagar,Accident,4,Rainy,High
2026-07-28,00:37,0,Tuesday,2,July,7,12.984537,77.634422,Indiranagar,Vehicle Theft,9,Sunny,Very High
2026-03-07,12:44,12,Saturday,6,March,3,12.990587,77.553113,Rajajinagar,Accident,7,Rainy,Very High
2026-05-22,03:56,3,Friday,5,May,5,12.970813,77.742195,Whitefield,Burglary,8,Cloudy,Very High
2026-07-13,10:06,10,Monday,1,July,7,12.909377,77.48607,Kengeri,Fraud,4,Sunny,Low
2026-02-17,17:13,17,Tuesday,2,February,2,12.924198,77.541701,Banashankari,Cyber Crime,1,Rainy,Medium
2025-10-02,19:01,19,Thursday,4,October,10,13.03404,77.535835,Yeshwanthpur,Fraud,7,Rainy,Medium
2025-09-20,21:59,21,Saturday,6,September,9,12.98415,77.635544,Indiranagar,Theft,11,Cloudy,Medium
2026-11-12,04:53,4,Thursday,4,November,11,12.970724,77.75272,Whitefield,Assault,5,Rainy,Very High
2025-02-26,13:04,13,Wednesday,3,February,2,12.940058,77.627302,Koramangala,Theft,4,Rainy,Medium
2026-09-07,21:09,21,Monday,1,September,9,12.920226,77.593812,Jayanagar,Cyber Crime,9,Cloudy,Very High
2025-08-18,19:46,19,Monday,1,August,8,12.844182,77.665547,Electronic City,Robbery,4,Sunny,Medium
2026-03-16,13:11,13,Monday,1,March,3,12.917135,77.634479,HSR Layout,Cyber Crime,6,Cloudy,Very High
2025-10-11,06:36,6,Saturday,6,October,10,12.91186,77.488043,Kengeri,Robbery,5,Cloudy,Very High
2025-09-14,14:34,14,Sunday,7,September,9,12.932848,77.595061,Jayanagar,Vandalism,5,Rainy,High
2025-09-16,01:47,1,Tuesday,2,September,9,13.04108,77.60415,Hebbal,Cyber Crime,4,Rainy,Medium
2026-09-16,00:10,0,Wednesday,3,September,9,12.930622,77.598596,Jayanagar,Assault,4,Partly Cloudy,Medium
2026-10-31,03:20,3,Saturday,6,October,10,12.958523,77.696606,Marathahalli,Vehicle Theft,5,Cloudy,Low
2025-01-23,21:33,21,Thursday,4,January,1,12.918471,77.58635,Jayanagar,Robbery,8,Rainy,Very High
2025-12-02,11:59,11,Tuesday,2,December,12,12.963004,77.690868,Marathahalli,Cyber Crime,3,Rainy,High
2026-09-30,19:02,19,Wednesday,3,September,9,12.929827,77.601218,Jayanagar,Cyber Crime,2,Cloudy,Medium
2025-08-04,03:32,3,Monday,1,August,8,12.917083,77.638631,HSR Layout,Theft,5,Cloudy,Medium
2026-10-18,04:42,4,Sunday,7,October,10,13.005599,77.571299,Malleshwaram,Vandalism,13,Rainy,Very High
2026-02-18,18:07,18,Wednesday,3,February,2,12.919474,77.554054,Banashankari,Robbery,4,Rainy,Very High
2025-02-05,15:21,15,Wednesday,3,February,2,12.915351,77.605944,BTM Layout,Burglary,3,Sunny,Medium
2025-08-19,17:34,17,Tuesday,2,August,8,12.985964,77.633346,Indiranagar,Missing Person,4,Partly Cloudy,High
2025-10-28,04:16,4,Tuesday,2,October,10,12.927092,77.59068,Jayanagar,Missing Person,5,Partly Cloudy,High
2025-09-21,18:43,18,Sunday,7,September,9,12.923182,77.597148,Jayanagar,Robbery,3,Partly Cloudy,Low
2025-08-29,03:02,3,Friday,5,August,8,12.940782,77.579701,Basavanagudi,Vandalism,6,Sunny,Low
2026-02-28,02:36,2,Saturday,6,February,2,12.932858,77.585762,Jayanagar,Missing Person,6,Cloudy,Medium
2025-03-06,01:23,1,Thursday,4,March,3,12.931951,77.595239,Jayanagar,Accident,6,Rainy,Low
2025-09-28,19:46,19,Sunday,7,September,9,12.971776,77.641599,Indiranagar,Theft,5,Sunny,Medium
2025-02-18,18:29,18,Tuesday,2,February,2,12.838641,77.65397,Electronic City,Theft,3,Partly Cloudy,Medium
2025-11-04,18:54,18,Tuesday,2,November,11,12.92078,77.608665,BTM Layout,Robbery,3,Partly Cloudy,High
2025-05-13,12:55,12,Tuesday,2,May,5,12.844635,77.653685,Electronic City,Cyber Crime,3,Sunny,Low
2026-02-23,13:30,13,Monday,1,February,2,12.937831,77.623146,Koramangala,Accident,4,Partly Cloudy,High
2026-05-31,22:11,22,Sunday,7,May,5,12.921093,77.480142,Kengeri,Fraud,12,Cloudy,High
2026-11-29,20:32,20,Sunday,7,November,11,13.010569,77.566125,Malleshwaram,Missing Person,10,Cloudy,High
2026-09-30,11:17,11,Wednesday,3,September,9,12.962018,77.69021,Marathahalli,Cyber Crime,5,Partly Cloudy,Low
2025-08-17,22:48,22,Sunday,7,August,8,12.930567,77.586587,Jayanagar,Theft,10,Rainy,Medium
2026-06-09,13:07,13,Tuesday,2,June,6,12.929798,77.616871,Koramangala,Assault,2,Cloudy,Low
2025-05-28,09:19,9,Wednesday,3,May,5,12.977589,77.645177,Indiranagar,Accident,6,Partly Cloudy,Very High
2025-02-06,21:20,21,Thursday,4,February,2,13.029652,77.538118,Yeshwanthpur,Vandalism,8,Partly Cloudy,Low
2025-12-27,15:26,15,Saturday,6,December,12,13.028334,77.603008,Hebbal,Assault,5,Cloudy,High
2025-12-14,20:13,20,Sunday,7,December,12,12.948924,77.57151,Basavanagudi,Assault,7,Rainy,Low
2026-07-31,14:28,14,Friday,5,July,7,12.975701,77.642057,Indiranagar,Accident,1,Sunny,Low
2026-01-12,02:17,2,Monday,1,January,1,12.983181,77.648365,Indiranagar,Fraud,5,Partly Cloudy,Medium
2026-08-20,18:26,18,Thursday,4,August,8,12.962693,77.754223,Whitefield,Vehicle Theft,6,Sunny,High
2025-03-19,01:18,1,Wednesday,3,March,3,13.028229,77.599819,Hebbal,Vehicle Theft,9,Rainy,High
2025-06-16,18:12,18,Monday,1,June,6,12.915264,77.645142,HSR Layout,Burglary,1,Partly Cloudy,Low
2025-07-16,06:35,6,Wednesday,3,July,7,12.967155,77.751279,Whitefield,Theft,7,Sunny,Very High
2026-07-27,21:36,21,Monday,1,July,7,12.924765,77.545768,Banashankari,Vandalism,7,Cloudy,High
2026-12-30,09:39,9,Wednesday,3,December,12,12.983924,77.641,Indiranagar,Fraud,5,Sunny,Low
2025-10-24,08:12,8,Friday,5,October,10,12.916289,77.645306,HSR Layout,Accident,1,Sunny,Medium
2026-01-08,22:16,22,Thursday,4,January,1,13.032528,77.5999,Hebbal,Theft,11,Cloudy,Very High
2026-02-03,15:41,15,Tuesday,2,February,2,12.930695,77.552196,Banashankari,Burglary,5,Partly Cloudy,Very High
2025-01-03,22:03,22,Friday,5,January,1,12.930942,77.541652,Banashankari,Robbery,6,Sunny,High
2026-09-09,16:31,16,Wednesday,3,September,9,12.84122,77.657702,Electronic City,Missing Person,6,Rainy,High
2026-09-25,14:50,14,Friday,5,September,9,12.916813,77.482402,Kengeri,Theft,5,Rainy,Low
2025-04-04,21:46,21,Friday,5,April,4,12.838976,77.663723,Electronic City,Assault,8,Cloudy,Medium
2025-12-18,05:25,5,Thursday,4,December,12,12.933906,77.575003,Basavanagudi,Missing Person,3,Sunny,High
2025-09-04,15:19,15,Thursday,4,September,9,12.933008,77.539801,Banashankari,Robbery,4,Sunny,Medium
2026-12-02,02:55,2,Wednesday,3,December,12,12.914504,77.604162,BTM Layout,Accident,6,Sunny,Medium
2025-01-26,04:20,4,Sunday,7,January,1,13.029361,77.536547,Yeshwanthpur,Accident,7,Sunny,Very High
2026-03-30,10:11,10,Monday,1,March,3,12.935649,77.575334,Basavanagudi,Missing Person,4,Rainy,Medium
2025-02-25,13:07,13,Tuesday,2,February,2,12.9707,77.643337,Indiranagar,Vandalism,7,Rainy,Very High
2025-12-06,08:55,8,Saturday,6,December,12,12.918309,77.640743,HSR Layout,Accident,5,Sunny,High
2026-03-04,02:23,2,Wednesday,3,March,3,12.966866,77.751031,Whitefield,Missing Person,7,Rainy,High
2026-10-04,20:05,20,Sunday,7,October,10,12.962783,77.689554,Marathahalli,Robbery,6,Sunny,High
2025-05-02,18:17,18,Friday,5,May,5,12.922037,77.590825,Jayanagar,Assault,5,Sunny,High
2025-01-09,11:19,11,Thursday,4,January,1,12.977133,77.748565,Whitefield,Assault,7,Rainy,Very High
2025-04-12,20:33,20,Saturday,6,April,4,12.915323,77.602109,BTM Layout,Cyber Crime,7,Sunny,High
2025-11-07,00:09,0,Friday,5,November,11,12.9766,77.644962,Indiranagar,Cyber Crime,8,Partly Cloudy,High
2026-08-03,05:37,5,Monday,1,August,8,12.932651,77.540745,Banashankari,Fraud,7,Sunny,High
2025-09-25,16:04,16,Thursday,4,September,9,12.977487,77.750918,Whitefield,Cyber Crime,4,Sunny,Medium
2026-09-08,18:30,18,Tuesday,2,September,9,13.041925,77.597129,Hebbal,Accident,6,Rainy,Very High
2026-06-08,03:15,3,Monday,1,June,6,12.98739,77.561899,Rajajinagar,Theft,6,Sunny,High
2025-12-24,17:30,17,Wednesday,3,December,12,12.930348,77.631179,Koramangala,Vandalism,8,Partly Cloudy,Very High
2025-06-06,07:33,7,Friday,5,June,6,13.005761,77.565931,Malleshwaram,Assault,3,Sunny,Medium
2026-06-13,10:56,10,Saturday,6,June,6,12.926048,77.5867,Jayanagar,Burglary,4,Rainy,Low
2026-01-17,08:21,8,Saturday,6,January,1,12.911253,77.602513,BTM Layout,Accident,8,Cloudy,Very High
2026-08-27,00:05,0,Thursday,4,August,8,13.020818,77.545679,Yeshwanthpur,Fraud,10,Rainy,Very High
2026-03-23,07:57,7,Monday,1,March,3,13.003154,77.573213,Malleshwaram,Assault,4,Rainy,Very High
2025-10-05,15:47,15,Sunday,7,October,10,13.00723,77.568271,Malleshwaram,Vehicle Theft,5,Rainy,Medium
2025-03-03,02:02,2,Monday,1,March,3,12.974283,77.641676,Indiranagar,Missing Person,6,Sunny,Medium
2026-04-29,01:54,1,Wednesday,3,April,4,13.003818,77.575936,Malleshwaram,Burglary,4,Sunny,Medium
2025-02-15,00:06,0,Saturday,6,February,2,12.923144,77.600773,Jayanagar,Burglary,7,Cloudy,Low
2025-09-24,01:02,1,Wednesday,3,September,9,12.920978,77.606262,BTM Layout,Robbery,6,Cloudy,High
2026-12-19,01:48,1,Saturday,6,December,12,12.910204,77.484686,Kengeri,Cyber Crime,7,Partly Cloudy,Medium
2025-10-12,16:26,16,Sunday,7,October,10,13.002845,77.564442,Malleshwaram,Assault,2,Rainy,High
2026-04-04,20:47,20,Saturday,6,April,4,12.98501,77.562752,Rajajinagar,Cyber Crime,11,Partly Cloudy,Medium
2025-06-25,20:03,20,Wednesday,3,June,6,12.90997,77.486347,Kengeri,Fraud,8,Partly Cloudy,High
2025-10-10,11:51,11,Friday,5,October,10,12.976799,77.646875,Indiranagar,Cyber Crime,4,Cloudy,Low
2025-02-16,23:46,23,Sunday,7,February,2,12.958242,77.6976,Marathahalli,Assault,9,Rainy,High
2026-01-13,16:22,16,Tuesday,2,January,1,12.92438,77.552503,Banashankari,Robbery,7,Partly Cloudy,Very High
2026-09-28,08:40,8,Monday,1,September,9,12.963129,77.755861,Whitefield,Theft,6,Partly Cloudy,Very High
2026-05-29,03:37,3,Friday,5,May,5,12.98492,77.55944,Rajajinagar,Accident,9,Partly Cloudy,Medium
2026-01-30,04:09,4,Friday,5,January,1,12.937619,77.628208,Koramangala,Burglary,9,Sunny,Very High
2025-06-12,10:50,10,Thursday,4,June,6,13.027906,77.600883,Hebbal,Fraud,2,Partly Cloudy,Low
2025-05-19,07:20,7,Monday,1,May,5,13.02978,77.599416,Hebbal,Missing Person,8,Rainy,Very High
2025-06-20,08:48,8,Friday,5,June,6,12.969849,77.750136,Whitefield,Vandalism,2,Cloudy,High
2026-01-26,20:18,20,Monday,1,January,1,12.931567,77.600728,Jayanagar,Assault,5,Cloudy,High
2026-12-27,07:20,7,Sunday,7,December,12,12.932314,77.624036,Koramangala,Vandalism,6,Partly Cloudy,Medium
2026-09-02,10:40,10,Wednesday,3,September,9,12.923325,77.592368,Jayanagar,Missing Person,7,Partly Cloudy,High
2026-04-02,23:23,23,Thursday,4,April,4,12.964414,77.700922,Marathahalli,Theft,5,Cloudy,Medium
2026-01-14,14:19,14,Wednesday,3,January,1,13.033519,77.593423,Hebbal,Burglary,6,Cloudy,High
2026-12-11,08:56,8,Friday,5,December,12,12.939068,77.630723,Koramangala,Missing Person,3,Partly Cloudy,Very High
2026-10-25,20:15,20,Sunday,7,October,10,12.998451,77.568174,Malleshwaram,Accident,10,Sunny,Low
2025-03-21,01:21,1,Friday,5,March,3,12.942558,77.631981,Koramangala,Accident,9,Rainy,Very High
2025-05-30,19:08,19,Friday,5,May,5,13.003202,77.567166,Malleshwaram,Missing Person,3,Cloudy,Very High
2025-06-22,12:47,12,Sunday,7,June,6,12.91581,77.483818,Kengeri,Vehicle Theft,10,Cloudy,Very High
2026-12-24,13:33,13,Thursday,4,December,12,12.970983,77.744198,Whitefield,Missing Person,2,Cloudy,High
2026-10-31,05:36,5,Saturday,6,October,10,12.906726,77.638579,HSR Layout,Assault,9,Cloudy,Very High
2026-07-13,05:48,5,Monday,1,July,7,12.981385,77.635329,Indiranagar,Missing Person,5,Sunny,High
2025-08-02,05:08,5,Saturday,6,August,8,12.94094,77.578076,Basavanagudi,Accident,3,Cloudy,High
2026-10-30,16:19,16,Friday,5,October,10,12.978915,77.646934,Indiranagar,Theft,1,Sunny,Low
2026-11-09,16:55,16,Monday,1,November,11,12.92139,77.553461,Banashankari,Robbery,2,Sunny,Low
2025-07-30,14:45,14,Wednesday,3,July,7,12.935581,77.623067,Koramangala,Accident,2,Partly Cloudy,Low
2026-01-22,18:25,18,Thursday,4,January,1,12.930389,77.616857,Koramangala,Assault,6,Rainy,High
2026-04-23,09:15,9,Thursday,4,April,4,12.962661,77.750107,Whitefield,Robbery,6,Cloudy,High
2025-08-26,13:50,13,Tuesday,2,August,8,12.947599,77.569762,Basavanagudi,Assault,4,Sunny,Low
2026-09-02,15:24,15,Wednesday,3,September,9,12.92056,77.540549,Banashankari,Assault,2,Partly Cloudy,Medium
2025-07-18,01:27,1,Friday,5,July,7,12.972389,77.640855,Indiranagar,Accident,10,Sunny,High
2025-12-04,20:35,20,Thursday,4,December,12,12.850517,77.663849,Electronic City,Vandalism,8,Cloudy,High
2026-06-20,16:32,16,Saturday,6,June,6,12.852776,77.661459,Electronic City,Burglary,7,Sunny,Medium
2026-12-11,03:43,3,Friday,5,December,12,12.924972,77.594744,Jayanagar,Cyber Crime,6,Sunny,High
2025-10-15,14:17,14,Wednesday,3,October,10,12.912842,77.613699,BTM Layout,Burglary,9,Cloudy,Very High
2026-07-01,04:25,4,Wednesday,3,July,7,12.987172,77.561365,Rajajinagar,Burglary,6,Sunny,High
2025-01-01,00:42,0,Wednesday,3,January,1,12.936575,77.581084,Basavanagudi,Accident,6,Rainy,Medium
2025-03-13,13:03,13,Thursday,4,March,3,12.930943,77.586432,Jayanagar,Cyber Crime,8,Partly Cloudy,Very High
2025-12-21,17:58,17,Sunday,7,December,12,12.981057,77.646414,Indiranagar,Assault,7,Sunny,High
2025-10-07,11:46,11,Tuesday,2,October,10,12.990937,77.556484,Rajajinagar,Assault,7,Partly Cloudy,High
2025-02-02,10:26,10,Sunday,7,February,2,12.971595,77.748665,Whitefield,Fraud,7,Rainy,Very High
2026-05-18,21:47,21,Monday,1,May,5,12.850731,77.66499,Electronic City,Missing Person,4,Cloudy,Medium
2026-01-10,11:34,11,Saturday,6,January,1,13.003688,77.565881,Malleshwaram,Assault,8,Sunny,Very High
2026-08-12,08:05,8,Wednesday,3,August,8,12.924158,77.599526,Jayanagar,Accident,2,Sunny,High
2025-07-01,14:53,14,Tuesday,2,July,7,12.934912,77.574465,Basavanagudi,Cyber Crime,1,Partly Cloudy,Medium
2025-08-18,02:25,2,Monday,1,August,8,13.039797,77.593373,Hebbal,Vehicle Theft,5,Partly Cloudy,Low
2025-11-10,07:23,7,Monday,1,November,11,12.93135,77.549022,Banashankari,Robbery,5,Sunny,Medium
2026-07-04,19:58,19,Saturday,6,July,7,12.979881,77.643336,Indiranagar,Fraud,3,Partly Cloudy,Low
2025-11-30,11:48,11,Sunday,7,November,11,12.912032,77.610128,BTM Layout,Accident,5,Partly Cloudy,Low
2025-10-30,23:28,23,Thursday,4,October,10,12.974678,77.757016,Whitefield,Burglary,11,Cloudy,Very High
2026-05-09,13:38,13,Saturday,6,May,5,12.910396,77.633661,HSR Layout,Fraud,9,Partly Cloudy,Very High
2026-06-18,11:56,11,Thursday,4,June,6,12.979422,77.635413,Indiranagar,Missing Person,3,Sunny,Low
2025-02-23,22:56,22,Sunday,7,February,2,12.923966,77.596901,Jayanagar,Robbery,9,Partly Cloudy,Medium
2026-05-26,20:13,20,Tuesday,2,May,5,13.034489,77.545604,Yeshwanthpur,Vandalism,5,Cloudy,Low
2025-02-06,12:26,12,Thursday,4,February,2,12.916563,77.611588,BTM Layout,Vehicle Theft,5,Sunny,Medium
2025-07-28,08:07,8,Monday,1,July,7,12.918087,77.631129,HSR Layout,Accident,4,Sunny,High
2026-08-27,19:45,19,Thursday,4,August,8,12.99543,77.553119,Rajajinagar,Accident,5,Cloudy,Very High
2025-02-22,00:30,0,Saturday,6,February,2,12.846613,77.662716,Electronic City,Cyber Crime,6,Cloudy,Medium
2025-07-15,04:41,4,Tuesday,2,July,7,12.909427,77.605473,BTM Layout,Missing Person,7,Sunny,Very High
2026-06-18,08:36,8,Thursday,4,June,6,12.956522,77.693763,Marathahalli,Missing Person,5,Rainy,High
2025-03-31,20:51,20,Monday,1,March,3,13.035937,77.535395,Yeshwanthpur,Accident,3,Rainy,Low
2025-12-07,00:13,0,Sunday,7,December,12,13.03086,77.603231,Hebbal,Vehicle Theft,14,Sunny,Very High
2026-01-06,03:30,3,Tuesday,2,January,1,12.99697,77.569078,Malleshwaram,Fraud,5,Cloudy,Medium
2026-08-19,09:04,9,Wednesday,3,August,8,12.911387,77.483228,Kengeri,Assault,6,Partly Cloudy,High
2026-01-05,08:55,8,Monday,1,January,1,13.027021,77.540724,Yeshwanthpur,Theft,8,Partly Cloudy,Very High
2026-07-15,17:21,17,Wednesday,3,July,7,12.911478,77.637247,HSR Layout,Vehicle Theft,1,Partly Cloudy,Low
2025-02-23,00:35,0,Sunday,7,February,2,12.931534,77.586615,Jayanagar,Assault,8,Partly Cloudy,Medium
2025-01-08,19:55,19,Wednesday,3,January,1,13.021542,77.540641,Yeshwanthpur,Robbery,2,Partly Cloudy,High
2026-10-30,19:21,19,Friday,5,October,10,12.982235,77.639332,Indiranagar,Cyber Crime,3,Rainy,High
2026-04-11,12:43,12,Saturday,6,April,4,13.021046,77.546843,Yeshwanthpur,Burglary,4,Cloudy,Medium
2025-04-25,10:19,10,Friday,5,April,4,12.927265,77.591288,Jayanagar,Accident,1,Cloudy,Low
2026-10-10,15:49,15,Saturday,6,October,10,12.934111,77.572936,Basavanagudi,Fraud,5,Cloudy,Medium
2026-05-04,03:05,3,Monday,1,May,5,13.036091,77.597897,Hebbal,Cyber Crime,6,Rainy,High
2025-12-01,15:22,15,Monday,1,December,12,12.911949,77.487499,Kengeri,Robbery,5,Cloudy,Low
2026-06-06,19:08,19,Saturday,6,June,6,13.030097,77.54662,Yeshwanthpur,Vandalism,8,Sunny,High
2026-10-09,22:26,22,Friday,5,October,10,12.849355,77.653935,Electronic City,Assault,2,Sunny,Low
2026-02-25,05:19,5,Wednesday,3,February,2,12.928949,77.554639,Banashankari,Assault,1,Sunny,Medium
2025-04-12,08:33,8,Saturday,6,April,4,12.919463,77.482561,Kengeri,Vandalism,4,Rainy,Low
2026-12-26,19:27,19,Saturday,6,December,12,12.918624,77.540962,Banashankari,Fraud,5,Sunny,Very High
2025-10-29,13:50,13,Wednesday,3,October,10,12.912889,77.480772,Kengeri,Cyber Crime,2,Cloudy,Medium
2026-01-18,12:32,12,Sunday,7,January,1,12.845392,77.653513,Electronic City,Theft,5,Sunny,High
2025-07-05,06:38,6,Saturday,6,July,7,12.998475,77.557674,Rajajinagar,Cyber Crime,7,Cloudy,High
2025-11-17,23:51,23,Monday,1,November,11,12.938026,77.624327,Koramangala,Vandalism,6,Sunny,Very High
2025-02-05,11:15,11,Wednesday,3,February,2,13.031003,77.604385,Hebbal,Accident,4,Rainy,Low
2026-11-26,23:13,23,Thursday,4,November,11,13.025257,77.547697,Yeshwanthpur,Cyber Crime,5,Partly Cloudy,Low
2025-08-08,02:27,2,Friday,5,August,8,13.020701,77.543283,Yeshwanthpur,Vandalism,9,Cloudy,Very High
2025-04-24,21:48,21,Thursday,4,April,4,12.963532,77.695589,Marathahalli,Missing Person,7,Rainy,Very High
2026-09-10,15:13,15,Thursday,4,September,9,12.983802,77.559467,Rajajinagar,Theft,5,Cloudy,Medium
2025-01-06,08:45,8,Monday,1,January,1,12.951109,77.698018,Marathahalli,Burglary,7,Sunny,High
2026-05-21,17:40,17,Thursday,4,May,5,13.021672,77.537765,Yeshwanthpur,Fraud,7,Sunny,High
2025-10-01,19:44,19,Wednesday,3,October,10,12.908954,77.616268,BTM Layout,Vehicle Theft,7,Sunny,Medium
2025-02-16,05:31,5,Sunday,7,February,2,12.920473,77.591569,Jayanagar,Burglary,7,Partly Cloudy,Medium
2025-06-18,23:46,23,Wednesday,3,June,6,12.921915,77.610777,BTM Layout,Missing Person,8,Sunny,Low
2025-05-28,06:48,6,Wednesday,3,May,5,13.027392,77.542872,Yeshwanthpur,Fraud,5,Partly Cloudy,Very High
2026-08-06,18:47,18,Thursday,4,August,8,12.845165,77.663641,Electronic City,Vehicle Theft,4,Partly Cloudy,Medium
2026-02-08,06:33,6,Sunday,7,February,2,12.921909,77.48428,Kengeri,Theft,4,Cloudy,High
2026-05-27,17:46,17,Wednesday,3,May,5,12.91851,77.609442,BTM Layout,Accident,7,Cloudy,High
2025-10-31,05:14,5,Friday,5,October,10,13.035283,77.53903,Yeshwanthpur,Assault,7,Sunny,Very High
2025-08-15,16:13,16,Friday,5,August,8,12.911315,77.639448,HSR Layout,Fraud,5,Rainy,Medium
2025-04-10,01:44,1,Thursday,4,April,4,13.03395,77.534098,Yeshwanthpur,Theft,10,Cloudy,Very High
2025-02-04,20:18,20,Tuesday,2,February,2,12.930783,77.541866,Banashankari,Missing Person,9,Partly Cloudy,Very High
2026-12-20,01:24,1,Sunday,7,December,12,13.027589,77.534601,Yeshwanthpur,Accident,11,Partly Cloudy,Very High
2026-08-09,18:07,18,Sunday,7,August,8,13.011476,77.56901,Malleshwaram,Theft,10,Cloudy,High
2026-10-05,17:27,17,Monday,1,October,10,13.032972,77.592035,Hebbal,Missing Person,3,Cloudy,Low
2026-02-04,23:01,23,Wednesday,3,February,2,12.932237,77.538899,Banashankari,Burglary,4,Rainy,Low
2026-09-22,06:32,6,Tuesday,2,September,9,12.919486,77.643042,HSR Layout,Missing Person,5,Sunny,Low
2026-04-02,23:08,23,Thursday,4,April,4,12.965157,77.702331,Marathahalli,Accident,6,Partly Cloudy,High
2025-03-14,18:13,18,Friday,5,March,3,12.989654,77.549761,Rajajinagar,Cyber Crime,1,Cloudy,Low
2026-09-09,01:34,1,Wednesday,3,September,9,12.953784,77.692711,Marathahalli,Burglary,10,Sunny,High
2025-04-08,05:35,5,Tuesday,2,April,4,13.007839,77.566587,Malleshwaram,Robbery,1,Rainy,Low
2026-04-18,03:01,3,Saturday,6,April,4,13.03902,77.603917,Hebbal,Vandalism,9,Partly Cloudy,Low
2026-12-20,00:33,0,Sunday,7,December,12,12.929605,77.546752,Banashankari,Vandalism,8,Sunny,High
2025-04-01,16:58,16,Tuesday,2,April,4,12.909511,77.614806,BTM Layout,Burglary,8,Partly Cloudy,Very High
2026-07-22,11:17,11,Wednesday,3,July,7,12.961471,77.690581,Marathahalli,Burglary,4,Partly Cloudy,High
2026-04-18,06:22,6,Saturday,6,April,4,12.976977,77.746803,Whitefield,Assault,6,Cloudy,Low
2026-09-12,14:12,14,Saturday,6,September,9,12.940831,77.575026,Basavanagudi,Cyber Crime,6,Cloudy,Medium
2026-10-12,10:33,10,Monday,1,October,10,12.980447,77.6422,Indiranagar,Burglary,7,Rainy,Very High
2025-03-12,15:30,15,Wednesday,3,March,3,12.917678,77.486503,Kengeri,Cyber Crime,3,Rainy,Low
2025-02-15,14:55,14,Saturday,6,February,2,12.97892,77.64771,Indiranagar,Accident,8,Sunny,Very High
2025-12-23,16:10,16,Tuesday,2,December,12,12.852762,77.658363,Electronic City,Vehicle Theft,4,Rainy,High
2025-02-06,04:53,4,Thursday,4,February,2,12.976736,77.637471,Indiranagar,Assault,4,Rainy,Low
2025-03-13,01:30,1,Thursday,4,March,3,12.936817,77.578158,Basavanagudi,Vehicle Theft,4,Partly Cloudy,Medium
2026-09-12,15:55,15,Saturday,6,September,9,12.968551,77.747218,Whitefield,Vandalism,8,Cloudy,Very High
2026-06-25,17:01,17,Thursday,4,June,6,12.916202,77.478094,Kengeri,Theft,4,Partly Cloudy,Low
2026-11-21,13:11,13,Saturday,6,November,11,12.917616,77.632736,HSR Layout,Missing Person,4,Partly Cloudy,Very High
2025-08-30,02:38,2,Saturday,6,August,8,13.029387,77.546496,Yeshwanthpur,Robbery,7,Rainy,Medium
2026-03-01,21:32,21,Sunday,7,March,3,12.917725,77.645223,HSR Layout,Vehicle Theft,11,Cloudy,Medium
2026-02-08,02:50,2,Sunday,7,February,2,12.922428,77.543476,Banashankari,Vandalism,9,Cloudy,High
2025-07-04,17:45,17,Friday,5,July,7,12.907315,77.480496,Kengeri,Burglary,4,Partly Cloudy,Low
2026-11-22,05:14,5,Sunday,7,November,11,12.847021,77.653002,Electronic City,Assault,1,Rainy,Medium
2025-03-14,02:35,2,Friday,5,March,3,12.838778,77.658574,Electronic City,Vehicle Theft,2,Partly Cloudy,Medium
2025-12-25,15:16,15,Thursday,4,December,12,12.923979,77.552613,Banashankari,Accident,2,Rainy,High
2026-01-17,17:39,17,Saturday,6,January,1,12.932948,77.620447,Koramangala,Vandalism,5,Partly Cloudy,Low
2026-02-01,12:29,12,Sunday,7,February,2,12.965176,77.701525,Marathahalli,Vandalism,5,Partly Cloudy,Medium
2025-06-04,01:32,1,Wednesday,3,June,6,12.906626,77.632507,HSR Layout,Accident,8,Rainy,High
2025-12-13,20:33,20,Saturday,6,December,12,12.911454,77.479265,Kengeri,Burglary,7,Rainy,High
2026-02-22,09:07,9,Sunday,7,February,2,12.852448,77.665428,Electronic City,Missing Person,8,Cloudy,High
2025-04-25,05:48,5,Friday,5,April,4,12.929204,77.618672,Koramangala,Burglary,1,Rainy,Low
2025-11-16,02:51,2,Sunday,7,November,11,12.917729,77.479859,Kengeri,Accident,7,Sunny,High
2025-03-01,08:26,8,Saturday,6,March,3,12.989575,77.549683,Rajajinagar,Fraud,7,Rainy,Very High
2026-02-28,23:53,23,Saturday,6,February,2,13.010418,77.576757,Malleshwaram,Cyber Crime,7,Rainy,Low
2025-01-04,10:47,10,Saturday,6,January,1,12.971015,77.756039,Whitefield,Theft,8,Cloudy,Very High
2026-12-29,06:35,6,Tuesday,2,December,12,12.843663,77.6606,Electronic City,Vehicle Theft,4,Sunny,Medium
2025-07-01,15:09,15,Tuesday,2,July,7,13.02625,77.547435,Yeshwanthpur,Accident,3,Rainy,Medium
2025-08-08,15:02,15,Friday,5,August,8,12.906757,77.636372,HSR Layout,Assault,5,Rainy,Low
2026-06-29,07:13,7,Monday,1,June,6,12.932955,77.622661,Koramangala,Vehicle Theft,3,Rainy,Low
2025-11-24,06:19,6,Monday,1,November,11,12.966718,77.689995,Marathahalli,Robbery,1,Rainy,Low
2026-01-11,09:24,9,Sunday,7,January,1,12.935175,77.624506,Koramangala,Missing Person,7,Cloudy,High
2026-02-14,19:09,19,Saturday,6,February,2,12.962436,77.742852,Whitefield,Vandalism,7,Sunny,Very High
2026-08-22,20:14,20,Saturday,6,August,8,12.90719,77.481368,Kengeri,Assault,6,Cloudy,Medium
2025-10-18,08:50,8,Saturday,6,October,10,12.929024,77.594211,Jayanagar,Cyber Crime,8,Cloudy,Very High
2025-02-15,08:40,8,Saturday,6,February,2,12.984277,77.633736,Indiranagar,Accident,2,Rainy,High
2025-10-26,04:43,4,Sunday,7,October,10,12.951791,77.693248,Marathahalli,Robbery,8,Partly Cloudy,High
2025-07-31,11:56,11,Thursday,4,July,7,12.908856,77.632751,HSR Layout,Theft,5,Rainy,Low
2026-01-27,20:55,20,Tuesday,2,January,1,12.984046,77.646263,Indiranagar,Vandalism,4,Sunny,High
2025-03-20,05:39,5,Thursday,4,March,3,12.973188,77.744251,Whitefield,Missing Person,5,Partly Cloudy,Medium
2026-04-07,09:33,9,Tuesday,2,April,4,12.937975,77.631579,Koramangala,Theft,4,Partly Cloudy,High
2025-01-26,01:05,1,Sunday,7,January,1,12.963022,77.745433,Whitefield,Vehicle Theft,9,Sunny,Low
2026-12-18,12:22,12,Friday,5,December,12,12.929831,77.617367,Koramangala,Fraud,5,Partly Cloudy,High
2026-03-08,23:53,23,Sunday,7,March,3,12.966586,77.692076,Marathahalli,Burglary,11,Cloudy,High
2026-10-14,20:34,20,Wednesday,3,October,10,13.006272,77.572012,Malleshwaram,Theft,8,Rainy,Low
2026-11-23,14:09,14,Monday,1,November,11,12.997845,77.549777,Rajajinagar,Missing Person,4,Rainy,Low
2025-02-08,15:45,15,Saturday,6,February,2,12.963668,77.757242,Whitefield,Robbery,7,Sunny,High
2026-01-04,20:11,20,Sunday,7,January,1,12.93335,77.621257,Koramangala,Burglary,6,Rainy,Medium
2025-05-03,18:19,18,Saturday,6,May,5,12.904398,77.643273,HSR Layout,Accident,8,Cloudy,Very High
2025-06-29,05:48,5,Sunday,7,June,6,12.84146,77.663103,Electronic City,Assault,6,Rainy,High
2026-08-05,22:46,22,Wednesday,3,August,8,12.852009,77.65631,Electronic City,Robbery,9,Partly Cloudy,High
2026-11-17,06:50,6,Tuesday,2,November,11,13.03605,77.590177,Hebbal,Burglary,8,Rainy,Very High
2025-05-04,20:27,20,Sunday,7,May,5,13.003425,77.564018,Malleshwaram,Vehicle Theft,12,Cloudy,High
2025-12-19,19:33,19,Friday,5,December,12,13.039019,77.590815,Hebbal,Theft,4,Cloudy,Very High
2025-05-08,03:55,3,Thursday,4,May,5,13.040696,77.597335,Hebbal,Theft,4,Cloudy,Low
2026-04-29,09:12,9,Wednesday,3,April,4,13.023976,77.547917,Yeshwanthpur,Robbery,1,Rainy,Medium
2025-04-27,22:51,22,Sunday,7,April,4,13.027918,77.598125,Hebbal,Fraud,8,Partly Cloudy,Low
2026-01-14,08:03,8,Wednesday,3,January,1,12.999548,77.565375,Malleshwaram,Accident,3,Rainy,High
2025-03-23,23:13,23,Sunday,7,March,3,12.940973,77.626644,Koramangala,Cyber Crime,7,Sunny,Low
2025-09-13,09:05,9,Saturday,6,September,9,12.907664,77.634446,HSR Layout,Accident,7,Cloudy,High
2026-09-28,01:51,1,Monday,1,September,9,12.934359,77.577286,Basavanagudi,Vandalism,10,Cloudy,Very High
2025-06-17,02:20,2,Tuesday,2,June,6,12.917547,77.602999,BTM Layout,Theft,9,Partly Cloudy,Very High
2025-04-27,15:08,15,Sunday,7,April,4,13.032727,77.598002,Hebbal,Assault,3,Cloudy,Low
2026-01-27,15:38,15,Tuesday,2,January,1,12.998117,77.566713,Malleshwaram,Vandalism,4,Sunny,Very High
2026-02-28,01:31,1,Saturday,6,February,2,12.933018,77.550758,Banashankari,Missing Person,6,Rainy,High
2025-09-24,22:01,22,Wednesday,3,September,9,12.997542,77.55496,Rajajinagar,Vehicle Theft,4,Sunny,Medium
2025-08-15,07:46,7,Friday,5,August,8,12.963501,77.750281,Whitefield,Assault,5,Partly Cloudy,Medium
2026-05-01,18:57,18,Friday,5,May,5,13.009057,77.574095,Malleshwaram,Burglary,6,Cloudy,High
2025-08-29,06:18,6,Friday,5,August,8,13.029985,77.535815,Yeshwanthpur,Fraud,6,Rainy,High
2025-09-30,02:38,2,Tuesday,2,September,9,12.964473,77.749651,Whitefield,Assault,13,Cloudy,Very High
2025-12-22,12:33,12,Monday,1,December,12,12.94426,77.568706,Basavanagudi,Missing Person,4,Partly Cloudy,Very High
2025-12-24,13:55,13,Wednesday,3,December,12,12.906859,77.478213,Kengeri,Vandalism,5,Cloudy,Low
2025-06-21,18:28,18,Saturday,6,June,6,12.94107,77.631766,Koramangala,Vehicle Theft,5,Partly Cloudy,Medium
2025-09-01,21:32,21,Monday,1,September,9,13.033013,77.544802,Yeshwanthpur,Vandalism,4,Partly Cloudy,Very High
2025-07-03,18:05,18,Thursday,4,July,7,13.039725,77.603809,Hebbal,Accident,3,Rainy,Low
2025-10-13,04:17,4,Monday,1,October,10,12.975848,77.645187,Indiranagar,Missing Person,4,Rainy,Medium
2026-04-07,01:36,1,Tuesday,2,April,4,13.041221,77.592708,Hebbal,Cyber Crime,8,Sunny,Very High
2025-04-12,07:42,7,Saturday,6,April,4,12.930596,77.62038,Koramangala,Burglary,9,Cloudy,Very High
2025-04-06,22:34,22,Sunday,7,April,4,13.025665,77.536624,Yeshwanthpur,Cyber Crime,7,Partly Cloudy,Medium
2025-01-11,07:00,7,Saturday,6,January,1,12.905569,77.646148,HSR Layout,Fraud,3,Cloudy,Very High
2025-07-05,16:06,16,Saturday,6,July,7,13.036201,77.603631,Hebbal,Robbery,1,Cloudy,Low
2026-10-06,10:42,10,Tuesday,2,October,10,13.037037,77.591581,Hebbal,Fraud,5,Partly Cloudy,High
2026-11-12,20:50,20,Thursday,4,November,11,12.923562,77.590617,Jayanagar,Robbery,4,Cloudy,High
2026-03-25,17:51,17,Wednesday,3,March,3,13.03167,77.538861,Yeshwanthpur,Fraud,5,Cloudy,Medium
2026-05-27,04:59,4,Wednesday,3,May,5,12.909939,77.607384,BTM Layout,Missing Person,8,Rainy,High
2026-04-22,02:33,2,Wednesday,3,April,4,13.033687,77.603569,Hebbal,Fraud,4,Partly Cloudy,High
2026-11-09,13:18,13,Monday,1,November,11,12.940392,77.623501,Koramangala,Robbery,1,Cloudy,Low
2026-03-06,05:29,5,Friday,5,March,3,12.910923,77.48642,Kengeri,Cyber Crime,6,Rainy,Very High
2025-10-16,09:11,9,Thursday,4,October,10,12.91063,77.631322,HSR Layout,Accident,7,Cloudy,Very High
2025-06-13,08:42,8,Friday,5,June,6,12.929455,77.552162,Banashankari,Vandalism,3,Cloudy,Medium
2025-10-08,13:04,13,Wednesday,3,October,10,12.853038,77.660181,Electronic City,Vandalism,4,Rainy,Very High
2025-02-12,11:25,11,Wednesday,3,February,2,12.917702,77.480903,Kengeri,Missing Person,6,Rainy,High
2025-06-16,19:34,19,Monday,1,June,6,12.846838,77.66634,Electronic City,Cyber Crime,3,Partly Cloudy,Low
2026-10-25,05:36,5,Sunday,7,October,10,12.982705,77.643686,Indiranagar,Fraud,4,Sunny,Low
2026-10-07,07:55,7,Wednesday,3,October,10,12.960361,77.694379,Marathahalli,Robbery,5,Rainy,Medium
2026-03-01,13:35,13,Sunday,7,March,3,13.011336,77.576909,Malleshwaram,Robbery,6,Partly Cloudy,High
2025-02-18,12:10,12,Tuesday,2,February,2,12.972394,77.749527,Whitefield,Fraud,6,Partly Cloudy,Very High
2025-02-08,12:46,12,Saturday,6,February,2,12.848487,77.659372,Electronic City,Robbery,4,Cloudy,High
2025-05-19,05:24,5,Monday,1,May,5,12.974266,77.753318,Whitefield,Vandalism,5,Rainy,High
2025-06-20,11:59,11,Friday,5,June,6,13.000203,77.574771,Malleshwaram,Vehicle Theft,8,Rainy,Very High
2025-03-19,23:20,23,Wednesday,3,March,3,12.944807,77.568769,Basavanagudi,Fraud,9,Sunny,Low
2026-03-09,20:21,20,Monday,1,March,3,12.937116,77.575745,Basavanagudi,Fraud,6,Sunny,Low
2026-12-22,08:41,8,Tuesday,2,December,12,12.90728,77.644559,HSR Layout,Burglary,2,Sunny,High
2026-08-20,10:54,10,Thursday,4,August,8,12.930182,77.600016,Jayanagar,Vehicle Theft,3,Cloudy,Medium
2026-04-09,21:03,21,Thursday,4,April,4,12.943296,77.568805,Basavanagudi,Robbery,7,Cloudy,Medium
2026-06-13,18:31,18,Saturday,6,June,6,12.938117,77.622835,Koramangala,Burglary,8,Cloudy,High
2025-11-18,03:20,3,Tuesday,2,November,11,13.009077,77.562983,Malleshwaram,Missing Person,3,Cloudy,Medium
2025-03-29,17:42,17,Saturday,6,March,3,13.031713,77.592778,Hebbal,Burglary,8,Rainy,High
2025-12-25,05:25,5,Thursday,4,December,12,12.948607,77.569371,Basavanagudi,Assault,3,Sunny,High
2025-04-06,00:54,0,Sunday,7,April,4,12.920245,77.544725,Banashankari,Vehicle Theft,13,Partly Cloudy,Very High
2025-02-09,18:54,18,Sunday,7,February,2,12.909774,77.646777,HSR Layout,Vandalism,5,Cloudy,Medium
2026-05-01,15:22,15,Friday,5,May,5,12.904275,77.645903,HSR Layout,Vehicle Theft,8,Cloudy,Very High
2025-11-13,01:13,1,Thursday,4,November,11,12.920771,77.474361,Kengeri,Assault,5,Sunny,Medium
2025-12-19,22:28,22,Friday,5,December,12,12.981533,77.641639,Indiranagar,Accident,11,Partly Cloudy,High
2025-08-02,21:57,21,Saturday,6,August,8,12.906573,77.47483,Kengeri,Assault,4,Rainy,Medium
2026-08-04,02:13,2,Tuesday,2,August,8,12.914403,77.642073,HSR Layout,Theft,4,Partly Cloudy,Medium
2025-02-28,14:02,14,Friday,5,February,2,12.98379,77.559913,Rajajinagar,Robbery,4,Partly Cloudy,Medium
2025-05-12,09:27,9,Monday,1,May,5,12.963937,77.746847,Whitefield,Vandalism,3,Sunny,Low
2026-01-27,04:39,4,Tuesday,2,January,1,13.027748,77.546584,Yeshwanthpur,Missing Person,5,Sunny,Medium
2025-03-30,02:18,2,Sunday,7,March,3,12.921932,77.599529,Jayanagar,Robbery,7,Sunny,Medium
2025-08-27,04:54,4,Wednesday,3,August,8,12.991365,77.562001,Rajajinagar,Vehicle Theft,6,Sunny,Low
2025-08-06,11:31,11,Wednesday,3,August,8,12.979017,77.646949,Indiranagar,Missing Person,5,Rainy,Medium
2025-07-20,06:23,6,Sunday,7,July,7,13.021346,77.54091,Yeshwanthpur,Missing Person,7,Rainy,Very High
2026-12-31,07:05,7,Thursday,4,December,12,13.033082,77.600031,Hebbal,Cyber Crime,3,Rainy,Medium
2026-03-24,23:15,23,Tuesday,2,March,3,12.96707,77.753821,Whitefield,Vandalism,6,Sunny,Low
2026-01-12,07:32,7,Monday,1,January,1,12.974594,77.756238,Whitefield,Fraud,5,Rainy,High
2026-01-07,18:17,18,Wednesday,3,January,1,12.95243,77.692777,Marathahalli,Fraud,4,Cloudy,Medium
2026-02-17,14:21,14,Tuesday,2,February,2,12.963227,77.744928,Whitefield,Accident,7,Rainy,High
2026-03-25,22:37,22,Wednesday,3,March,3,12.843322,77.65808,Electronic City,Fraud,10,Partly Cloudy,Low
2025-05-01,22:51,22,Thursday,4,May,5,12.947517,77.571301,Basavanagudi,Robbery,8,Rainy,High
2026-07-15,20:59,20,Wednesday,3,July,7,13.006452,77.573956,Malleshwaram,Vandalism,6,Cloudy,Low
2026-12-22,13:43,13,Tuesday,2,December,12,12.932707,77.632312,Koramangala,Robbery,4,Cloudy,Very High
2026-03-29,03:45,3,Sunday,7,March,3,12.996306,77.573025,Malleshwaram,Assault,6,Cloudy,High
2025-05-25,04:31,4,Sunday,7,May,5,12.911635,77.475707,Kengeri,Accident,7,Rainy,High
2025-05-21,16:29,16,Wednesday,3,May,5,13.036592,77.592299,Hebbal,Missing Person,2,Sunny,Low
2025-05-31,15:26,15,Saturday,6,May,5,12.933482,77.616824,Koramangala,Vandalism,5,Cloudy,Very High
2025-12-16,23:43,23,Tuesday,2,December,12,12.918673,77.481219,Kengeri,Assault,7,Rainy,Low
2025-04-19,10:24,10,Saturday,6,April,4,12.838127,77.657744,Electronic City,Robbery,9,Rainy,Very High
2026-04-11,19:00,19,Saturday,6,April,4,12.913217,77.603815,BTM Layout,Assault,5,Rainy,Low
2025-11-22,17:44,17,Saturday,6,November,11,12.931707,77.553858,Banashankari,Vehicle Theft,2,Sunny,High
2025-05-30,09:35,9,Friday,5,May,5,12.996473,77.567352,Malleshwaram,Cyber Crime,5,Cloudy,Very High
2025-09-25,09:43,9,Thursday,4,September,9,12.919178,77.55161,Banashankari,Vandalism,6,Partly Cloudy,Very High
2025-01-05,11:54,11,Sunday,7,January,1,12.967652,77.74637,Whitefield,Vandalism,5,Sunny,High
2025-06-02,15:16,15,Monday,1,June,6,13.003406,77.57688,Malleshwaram,Missing Person,8,Rainy,Very High
2025-01-02,07:38,7,Thursday,4,January,1,13.029526,77.600042,Hebbal,Burglary,4,Cloudy,Low
2026-12-16,17:56,17,Wednesday,3,December,12,13.020268,77.532419,Yeshwanthpur,Theft,7,Rainy,Very High
2025-01-21,15:28,15,Tuesday,2,January,1,12.922377,77.593804,Jayanagar,Robbery,5,Rainy,Medium
2026-12-03,09:50,9,Thursday,4,December,12,12.969871,77.752729,Whitefield,Burglary,2,Rainy,Medium
2026-04-03,13:31,13,Friday,5,April,4,12.917288,77.488673,Kengeri,Robbery,5,Rainy,High
2025-11-02,02:47,2,Sunday,7,November,11,12.935659,77.578302,Basavanagudi,Missing Person,13,Partly Cloudy,Very High
2025-02-17,12:46,12,Monday,1,February,2,12.944208,77.567303,Basavanagudi,Vehicle Theft,9,Sunny,Very High
2025-04-19,00:52,0,Saturday,6,April,4,12.914343,77.475715,Kengeri,Vehicle Theft,7,Rainy,Low
2026-07-16,22:43,22,Thursday,4,July,7,12.942797,77.579084,Basavanagudi,Theft,7,Partly Cloudy,High
2026-08-19,23:09,23,Wednesday,3,August,8,12.995428,77.552366,Rajajinagar,Accident,10,Cloudy,High
2026-10-16,18:45,18,Friday,5,October,10,12.985654,77.638617,Indiranagar,Burglary,9,Cloudy,Very High
2025-08-21,08:12,8,Thursday,4,August,8,12.912949,77.60494,BTM Layout,Vehicle Theft,3,Sunny,Medium
2025-04-21,17:15,17,Monday,1,April,4,12.997938,77.571298,Malleshwaram,Robbery,2,Rainy,Medium
2025-08-10,12:14,12,Sunday,7,August,8,13.004698,77.573131,Malleshwaram,Assault,5,Partly Cloudy,Very High
2025-04-06,03:53,3,Sunday,7,April,4,12.925002,77.586521,Jayanagar,Burglary,9,Partly Cloudy,Low
2025-08-25,10:23,10,Monday,1,August,8,12.928824,77.546047,Banashankari,Cyber Crime,2,Partly Cloudy,Medium
2025-03-16,07:43,7,Sunday,7,March,3,12.947128,77.577274,Basavanagudi,Vandalism,3,Partly Cloudy,Very High
2026-01-19,03:30,3,Monday,1,January,1,12.918323,77.47432,Kengeri,Missing Person,4,Cloudy,Low
2025-10-01,07:58,7,Wednesday,3,October,10,12.9145,77.645476,HSR Layout,Burglary,4,Partly Cloudy,Medium
2025-05-05,18:43,18,Monday,1,May,5,12.965147,77.692484,Marathahalli,Theft,10,Partly Cloudy,Very High
2025-01-21,06:07,6,Tuesday,2,January,1,12.853169,77.6587,Electronic City,Robbery,9,Rainy,Very High
2026-02-14,01:32,1,Saturday,6,February,2,12.942532,77.631635,Koramangala,Vehicle Theft,8,Partly Cloudy,Medium
2025-06-23,06:29,6,Monday,1,June,6,12.971146,77.754511,Whitefield,Accident,2,Partly Cloudy,Low
2026-02-16,02:40,2,Monday,1,February,2,13.023023,77.538491,Yeshwanthpur,Assault,9,Rainy,Medium
2025-05-11,09:15,9,Sunday,7,May,5,12.979682,77.642352,Indiranagar,Vandalism,6,Cloudy,Very High
2026-11-15,00:25,0,Sunday,7,November,11,12.966005,77.755884,Whitefield,Fraud,11,Sunny,High
2026-02-18,09:17,9,Wednesday,3,February,2,12.844002,77.661462,Electronic City,Theft,4,Rainy,High
2026-09-16,09:21,9,Wednesday,3,September,9,13.001279,77.563462,Malleshwaram,Theft,7,Sunny,High
2025-01-14,23:49,23,Tuesday,2,January,1,12.933646,77.616507,Koramangala,Assault,12,Partly Cloudy,Very High
2025-11-20,05:44,5,Thursday,4,November,11,12.981111,77.639036,Indiranagar,Missing Person,6,Partly Cloudy,Very High
2025-08-14,13:00,13,Thursday,4,August,8,12.960717,77.699554,Marathahalli,Vehicle Theft,6,Partly Cloudy,Very High
2025-02-23,20:01,20,Sunday,7,February,2,12.916414,77.63627,HSR Layout,Fraud,10,Cloudy,Very High
2026-04-06,09:57,9,Monday,1,April,4,12.931077,77.593316,Jayanagar,Robbery,5,Cloudy,Medium
2025-10-24,08:03,8,Friday,5,October,10,12.927307,77.542525,Banashankari,Assault,6,Cloudy,High
2026-08-28,06:24,6,Friday,5,August,8,12.974017,77.748819,Whitefield,Vehicle Theft,4,Rainy,High
2026-12-28,21:06,21,Monday,1,December,12,12.910014,77.48251,Kengeri,Cyber Crime,6,Rainy,Low
2025-12-08,15:44,15,Monday,1,December,12,12.941211,77.622832,Koramangala,Burglary,6,Partly Cloudy,Very High
2026-04-23,06:28,6,Thursday,4,April,4,13.026894,77.534385,Yeshwanthpur,Vehicle Theft,5,Sunny,Very High
2025-08-17,11:34,11,Sunday,7,August,8,12.920204,77.608231,BTM Layout,Assault,7,Cloudy,High
2026-11-03,14:37,14,Tuesday,2,November,11,12.930834,77.617449,Koramangala,Robbery,3,Partly Cloudy,Very High
2025-04-14,12:27,12,Monday,1,April,4,12.923864,77.551934,Banashankari,Cyber Crime,3,Partly Cloudy,Low
2025-12-08,20:49,20,Monday,1,December,12,12.989343,77.562327,Rajajinagar,Missing Person,8,Cloudy,Medium
2025-04-08,20:36,20,Tuesday,2,April,4,12.952205,77.694701,Marathahalli,Vandalism,5,Partly Cloudy,Medium
2025-08-05,10:16,10,Tuesday,2,August,8,13.03348,77.590998,Hebbal,Fraud,7,Partly Cloudy,Very High
2025-04-24,21:34,21,Thursday,4,April,4,13.00587,77.568683,Malleshwaram,Robbery,5,Rainy,Medium
2026-03-02,16:15,16,Monday,1,March,3,12.979792,77.645329,Indiranagar,Accident,3,Rainy,Low
2026-03-06,16:42,16,Friday,5,March,3,12.852538,77.658483,Electronic City,Robbery,5,Sunny,Low
2026-05-16,16:23,16,Saturday,6,May,5,12.929512,77.598821,Jayanagar,Missing Person,2,Sunny,Medium
2026-09-14,09:00,9,Monday,1,September,9,12.996433,77.576097,Malleshwaram,Vandalism,2,Cloudy,Medium
2025-07-19,17:29,17,Saturday,6,July,7,12.942173,77.568018,Basavanagudi,Assault,4,Rainy,High
2026-08-28,12:36,12,Friday,5,August,8,12.844324,77.65378,Electronic City,Assault,7,Rainy,Very High
2025-12-07,16:12,16,Sunday,7,December,12,12.924452,77.610224,BTM Layout,Assault,3,Sunny,Very High
2025-04-21,17:03,17,Monday,1,April,4,12.995539,77.574136,Malleshwaram,Burglary,1,Sunny,Low
2026-05-30,05:53,5,Saturday,6,May,5,12.906568,77.633792,HSR Layout,Accident,10,Rainy,Very High
2026-03-20,18:22,18,Friday,5,March,3,12.930937,77.591944,Jayanagar,Vehicle Theft,5,Partly Cloudy,High
2026-03-04,04:38,4,Wednesday,3,March,3,12.998046,77.572266,Malleshwaram,Vandalism,7,Sunny,Low
2025-07-17,21:42,21,Thursday,4,July,7,12.908941,77.642097,HSR Layout,Vandalism,9,Sunny,Low
2026-01-20,14:55,14,Tuesday,2,January,1,12.946092,77.571565,Basavanagudi,Vandalism,3,Rainy,Medium
2025-03-24,22:57,22,Monday,1,March,3,12.937607,77.627673,Koramangala,Missing Person,6,Partly Cloudy,Very High
2025-02-16,11:20,11,Sunday,7,February,2,12.98903,77.553764,Rajajinagar,Theft,6,Cloudy,Low
2025-09-19,07:31,7,Friday,5,September,9,12.998842,77.567575,Malleshwaram,Assault,5,Rainy,High
2025-01-03,13:02,13,Friday,5,January,1,12.908197,77.476247,Kengeri,Missing Person,6,Rainy,High
2025-08-05,02:41,2,Tuesday,2,August,8,12.96222,77.742009,Whitefield,Missing Person,6,Rainy,Very High
2026-01-23,02:49,2,Friday,5,January,1,12.946682,77.575411,Basavanagudi,Cyber Crime,10,Sunny,Very High
2025-08-19,22:44,22,Tuesday,2,August,8,12.910687,77.637876,HSR Layout,Accident,9,Rainy,High
2026-01-28,08:49,8,Wednesday,3,January,1,12.968951,77.74368,Whitefield,Assault,4,Rainy,Medium
2025-12-10,03:45,3,Wednesday,3,December,12,12.919873,77.476803,Kengeri,Burglary,3,Cloudy,Low
2025-07-25,13:14,13,Friday,5,July,7,13.026681,77.542236,Yeshwanthpur,Cyber Crime,9,Partly Cloudy,Very High
2026-05-03,12:52,12,Sunday,7,May,5,12.910445,77.639799,HSR Layout,Assault,5,Rainy,Low
2025-11-01,01:11,1,Saturday,6,November,11,12.920632,77.600855,Jayanagar,Vandalism,6,Cloudy,High
2025-05-23,22:59,22,Friday,5,May,5,12.848384,77.660407,Electronic City,Theft,7,Cloudy,Medium
2025-07-26,15:28,15,Saturday,6,July,7,12.929274,77.539733,Banashankari,Vandalism,1,Cloudy,Medium
2026-11-23,10:07,10,Monday,1,November,11,12.979688,77.635421,Indiranagar,Vandalism,1,Cloudy,Low
2026-10-06,10:33,10,Tuesday,2,October,10,12.981126,77.647162,Indiranagar,Assault,4,Partly Cloudy,High
2026-04-17,15:45,15,Friday,5,April,4,12.989965,77.562783,Rajajinagar,Fraud,5,Partly Cloudy,Medium
2026-05-27,01:31,1,Wednesday,3,May,5,12.933746,77.617539,Koramangala,Fraud,8,Rainy,Medium
2026-04-04,01:30,1,Saturday,6,April,4,12.979365,77.647134,Indiranagar,Assault,6,Partly Cloudy,Medium
2025-03-25,11:57,11,Tuesday,2,March,3,12.997451,77.576683,Malleshwaram,Burglary,6,Partly Cloudy,High
2025-04-06,13:45,13,Sunday,7,April,4,12.906582,77.481714,Kengeri,Assault,3,Sunny,Medium
2026-11-27,21:30,21,Friday,5,November,11,12.929063,77.544853,Banashankari,Burglary,4,Partly Cloudy,Low
2026-07-03,02:47,2,Friday,5,July,7,12.929446,77.621221,Koramangala,Assault,7,Cloudy,Medium
2026-01-10,17:23,17,Saturday,6,January,1,12.918643,77.609708,BTM Layout,Fraud,7,Sunny,Medium
2026-10-26,07:31,7,Monday,1,October,10,13.02552,77.547947,Yeshwanthpur,Cyber Crime,3,Partly Cloudy,Medium
2025-06-20,04:33,4,Friday,5,June,6,12.846679,77.656115,Electronic City,Burglary,10,Cloudy,Very High
2025-05-22,22:49,22,Thursday,4,May,5,12.954185,77.698115,Marathahalli,Vandalism,8,Rainy,High
2025-04-13,22:33,22,Sunday,7,April,4,12.839653,77.654938,Electronic City,Missing Person,12,Sunny,Very High
2026-05-23,21:41,21,Saturday,6,May,5,12.920455,77.604834,BTM Layout,Vandalism,4,Rainy,Low
2026-05-04,18:48,18,Monday,1,May,5,12.999781,77.577996,Malleshwaram,Vandalism,5,Sunny,Very High
2025-09-15,01:24,1,Monday,1,September,9,12.847128,77.653261,Electronic City,Fraud,3,Partly Cloudy,Low
2026-08-05,19:12,19,Wednesday,3,August,8,12.920387,77.547051,Banashankari,Vandalism,6,Rainy,Very High
2026-10-30,07:55,7,Friday,5,October,10,12.93182,77.623983,Koramangala,Accident,7,Cloudy,Very High
2026-09-25,04:19,4,Friday,5,September,9,12.920006,77.596604,Jayanagar,Cyber Crime,7,Sunny,Low
2025-11-18,09:03,9,Tuesday,2,November,11,13.033938,77.595534,Hebbal,Assault,5,Partly Cloudy,Low
2026-04-28,16:08,16,Tuesday,2,April,4,12.947582,77.567082,Basavanagudi,Assault,3,Cloudy,High
2025-08-23,06:53,6,Saturday,6,August,8,12.916223,77.484742,Kengeri,Theft,4,Cloudy,Very High
2026-08-06,15:11,15,Thursday,4,August,8,12.974404,77.748767,Whitefield,Accident,4,Cloudy,Low
2026-08-20,14:51,14,Thursday,4,August,8,12.974119,77.64088,Indiranagar,Cyber Crime,3,Partly Cloudy,High
2026-08-22,11:45,11,Saturday,6,August,8,12.923073,77.540103,Banashankari,Cyber Crime,3,Sunny,Low
2026-06-02,02:09,2,Tuesday,2,June,6,13.034399,77.6024,Hebbal,Theft,13,Cloudy,Very High
2026-02-25,09:15,9,Wednesday,3,February,2,12.923195,77.54602,Banashankari,Cyber Crime,7,Partly Cloudy,Very High
2026-02-28,12:50,12,Saturday,6,February,2,12.983504,77.633083,Indiranagar,Vandalism,4,Sunny,Low
2026-09-28,17:45,17,Monday,1,September,9,12.910336,77.476932,Kengeri,Assault,2,Rainy,Low
2026-08-21,18:55,18,Friday,5,August,8,12.951303,77.702603,Marathahalli,Burglary,4,Rainy,Very High
2026-04-16,18:13,18,Thursday,4,April,4,12.982914,77.638313,Indiranagar,Theft,2,Rainy,Low
2025-03-07,22:43,22,Friday,5,March,3,12.940658,77.5671,Basavanagudi,Robbery,3,Partly Cloudy,Medium
2026-09-25,04:07,4,Friday,5,September,9,13.004074,77.57403,Malleshwaram,Missing Person,6,Partly Cloudy,High
2025-10-19,21:09,21,Sunday,7,October,10,12.973534,77.744638,Whitefield,Burglary,8,Rainy,Very High
2026-07-04,09:50,9,Saturday,6,July,7,12.971612,77.750825,Whitefield,Missing Person,7,Rainy,Very High
2026-01-18,18:03,18,Sunday,7,January,1,12.997309,77.570963,Malleshwaram,Assault,1,Rainy,Low
2026-08-27,23:29,23,Thursday,4,August,8,12.952523,77.695795,Marathahalli,Accident,9,Partly Cloudy,Very High
2026-04-29,02:03,2,Wednesday,3,April,4,12.935379,77.617143,Koramangala,Missing Person,6,Rainy,Medium
2025-12-07,10:45,10,Sunday,7,December,12,12.92758,77.552851,Banashankari,Fraud,12,Rainy,Very High
2026-03-29,01:48,1,Sunday,7,March,3,12.936536,77.57936,Basavanagudi,Robbery,8,Sunny,Low
2025-03-19,23:12,23,Wednesday,3,March,3,12.927634,77.620965,Koramangala,Cyber Crime,7,Cloudy,Low
2025-01-05,16:42,16,Sunday,7,January,1,12.920689,77.488369,Kengeri,Burglary,5,Rainy,High
2026-05-15,06:13,6,Friday,5,May,5,12.991081,77.558255,Rajajinagar,Assault,4,Sunny,High
2026-11-10,06:39,6,Tuesday,2,November,11,13.003324,77.567187,Malleshwaram,Robbery,3,Rainy,High
2026-08-30,14:10,14,Sunday,7,August,8,12.921442,77.612116,BTM Layout,Theft,3,Cloudy,Medium
2026-10-07,17:27,17,Wednesday,3,October,10,12.922253,77.6144,BTM Layout,Fraud,4,Cloudy,Very High
2026-06-02,23:37,23,Tuesday,2,June,6,12.931282,77.591897,Jayanagar,Accident,10,Rainy,High
2025-08-20,18:54,18,Wednesday,3,August,8,12.939207,77.569379,Basavanagudi,Vandalism,6,Rainy,Very High
2026-10-20,18:34,18,Tuesday,2,October,10,13.032302,77.599237,Hebbal,Accident,5,Rainy,Medium
2026-07-25,06:26,6,Saturday,6,July,7,12.938115,77.568575,Basavanagudi,Theft,3,Partly Cloudy,Low
2025-05-21,02:01,2,Wednesday,3,May,5,12.931447,77.631229,Koramangala,Theft,5,Partly Cloudy,Medium
2026-08-14,18:44,18,Friday,5,August,8,12.929615,77.553724,Banashankari,Cyber Crime,4,Rainy,High
2025-11-24,12:43,12,Monday,1,November,11,12.99935,77.569485,Malleshwaram,Accident,1,Rainy,Medium
2026-09-27,07:50,7,Sunday,7,September,9,12.993619,77.549393,Rajajinagar,Theft,6,Cloudy,High
2026-05-20,19:36,19,Wednesday,3,May,5,12.904932,77.633318,HSR Layout,Accident,5,Sunny,Low
2026-03-02,08:46,8,Monday,1,March,3,12.975111,77.74844,Whitefield,Missing Person,2,Partly Cloudy,Low
2025-05-16,18:49,18,Friday,5,May,5,12.975646,77.636403,Indiranagar,Vandalism,5,Partly Cloudy,Medium
2026-08-25,02:23,2,Tuesday,2,August,8,13.024036,77.547255,Yeshwanthpur,Theft,4,Cloudy,Medium
2025-06-06,21:59,21,Friday,5,June,6,12.910226,77.476451,Kengeri,Vehicle Theft,11,Cloudy,Very High
2025-02-21,03:39,3,Friday,5,February,2,12.922878,77.543997,Banashankari,Missing Person,5,Partly Cloudy,Very High
2025-08-21,17:08,17,Thursday,4,August,8,13.037267,77.591726,Hebbal,Accident,2,Rainy,Low
2026-09-11,16:57,16,Friday,5,September,9,12.924801,77.596296,Jayanagar,Robbery,5,Rainy,Very High
2026-01-08,06:39,6,Thursday,4,January,1,12.99946,77.569994,Malleshwaram,Fraud,1,Rainy,Medium
2026-03-09,14:56,14,Monday,1,March,3,12.929072,77.590807,Jayanagar,Robbery,7,Sunny,Very High
2026-09-21,19:00,19,Monday,1,September,9,12.913268,77.642062,HSR Layout,Fraud,9,Partly Cloudy,High
2026-03-23,19:27,19,Monday,1,March,3,12.978274,77.64591,Indiranagar,Assault,7,Rainy,Very High
2025-06-22,21:31,21,Sunday,7,June,6,13.024493,77.541372,Yeshwanthpur,Cyber Crime,2,Rainy,Medium
2026-08-18,04:36,4,Tuesday,2,August,8,12.966454,77.747651,Whitefield,Theft,10,Partly Cloudy,High
2026-09-28,19:52,19,Monday,1,September,9,13.005322,77.577074,Malleshwaram,Cyber Crime,1,Sunny,Medium
2025-08-01,02:02,2,Friday,5,August,8,12.936255,77.574862,Basavanagudi,Theft,5,Rainy,Low
2025-07-10,14:08,14,Thursday,4,July,7,13.020484,77.532787,Yeshwanthpur,Missing Person,3,Partly Cloudy,Low
2026-10-07,23:08,23,Wednesday,3,October,10,12.845301,77.657364,Electronic City,Accident,6,Partly Cloudy,High
2025-04-29,19:35,19,Tuesday,2,April,4,13.02385,77.538119,Yeshwanthpur,Vandalism,8,Partly Cloudy,Very High
2025-10-19,17:15,17,Sunday,7,October,10,12.920854,77.617934,BTM Layout,Vehicle Theft,4,Rainy,High
2026-11-05,23:42,23,Thursday,4,November,11,13.021405,77.538442,Yeshwanthpur,Missing Person,7,Cloudy,Low
2025-02-03,01:33,1,Monday,1,February,2,13.034015,77.536627,Yeshwanthpur,Accident,5,Cloudy,Medium
2026-04-19,01:01,1,Sunday,7,April,4,12.922202,77.54662,Banashankari,Robbery,7,Cloudy,Low
2026-12-30,22:19,22,Wednesday,3,December,12,12.998121,77.561926,Rajajinagar,Vandalism,6,Cloudy,Low
2025-04-17,19:48,19,Thursday,4,April,4,13.031124,77.599281,Hebbal,Fraud,5,Rainy,Medium
2025-06-05,21:59,21,Thursday,4,June,6,12.91587,77.476537,Kengeri,Missing Person,4,Sunny,High
2026-01-30,02:38,2,Friday,5,January,1,12.963255,77.746451,Whitefield,Cyber Crime,6,Partly Cloudy,Very High
2025-10-25,20:35,20,Saturday,6,October,10,12.990364,77.55303,Rajajinagar,Accident,9,Cloudy,Low
2026-04-22,22:01,22,Wednesday,3,April,4,12.998933,77.55374,Rajajinagar,Burglary,4,Cloudy,High
2026-05-25,12:53,12,Monday,1,May,5,12.907598,77.635589,HSR Layout,Cyber Crime,1,Rainy,Medium
2026-04-04,01:05,1,Saturday,6,April,4,13.005542,77.57641,Malleshwaram,Vandalism,9,Cloudy,Low
2025-06-11,02:07,2,Wednesday,3,June,6,12.953461,77.698699,Marathahalli,Missing Person,6,Partly Cloudy,Medium
2026-08-31,11:20,11,Monday,1,August,8,12.936667,77.575779,Basavanagudi,Robbery,4,Sunny,Low
2025-03-07,05:17,5,Friday,5,March,3,12.973562,77.74207,Whitefield,Fraud,4,Rainy,High
2026-01-14,08:03,8,Wednesday,3,January,1,12.962401,77.689779,Marathahalli,Vandalism,6,Partly Cloudy,Very High
2026-11-15,14:14,14,Sunday,7,November,11,12.922717,77.596709,Jayanagar,Theft,9,Sunny,High
2025-08-25,17:39,17,Monday,1,August,8,12.992139,77.559701,Rajajinagar,Theft,3,Sunny,High
2025-01-06,06:34,6,Monday,1,January,1,12.990515,77.56022,Rajajinagar,Assault,1,Sunny,Medium
2025-08-31,13:44,13,Sunday,7,August,8,12.92325,77.616322,BTM Layout,Burglary,4,Cloudy,Very High
2025-01-26,08:49,8,Sunday,7,January,1,13.040066,77.598712,Hebbal,Vehicle Theft,4,Sunny,Medium
2025-09-08,23:38,23,Monday,1,September,9,12.918339,77.612875,BTM Layout,Cyber Crime,9,Partly Cloudy,High
2026-01-16,19:07,19,Friday,5,January,1,12.970874,77.749169,Whitefield,Assault,1,Rainy,Low
2026-12-24,07:25,7,Thursday,4,December,12,12.910042,77.613141,BTM Layout,Fraud,1,Partly Cloudy,Medium
2026-06-27,08:29,8,Saturday,6,June,6,12.991569,77.553313,Rajajinagar,Assault,10,Cloudy,Very High
2026-07-10,08:16,8,Friday,5,July,7,12.998667,77.562978,Rajajinagar,Accident,5,Sunny,Medium
2026-03-15,12:50,12,Sunday,7,March,3,12.904178,77.631174,HSR Layout,Theft,4,Cloudy,Very High
2025-05-04,12:56,12,Sunday,7,May,5,12.975067,77.742547,Whitefield,Theft,3,Cloudy,Low
2026-08-10,16:09,16,Monday,1,August,8,12.941202,77.621685,Koramangala,Assault,1,Rainy,Medium
2025-08-05,02:50,2,Tuesday,2,August,8,12.911014,77.486258,Kengeri,Vehicle Theft,5,Cloudy,Low
2025-04-19,07:23,7,Saturday,6,April,4,13.030971,77.593502,Hebbal,Fraud,3,Partly Cloudy,Low
2026-05-21,03:56,3,Thursday,4,May,5,13.002654,77.562999,Malleshwaram,Robbery,2,Sunny,Medium
2026-08-14,22:38,22,Friday,5,August,8,12.913484,77.605591,BTM Layout,Fraud,6,Rainy,High
2025-04-20,19:05,19,Sunday,7,April,4,13.035296,77.602503,Hebbal,Theft,8,Sunny,High
2025-10-06,15:26,15,Monday,1,October,10,13.00487,77.564808,Malleshwaram,Accident,1,Partly Cloudy,Low
2025-03-16,17:42,17,Sunday,7,March,3,13.028936,77.603657,Hebbal,Theft,5,Partly Cloudy,High
2026-03-23,16:59,16,Monday,1,March,3,12.924651,77.552962,Banashankari,Missing Person,4,Cloudy,Low
2026-11-28,18:33,18,Saturday,6,November,11,12.915041,77.607505,BTM Layout,Fraud,9,Cloudy,Medium
2026-05-23,21:30,21,Saturday,6,May,5,12.986296,77.639068,Indiranagar,Theft,8,Cloudy,Medium
2025-04-03,13:32,13,Thursday,4,April,4,12.920689,77.587153,Jayanagar,Theft,6,Cloudy,Low
2025-05-01,13:08,13,Thursday,4,May,5,13.032442,77.603343,Hebbal,Robbery,4,Partly Cloudy,High
2026-06-07,23:32,23,Sunday,7,June,6,12.985737,77.554255,Rajajinagar,Assault,7,Sunny,Medium
2025-12-29,12:47,12,Monday,1,December,12,12.998047,77.576204,Malleshwaram,Fraud,3,Partly Cloudy,Medium
2025-08-12,19:15,19,Tuesday,2,August,8,13.036238,77.599086,Hebbal,Missing Person,5,Sunny,Medium
2026-01-27,18:09,18,Tuesday,2,January,1,13.039815,77.59025,Hebbal,Accident,4,Rainy,Very High
2026-10-31,07:39,7,Saturday,6,October,10,12.964703,77.695691,Marathahalli,Vehicle Theft,4,Sunny,Medium
2025-04-28,20:29,20,Monday,1,April,4,12.995342,77.553616,Rajajinagar,Assault,8,Cloudy,High
2025-04-28,22:58,22,Monday,1,April,4,12.912025,77.477433,Kengeri,Vandalism,6,Partly Cloudy,Low
2025-05-13,02:55,2,Tuesday,2,May,5,12.840046,77.657405,Electronic City,Assault,9,Sunny,High
2026-10-07,08:16,8,Wednesday,3,October,10,12.91233,77.474794,Kengeri,Accident,1,Rainy,Medium
2026-02-18,01:06,1,Wednesday,3,February,2,12.921693,77.481751,Kengeri,Fraud,7,Partly Cloudy,Medium
2025-02-20,00:49,0,Thursday,4,February,2,12.931044,77.626396,Koramangala,Vehicle Theft,6,Rainy,High
2025-11-21,22:29,22,Friday,5,November,11,12.929753,77.60052,Jayanagar,Theft,5,Sunny,Medium
2026-08-09,23:04,23,Sunday,7,August,8,13.032258,77.546607,Yeshwanthpur,Robbery,5,Partly Cloudy,Low
2026-10-08,04:58,4,Thursday,4,October,10,13.000188,77.576364,Malleshwaram,Fraud,3,Sunny,Medium
2025-12-09,16:59,16,Tuesday,2,December,12,12.929976,77.594367,Jayanagar,Accident,5,Partly Cloudy,Low
2025-04-28,14:52,14,Monday,1,April,4,13.006659,77.564961,Malleshwaram,Robbery,1,Cloudy,Low
2026-12-31,22:33,22,Thursday,4,December,12,12.850022,77.656689,Electronic City,Cyber Crime,10,Sunny,Very High
2026-11-06,03:29,3,Friday,5,November,11,13.002575,77.570558,Malleshwaram,Robbery,8,Partly Cloudy,High
2026-04-04,09:41,9,Saturday,6,April,4,12.908376,77.476739,Kengeri,Fraud,8,Cloudy,High
2025-11-03,05:58,5,Monday,1,November,11,12.915976,77.634102,HSR Layout,Missing Person,3,Cloudy,High
2026-12-28,00:29,0,Monday,1,December,12,12.923535,77.600028,Jayanagar,Theft,4,Sunny,Low
2026-06-10,12:35,12,Wednesday,3,June,6,12.93949,77.572572,Basavanagudi,Theft,3,Sunny,Medium
2026-12-24,11:47,11,Thursday,4,December,12,12.944761,77.568492,Basavanagudi,Assault,7,Rainy,Very High
2025-02-17,13:01,13,Monday,1,February,2,12.934261,77.622986,Koramangala,Fraud,7,Sunny,Medium
2025-12-12,23:24,23,Friday,5,December,12,12.973118,77.750897,Whitefield,Cyber Crime,2,Rainy,Medium
2026-03-28,19:06,19,Saturday,6,March,3,13.043723,77.600197,Hebbal,Vehicle Theft,9,Partly Cloudy,Very High
2026-03-07,07:44,7,Saturday,6,March,3,12.977263,77.635456,Indiranagar,Vehicle Theft,8,Partly Cloudy,Medium
2026-08-22,05:20,5,Saturday,6,August,8,12.911884,77.477999,Kengeri,Accident,4,Sunny,High
2026-02-01,07:15,7,Sunday,7,February,2,12.912029,77.616557,BTM Layout,Robbery,7,Partly Cloudy,High
2025-04-05,10:15,10,Saturday,6,April,4,12.910068,77.61305,BTM Layout,Burglary,6,Sunny,Medium
2026-04-13,22:05,22,Monday,1,April,4,13.037234,77.595364,Hebbal,Fraud,9,Rainy,Very High
2026-10-28,08:45,8,Wednesday,3,October,10,12.952304,77.701816,Marathahalli,Assault,4,Cloudy,Low
2026-08-12,16:51,16,Wednesday,3,August,8,13.001207,77.565739,Malleshwaram,Fraud,6,Rainy,High
2025-10-13,23:21,23,Monday,1,October,10,12.838683,77.663969,Electronic City,Vehicle Theft,8,Sunny,Medium
2025-10-09,17:00,17,Thursday,4,October,10,12.911007,77.617023,BTM Layout,Accident,5,Rainy,Very High
2026-02-18,16:14,16,Wednesday,3,February,2,12.928805,77.630384,Koramangala,Accident,5,Rainy,Low
2025-09-03,10:32,10,Wednesday,3,September,9,12.908718,77.632096,HSR Layout,Cyber Crime,4,Sunny,Medium
2026-02-02,02:20,2,Monday,1,February,2,12.992566,77.557226,Rajajinagar,Vandalism,4,Rainy,Low
2025-02-14,10:16,10,Friday,5,February,2,13.028153,77.544267,Yeshwanthpur,Accident,5,Cloudy,Low
2025-04-08,05:25,5,Tuesday,2,April,4,12.923313,77.539834,Banashankari,Cyber Crime,4,Cloudy,Medium
2026-12-12,11:29,11,Saturday,6,December,12,13.038361,77.597502,Hebbal,Accident,2,Sunny,Low
2025-12-06,18:00,18,Saturday,6,December,12,13.003576,77.565958,Malleshwaram,Accident,3,Partly Cloudy,Medium
2026-04-15,03:57,3,Wednesday,3,April,4,12.911521,77.484455,Kengeri,Assault,10,Partly Cloudy,Very High
2026-04-27,05:33,5,Monday,1,April,4,12.918094,77.539669,Banashankari,Accident,2,Cloudy,Medium
2025-03-18,01:54,1,Tuesday,2,March,3,12.967865,77.75721,Whitefield,Assault,5,Cloudy,Low
2025-10-30,21:44,21,Thursday,4,October,10,12.933432,77.542004,Banashankari,Burglary,9,Sunny,Very High
2026-01-31,23:59,23,Saturday,6,January,1,12.919273,77.600971,Jayanagar,Assault,6,Rainy,High
2025-08-02,14:10,14,Saturday,6,August,8,12.994363,77.560519,Rajajinagar,Fraud,8,Cloudy,High
2026-06-27,06:43,6,Saturday,6,June,6,12.941417,77.62995,Koramangala,Cyber Crime,2,Cloudy,High
2025-11-18,02:26,2,Tuesday,2,November,11,13.043024,77.604977,Hebbal,Robbery,3,Rainy,Medium
2025-01-04,02:15,2,Saturday,6,January,1,12.921273,77.606059,BTM Layout,Robbery,4,Partly Cloudy,High
2026-04-04,17:04,17,Saturday,6,April,4,12.935944,77.616938,Koramangala,Fraud,6,Rainy,Very High
2025-05-25,16:24,16,Sunday,7,May,5,12.924442,77.605334,BTM Layout,Robbery,3,Sunny,Low
2026-11-23,17:25,17,Monday,1,November,11,12.995842,77.560902,Rajajinagar,Fraud,7,Partly Cloudy,Very High
2025-02-12,23:50,23,Wednesday,3,February,2,13.035894,77.592253,Hebbal,Fraud,3,Rainy,Medium
2026-09-16,11:25,11,Wednesday,3,September,9,12.838151,77.655071,Electronic City,Robbery,6,Rainy,High
2025-02-24,08:48,8,Monday,1,February,2,12.983897,77.642855,Indiranagar,Robbery,8,Sunny,Very High
2026-10-17,09:51,9,Saturday,6,October,10,12.956199,77.700157,Marathahalli,Accident,10,Cloudy,Very High
2025-07-16,15:40,15,Wednesday,3,July,7,12.936104,77.5762,Basavanagudi,Fraud,5,Cloudy,Low
2025-06-19,04:35,4,Thursday,4,June,6,12.93596,77.62166,Koramangala,Cyber Crime,9,Sunny,High
2026-03-29,05:18,5,Sunday,7,March,3,12.935491,77.630748,Koramangala,Theft,11,Rainy,High
2025-09-30,00:38,0,Tuesday,2,September,9,12.916212,77.485132,Kengeri,Theft,13,Cloudy,High
2025-09-13,01:48,1,Saturday,6,September,9,12.978493,77.640996,Indiranagar,Vehicle Theft,10,Cloudy,High
2025-08-09,17:06,17,Saturday,6,August,8,13.036666,77.590211,Hebbal,Accident,5,Partly Cloudy,Medium
2025-12-25,19:57,19,Thursday,4,December,12,13.027411,77.532152,Yeshwanthpur,Cyber Crime,5,Partly Cloudy,High
2025-12-29,16:29,16,Monday,1,December,12,12.910804,77.607447,BTM Layout,Fraud,4,Rainy,Very High
2026-04-11,17:02,17,Saturday,6,April,4,12.967871,77.755851,Whitefield,Cyber Crime,4,Rainy,Low
2026-04-07,11:50,11,Tuesday,2,April,4,12.923195,77.604834,BTM Layout,Cyber Crime,7,Cloudy,Very High
2025-06-11,10:45,10,Wednesday,3,June,6,12.921362,77.611051,BTM Layout,Burglary,5,Cloudy,High
2025-05-12,02:17,2,Monday,1,May,5,12.943336,77.57755,Basavanagudi,Assault,7,Sunny,Very High
2026-03-22,12:43,12,Sunday,7,March,3,13.039974,77.591869,Hebbal,Robbery,9,Sunny,Very High
2025-11-21,18:12,18,Friday,5,November,11,12.918792,77.637644,HSR Layout,Assault,2,Cloudy,Low
2026-05-04,22:00,22,Monday,1,May,5,12.946563,77.576273,Basavanagudi,Vehicle Theft,6,Rainy,Very High
2025-11-15,00:43,0,Saturday,6,November,11,12.924892,77.553319,Banashankari,Theft,9,Sunny,Low
2025-07-28,21:38,21,Monday,1,July,7,12.914036,77.616073,BTM Layout,Fraud,4,Cloudy,High
2025-12-10,23:40,23,Wednesday,3,December,12,13.001071,77.573208,Malleshwaram,Accident,8,Sunny,High
2026-03-28,02:52,2,Saturday,6,March,3,12.996434,77.561799,Rajajinagar,Vehicle Theft,4,Cloudy,Low
2026-01-18,05:24,5,Sunday,7,January,1,12.913856,77.607166,BTM Layout,Assault,4,Rainy,Low
2026-08-07,12:19,12,Friday,5,August,8,12.930482,77.624553,Koramangala,Cyber Crime,1,Partly Cloudy,Medium
2026-06-04,03:29,3,Thursday,4,June,6,13.029587,77.592238,Hebbal,Theft,4,Partly Cloudy,Medium
2026-02-27,01:54,1,Friday,5,February,2,12.837375,77.660902,Electronic City,Accident,5,Rainy,Medium
2025-11-20,10:46,10,Thursday,4,November,11,12.837423,77.655123,Electronic City,Vandalism,5,Sunny,Medium
2026-05-11,22:30,22,Monday,1,May,5,12.947194,77.578669,Basavanagudi,Cyber Crime,8,Cloudy,Medium
2026-07-20,06:00,6,Monday,1,July,7,12.913729,77.642812,HSR Layout,Cyber Crime,5,Cloudy,Very High
2026-04-20,20:31,20,Monday,1,April,4,12.924309,77.60622,BTM Layout,Theft,11,Rainy,High
2025-04-27,12:12,12,Sunday,7,April,4,12.974983,77.753148,Whitefield,Vandalism,11,Cloudy,Very High
2025-02-19,05:28,5,Wednesday,3,February,2,13.029576,77.536947,Yeshwanthpur,Fraud,5,Rainy,Medium
2025-12-09,17:55,17,Tuesday,2,December,12,12.919299,77.604786,BTM Layout,Cyber Crime,5,Partly Cloudy,Low
2026-04-12,03:54,3,Sunday,7,April,4,13.009449,77.565145,Malleshwaram,Vehicle Theft,8,Cloudy,Low
2026-09-29,04:37,4,Tuesday,2,September,9,12.926712,77.596128,Jayanagar,Missing Person,5,Sunny,Medium
2026-11-18,07:51,7,Wednesday,3,November,11,12.931501,77.626302,Koramangala,Fraud,3,Partly Cloudy,Medium
2026-07-23,00:46,0,Thursday,4,July,7,12.944241,77.567846,Basavanagudi,Cyber Crime,8,Partly Cloudy,Low
2025-11-16,20:56,20,Sunday,7,November,11,12.930202,77.619417,Koramangala,Theft,9,Partly Cloudy,Very High
2026-11-19,07:53,7,Thursday,4,November,11,12.909175,77.606765,BTM Layout,Cyber Crime,4,Partly Cloudy,Low
2025-05-15,07:38,7,Thursday,4,May,5,12.929088,77.547683,Banashankari,Accident,4,Partly Cloudy,Low
2026-06-15,07:23,7,Monday,1,June,6,12.915929,77.608029,BTM Layout,Missing Person,4,Sunny,High
2026-12-03,03:10,3,Thursday,4,December,12,12.927054,77.600636,Jayanagar,Vandalism,8,Cloudy,Low
2025-07-31,23:14,23,Thursday,4,July,7,12.943063,77.581978,Basavanagudi,Missing Person,7,Cloudy,High
2025-06-07,15:52,15,Saturday,6,June,6,12.91844,77.482306,Kengeri,Accident,6,Rainy,Very High
2026-06-21,07:42,7,Sunday,7,June,6,12.982812,77.63706,Indiranagar,Robbery,7,Sunny,Low
2025-04-23,12:21,12,Wednesday,3,April,4,13.034199,77.59002,Hebbal,Robbery,2,Rainy,Medium
2025-05-07,14:54,14,Wednesday,3,May,5,12.966453,77.689684,Marathahalli,Vandalism,5,Sunny,Very High
2026-06-24,20:17,20,Wednesday,3,June,6,12.985159,77.640827,Indiranagar,Assault,7,Rainy,High
2026-05-03,05:37,5,Sunday,7,May,5,13.000285,77.56673,Malleshwaram,Burglary,6,Cloudy,High
2026-02-07,03:36,3,Saturday,6,February,2,13.020408,77.533967,Yeshwanthpur,Fraud,10,Sunny,High
2025-12-21,18:49,18,Sunday,7,December,12,13.029388,77.535164,Yeshwanthpur,Fraud,4,Sunny,Medium
2026-05-03,20:13,20,Sunday,7,May,5,12.851587,77.660013,Electronic City,Vandalism,10,Rainy,Medium
2025-06-09,18:05,18,Monday,1,June,6,12.932363,77.62791,Koramangala,Cyber Crime,3,Rainy,Low
2026-03-23,08:59,8,Monday,1,March,3,12.968831,77.75759,Whitefield,Vehicle Theft,9,Partly Cloudy,High
2026-04-14,18:42,18,Tuesday,2,April,4,12.924196,77.598195,Jayanagar,Cyber Crime,2,Partly Cloudy,High
2026-08-25,03:15,3,Tuesday,2,August,8,12.941547,77.582748,Basavanagudi,Accident,9,Partly Cloudy,High
2026-04-27,02:26,2,Monday,1,April,4,12.937487,77.567687,Basavanagudi,Vehicle Theft,9,Cloudy,Low
2026-09-17,12:58,12,Thursday,4,September,9,12.912321,77.616573,BTM Layout,Vehicle Theft,6,Sunny,Medium
2026-11-22,09:18,9,Sunday,7,November,11,12.964781,77.748181,Whitefield,Vandalism,5,Rainy,High
2025-12-13,06:46,6,Saturday,6,December,12,12.939048,77.628613,Koramangala,Vehicle Theft,9,Rainy,Low
2025-04-18,10:24,10,Friday,5,April,4,12.939477,77.617822,Koramangala,Vandalism,3,Partly Cloudy,High
2025-08-02,20:41,20,Saturday,6,August,8,12.837448,77.655374,Electronic City,Missing Person,7,Sunny,Medium
2025-11-11,19:38,19,Tuesday,2,November,11,12.948724,77.575312,Basavanagudi,Vehicle Theft,8,Partly Cloudy,High
2025-01-03,05:05,5,Friday,5,January,1,12.915384,77.616628,BTM Layout,Theft,8,Sunny,Very High
2026-10-11,18:22,18,Sunday,7,October,10,12.93846,77.624175,Koramangala,Burglary,5,Sunny,Low
2025-06-28,16:33,16,Saturday,6,June,6,12.930181,77.631207,Koramangala,Assault,6,Cloudy,Medium
2025-09-10,07:39,7,Wednesday,3,September,9,12.928436,77.548233,Banashankari,Cyber Crime,4,Partly Cloudy,High
2025-06-15,18:31,18,Sunday,7,June,6,13.024391,77.541872,Yeshwanthpur,Fraud,2,Sunny,Medium
2026-03-01,09:20,9,Sunday,7,March,3,13.034808,77.542909,Yeshwanthpur,Fraud,9,Sunny,Very High
2025-08-12,12:36,12,Tuesday,2,August,8,12.997631,77.562486,Rajajinagar,Theft,5,Rainy,Very High
2025-05-28,15:50,15,Wednesday,3,May,5,13.028334,77.542841,Yeshwanthpur,Vehicle Theft,6,Partly Cloudy,High
2026-02-18,20:59,20,Wednesday,3,February,2,13.026871,77.533421,Yeshwanthpur,Vandalism,3,Sunny,Medium
2026-12-31,08:15,8,Thursday,4,December,12,13.035078,77.603091,Hebbal,Accident,5,Sunny,Low
2025-07-07,08:24,8,Monday,1,July,7,12.929781,77.625753,Koramangala,Assault,3,Partly Cloudy,Medium
2025-12-22,00:53,0,Monday,1,December,12,12.99039,77.549191,Rajajinagar,Vehicle Theft,7,Cloudy,High
2025-03-10,20:17,20,Monday,1,March,3,12.922889,77.597271,Jayanagar,Vandalism,8,Sunny,High
2026-06-02,09:51,9,Tuesday,2,June,6,13.034944,77.539592,Yeshwanthpur,Theft,9,Rainy,Very High
2025-03-28,15:30,15,Friday,5,March,3,12.851642,77.660395,Electronic City,Cyber Crime,7,Partly Cloudy,High
2026-12-21,17:36,17,Monday,1,December,12,12.907135,77.478803,Kengeri,Burglary,5,Rainy,Very High
2025-06-13,20:03,20,Friday,5,June,6,12.999412,77.576118,Malleshwaram,Accident,6,Cloudy,Medium
2026-07-04,13:33,13,Saturday,6,July,7,12.999213,77.555009,Rajajinagar,Burglary,5,Cloudy,High
2026-11-10,06:10,6,Tuesday,2,November,11,12.916595,77.635445,HSR Layout,Robbery,6,Sunny,High
2026-05-01,04:30,4,Friday,5,May,5,12.852717,77.658483,Electronic City,Fraud,6,Partly Cloudy,Medium
2025-02-22,04:16,4,Saturday,6,February,2,12.915507,77.631969,HSR Layout,Fraud,11,Sunny,Low
2025-12-24,18:23,18,Wednesday,3,December,12,12.963761,77.698158,Marathahalli,Missing Person,3,Sunny,Medium
2025-10-02,06:41,6,Thursday,4,October,10,12.935546,77.581624,Basavanagudi,Accident,5,Sunny,Very High
2025-06-01,19:00,19,Sunday,7,June,6,12.972368,77.750864,Whitefield,Theft,8,Cloudy,High
2026-07-22,18:55,18,Wednesday,3,July,7,12.917858,77.615984,BTM Layout,Vandalism,3,Cloudy,Very High
2026-05-03,05:24,5,Sunday,7,May,5,12.978759,77.648374,Indiranagar,Fraud,5,Partly Cloudy,High
2025-09-26,13:27,13,Friday,5,September,9,12.928522,77.539924,Banashankari,Fraud,5,Partly Cloudy,High
2025-04-08,13:31,13,Tuesday,2,April,4,13.005823,77.564013,Malleshwaram,Assault,4,Cloudy,Medium
2026-07-02,19:36,19,Thursday,4,July,7,12.921556,77.476417,Kengeri,Missing Person,5,Partly Cloudy,High
2025-11-01,05:00,5,Saturday,6,November,11,12.949214,77.580384,Basavanagudi,Fraud,8,Cloudy,High
2026-05-21,19:20,19,Thursday,4,May,5,12.91103,77.486873,Kengeri,Theft,6,Cloudy,High
2025-10-06,10:54,10,Monday,1,October,10,12.920346,77.610432,BTM Layout,Burglary,7,Sunny,Very High
2026-02-08,08:29,8,Sunday,7,February,2,12.96145,77.704121,Marathahalli,Assault,7,Sunny,Medium
2026-07-23,05:44,5,Thursday,4,July,7,12.981502,77.637301,Indiranagar,Vandalism,4,Rainy,High
2026-12-02,09:05,9,Wednesday,3,December,12,12.920911,77.606354,BTM Layout,Cyber Crime,7,Cloudy,High
2025-10-17,10:30,10,Friday,5,October,10,12.918575,77.601002,Jayanagar,Burglary,6,Partly Cloudy,High
2026-10-12,04:16,4,Monday,1,October,10,12.910017,77.613115,BTM Layout,Theft,9,Partly Cloudy,High
2025-05-06,11:20,11,Tuesday,2,May,5,12.928794,77.544472,Banashankari,Robbery,6,Sunny,Very High
2026-01-15,13:32,13,Thursday,4,January,1,12.845645,77.664195,Electronic City,Fraud,9,Rainy,High
2025-10-31,09:18,9,Friday,5,October,10,13.021264,77.537456,Yeshwanthpur,Cyber Crime,2,Partly Cloudy,Medium
2025-03-21,12:30,12,Friday,5,March,3,12.924488,77.611906,BTM Layout,Burglary,6,Sunny,High
2026-12-12,20:39,20,Saturday,6,December,12,12.951396,77.702233,Marathahalli,Cyber Crime,5,Sunny,Low
2025-04-30,19:54,19,Wednesday,3,April,4,12.922509,77.543896,Banashankari,Robbery,3,Rainy,Low
2025-10-31,07:00,7,Friday,5,October,10,12.906691,77.485852,Kengeri,Vandalism,1,Cloudy,Low
2026-01-18,18:00,18,Sunday,7,January,1,12.910975,77.610607,BTM Layout,Assault,5,Sunny,High
2026-08-10,16:03,16,Monday,1,August,8,12.984271,77.554213,Rajajinagar,Missing Person,3,Sunny,Low
2025-10-12,01:45,1,Sunday,7,October,10,12.955058,77.691321,Marathahalli,Missing Person,7,Partly Cloudy,Medium
2025-02-27,15:07,15,Thursday,4,February,2,12.842627,77.659536,Electronic City,Vandalism,5,Cloudy,Very High
2026-06-01,19:30,19,Monday,1,June,6,12.994343,77.558624,Rajajinagar,Robbery,2,Cloudy,Medium
2026-05-23,04:52,4,Saturday,6,May,5,12.923252,77.588038,Jayanagar,Burglary,10,Sunny,Very High
2026-10-21,06:51,6,Wednesday,3,October,10,13.042435,77.59176,Hebbal,Vandalism,4,Rainy,Very High
2026-07-23,08:14,8,Thursday,4,July,7,13.00483,77.565551,Malleshwaram,Fraud,8,Sunny,Very High
2025-07-20,10:56,10,Sunday,7,July,7,13.033037,77.535009,Yeshwanthpur,Robbery,4,Rainy,Medium
2025-07-22,19:56,19,Tuesday,2,July,7,12.918677,77.616239,BTM Layout,Assault,5,Rainy,High
2025-11-24,03:36,3,Monday,1,November,11,12.91814,77.605384,BTM Layout,Accident,5,Partly Cloudy,Medium
2026-08-10,19:05,19,Monday,1,August,8,12.922679,77.616032,BTM Layout,Accident,4,Rainy,Medium
2026-02-28,12:57,12,Saturday,6,February,2,12.964063,77.748161,Whitefield,Assault,9,Partly Cloudy,Very High
2025-05-04,21:10,21,Sunday,7,May,5,12.965872,77.691942,Marathahalli,Accident,7,Sunny,Medium
2026-01-25,22:46,22,Sunday,7,January,1,13.035466,77.544387,Yeshwanthpur,Burglary,13,Sunny,Very High
2025-11-11,00:46,0,Tuesday,2,November,11,13.040046,77.6009,Hebbal,Burglary,4,Sunny,Very High
2025-04-03,05:34,5,Thursday,4,April,4,12.930492,77.627737,Koramangala,Assault,5,Partly Cloudy,Medium
2026-03-25,18:26,18,Wednesday,3,March,3,13.033079,77.534574,Yeshwanthpur,Assault,4,Partly Cloudy,Low
2025-04-29,06:45,6,Tuesday,2,April,4,12.94044,77.631518,Koramangala,Vehicle Theft,5,Sunny,Low
2026-12-04,20:04,20,Friday,5,December,12,12.840563,77.659264,Electronic City,Fraud,8,Partly Cloudy,Very High
2025-12-12,22:34,22,Friday,5,December,12,12.903976,77.63169,HSR Layout,Accident,4,Partly Cloudy,Medium
2026-05-14,08:38,8,Thursday,4,May,5,12.97259,77.752412,Whitefield,Vandalism,1,Cloudy,Medium
2026-08-15,21:18,21,Saturday,6,August,8,12.917982,77.475,Kengeri,Vehicle Theft,9,Rainy,Medium
2026-12-15,13:27,13,Tuesday,2,December,12,12.850859,77.655529,Electronic City,Vandalism,3,Partly Cloudy,High
2026-08-03,21:13,21,Monday,1,August,8,12.943133,77.569146,Basavanagudi,Theft,10,Cloudy,Medium
2025-07-01,19:24,19,Tuesday,2,July,7,13.00129,77.573501,Malleshwaram,Vandalism,4,Partly Cloudy,Low
2026-04-11,15:23,15,Saturday,6,April,4,12.922121,77.591544,Jayanagar,Theft,8,Sunny,Very High
2025-04-29,03:24,3,Tuesday,2,April,4,12.844938,77.658243,Electronic City,Vehicle Theft,8,Rainy,High
2026-11-28,16:42,16,Saturday,6,November,11,12.998056,77.57662,Malleshwaram,Cyber Crime,9,Partly Cloudy,Very High
2026-07-08,18:55,18,Wednesday,3,July,7,12.932526,77.601205,Jayanagar,Assault,3,Sunny,High
2026-05-19,21:59,21,Tuesday,2,May,5,12.971373,77.744459,Whitefield,Accident,6,Cloudy,Low
2026-05-25,22:29,22,Monday,1,May,5,12.918849,77.613621,BTM Layout,Burglary,3,Partly Cloudy,Medium
2025-12-04,21:40,21,Thursday,4,December,12,12.942201,77.626865,Koramangala,Vandalism,7,Rainy,High
2026-05-01,19:30,19,Friday,5,May,5,12.903841,77.63732,HSR Layout,Accident,5,Cloudy,Very High
2026-07-11,12:17,12,Saturday,6,July,7,12.975896,77.635386,Indiranagar,Accident,8,Rainy,Very High
2025-06-14,19:00,19,Saturday,6,June,6,12.935925,77.630887,Koramangala,Assault,3,Rainy,Medium
2025-11-10,02:20,2,Monday,1,November,11,13.003913,77.57621,Malleshwaram,Assault,8,Sunny,Low
2026-11-22,12:06,12,Sunday,7,November,11,12.966217,77.69451,Marathahalli,Robbery,3,Cloudy,Medium
2025-04-26,22:45,22,Saturday,6,April,4,12.960527,77.695951,Marathahalli,Vandalism,8,Rainy,High
2026-03-26,11:30,11,Thursday,4,March,3,12.916263,77.641259,HSR Layout,Theft,3,Rainy,Medium
2025-02-28,21:48,21,Friday,5,February,2,12.920234,77.586239,Jayanagar,Assault,5,Sunny,Very High
2026-10-24,11:04,11,Saturday,6,October,10,12.99552,77.547587,Rajajinagar,Robbery,6,Cloudy,Medium
2025-11-17,19:51,19,Monday,1,November,11,12.930253,77.624504,Koramangala,Theft,6,Sunny,Medium
2025-03-21,19:03,19,Friday,5,March,3,13.037186,77.591926,Hebbal,Accident,8,Partly Cloudy,Very High
2026-06-12,17:11,17,Friday,5,June,6,12.984814,77.556385,Rajajinagar,Accident,3,Partly Cloudy,Low
2025-05-11,03:36,3,Sunday,7,May,5,12.844291,77.666932,Electronic City,Theft,9,Sunny,Low
2025-09-22,09:24,9,Monday,1,September,9,12.930426,77.618657,Koramangala,Assault,5,Rainy,High
2026-04-14,09:37,9,Tuesday,2,April,4,12.958553,77.703509,Marathahalli,Burglary,1,Rainy,Medium
2026-12-17,11:18,11,Thursday,4,December,12,12.963398,77.756557,Whitefield,Robbery,4,Partly Cloudy,Very High
2025-02-07,13:22,13,Friday,5,February,2,12.918998,77.590469,Jayanagar,Fraud,7,Cloudy,High
2026-07-23,07:38,7,Thursday,4,July,7,12.932446,77.592301,Jayanagar,Fraud,4,Partly Cloudy,Low
2026-07-05,23:24,23,Sunday,7,July,7,13.0349,77.59501,Hebbal,Cyber Crime,9,Cloudy,High
2025-02-19,11:55,11,Wednesday,3,February,2,12.998472,77.573449,Malleshwaram,Fraud,9,Sunny,Very High
2026-04-19,00:54,0,Sunday,7,April,4,12.992399,77.551012,Rajajinagar,Vehicle Theft,6,Rainy,Low
2026-12-15,06:31,6,Tuesday,2,December,12,13.021686,77.543302,Yeshwanthpur,Robbery,2,Cloudy,Medium
2025-11-20,07:16,7,Thursday,4,November,11,12.935495,77.624626,Koramangala,Fraud,6,Cloudy,Very High
2025-11-08,14:40,14,Saturday,6,November,11,12.923437,77.540159,Banashankari,Missing Person,8,Rainy,Very High
2026-12-05,09:33,9,Saturday,6,December,12,12.919301,77.631264,HSR Layout,Vehicle Theft,10,Rainy,Very High
2025-04-20,19:10,19,Sunday,7,April,4,12.845742,77.653707,Electronic City,Accident,3,Cloudy,Low
2026-08-22,20:26,20,Saturday,6,August,8,12.97837,77.639518,Indiranagar,Assault,9,Rainy,Low
2025-01-15,03:36,3,Wednesday,3,January,1,12.838486,77.655704,Electronic City,Missing Person,5,Sunny,High
2026-09-01,02:32,2,Tuesday,2,September,9,12.851895,77.666321,Electronic City,Assault,3,Sunny,Low
2026-12-15,15:51,15,Tuesday,2,December,12,12.847141,77.653934,Electronic City,Vehicle Theft,9,Partly Cloudy,Very High
2026-04-26,17:10,17,Sunday,7,April,4,13.034591,77.603337,Hebbal,Fraud,4,Cloudy,Low
2025-08-30,13:56,13,Saturday,6,August,8,12.998597,77.57265,Malleshwaram,Missing Person,5,Cloudy,Very High
2026-11-01,01:07,1,Sunday,7,November,11,12.974779,77.746839,Whitefield,Vandalism,6,Partly Cloudy,Low
2026-08-08,17:53,17,Saturday,6,August,8,12.954887,77.690047,Marathahalli,Assault,5,Partly Cloudy,Low
2025-04-21,13:24,13,Monday,1,April,4,12.971088,77.635051,Indiranagar,Cyber Crime,4,Cloudy,High
2025-03-25,04:14,4,Tuesday,2,March,3,12.840973,77.658708,Electronic City,Vandalism,8,Sunny,High
2025-07-17,11:15,11,Thursday,4,July,7,12.912585,77.489227,Kengeri,Missing Person,6,Partly Cloudy,Very High
2025-11-11,05:12,5,Tuesday,2,November,11,12.920636,77.552174,Banashankari,Fraud,5,Rainy,Medium
2025-05-21,15:26,15,Wednesday,3,May,5,12.930399,77.588466,Jayanagar,Robbery,4,Partly Cloudy,High
2025-12-16,00:42,0,Tuesday,2,December,12,12.999869,77.562596,Malleshwaram,Missing Person,5,Cloudy,Medium
2025-10-19,07:49,7,Sunday,7,October,10,12.931887,77.546139,Banashankari,Assault,6,Rainy,Low
2026-03-26,17:28,17,Thursday,4,March,3,13.03047,77.537983,Yeshwanthpur,Missing Person,8,Partly Cloudy,Very High
2025-12-24,15:38,15,Wednesday,3,December,12,12.968094,77.754255,Whitefield,Robbery,5,Cloudy,High
2026-04-02,15:07,15,Thursday,4,April,4,13.009854,77.572083,Malleshwaram,Missing Person,9,Partly Cloudy,Very High
2025-10-19,20:35,20,Sunday,7,October,10,12.926395,77.54402,Banashankari,Vandalism,3,Partly Cloudy,Low
2025-04-09,20:07,20,Wednesday,3,April,4,12.922867,77.592536,Jayanagar,Assault,5,Sunny,High
2026-08-19,02:49,2,Wednesday,3,August,8,12.932122,77.54889,Banashankari,Fraud,9,Cloudy,High
2025-11-03,09:48,9,Monday,1,November,11,12.920082,77.595658,Jayanagar,Theft,3,Rainy,High
2025-01-02,06:37,6,Thursday,4,January,1,12.97738,77.641633,Indiranagar,Accident,3,Cloudy,High
2026-09-02,08:33,8,Wednesday,3,September,9,13.031179,77.532564,Yeshwanthpur,Vehicle Theft,4,Rainy,High
2025-04-24,11:04,11,Thursday,4,April,4,12.970727,77.642444,Indiranagar,Missing Person,6,Rainy,Very High
2026-03-26,21:11,21,Thursday,4,March,3,12.997454,77.563231,Malleshwaram,Robbery,7,Cloudy,Medium
2026-05-25,08:04,8,Monday,1,May,5,12.979511,77.638149,Indiranagar,Robbery,3,Rainy,Low
2025-05-31,12:21,12,Saturday,6,May,5,12.974289,77.753417,Whitefield,Theft,4,Cloudy,High
2026-07-13,00:55,0,Monday,1,July,7,12.919545,77.594682,Jayanagar,Vehicle Theft,6,Cloudy,Low
2025-05-27,10:45,10,Tuesday,2,May,5,12.937688,77.580059,Basavanagudi,Theft,3,Sunny,Low
2025-06-08,10:09,10,Sunday,7,June,6,12.943693,77.568221,Basavanagudi,Vandalism,11,Rainy,Very High
2026-04-11,15:24,15,Saturday,6,April,4,12.991555,77.554703,Rajajinagar,Burglary,7,Cloudy,High
2025-09-20,12:15,12,Saturday,6,September,9,12.929009,77.592738,Jayanagar,Assault,8,Rainy,High
2026-09-04,07:18,7,Friday,5,September,9,12.903817,77.637342,HSR Layout,Assault,1,Rainy,Low
2026-07-12,13:50,13,Sunday,7,July,7,12.922861,77.542862,Banashankari,Vandalism,4,Cloudy,Medium
2026-03-11,14:19,14,Wednesday,3,March,3,13.004842,77.569672,Malleshwaram,Cyber Crime,8,Sunny,Very High
2025-06-16,08:56,8,Monday,1,June,6,12.918011,77.541032,Banashankari,Vehicle Theft,3,Sunny,High
2026-06-25,14:21,14,Thursday,4,June,6,12.910211,77.60531,BTM Layout,Accident,5,Cloudy,Low
2026-12-12,08:59,8,Saturday,6,December,12,12.913789,77.604536,BTM Layout,Theft,13,Sunny,Very High
2025-03-29,01:38,1,Saturday,6,March,3,12.976825,77.634703,Indiranagar,Assault,6,Sunny,Medium
2026-03-08,10:06,10,Sunday,7,March,3,12.930983,77.553794,Banashankari,Assault,9,Partly Cloudy,Very High
2026-06-18,15:39,15,Thursday,4,June,6,12.984196,77.548168,Rajajinagar,Assault,4,Cloudy,High
2025-06-16,03:45,3,Monday,1,June,6,12.930041,77.629809,Koramangala,Cyber Crime,5,Partly Cloudy,High
2025-02-11,19:19,19,Tuesday,2,February,2,12.90603,77.643297,HSR Layout,Theft,5,Cloudy,Medium
2026-05-23,20:19,20,Saturday,6,May,5,12.972089,77.754583,Whitefield,Robbery,11,Rainy,High
2026-08-30,16:23,16,Sunday,7,August,8,12.969841,77.752129,Whitefield,Vehicle Theft,8,Partly Cloudy,Very High
2025-10-14,09:31,9,Tuesday,2,October,10,12.988995,77.54886,Rajajinagar,Vandalism,9,Cloudy,Very High
2026-11-22,14:12,14,Sunday,7,November,11,12.983635,77.547132,Rajajinagar,Vandalism,6,Sunny,High
2025-09-07,17:30,17,Sunday,7,September,9,12.929039,77.617196,Koramangala,Burglary,2,Rainy,Low
2026-09-21,20:46,20,Monday,1,September,9,12.916315,77.611707,BTM Layout,Assault,9,Rainy,High
2026-02-21,07:44,7,Saturday,6,February,2,12.911929,77.638966,HSR Layout,Accident,8,Cloudy,High
2026-07-13,16:31,16,Monday,1,July,7,12.910927,77.484016,Kengeri,Burglary,4,Rainy,Medium
2025-08-05,02:40,2,Tuesday,2,August,8,13.032531,77.540148,Yeshwanthpur,Cyber Crime,4,Sunny,Medium
2025-03-06,21:09,21,Thursday,4,March,3,12.938734,77.631979,Koramangala,Cyber Crime,6,Partly Cloudy,Medium
2026-05-07,17:54,17,Thursday,4,May,5,12.908915,77.611759,BTM Layout,Assault,2,Cloudy,Medium
2026-07-28,05:15,5,Tuesday,2,July,7,13.007296,77.576425,Malleshwaram,Vandalism,3,Sunny,Medium
2025-12-23,01:16,1,Tuesday,2,December,12,12.845515,77.667802,Electronic City,Theft,7,Rainy,Low
2025-07-07,12:46,12,Monday,1,July,7,12.91688,77.635498,HSR Layout,Missing Person,4,Rainy,Very High
2025-12-08,22:19,22,Monday,1,December,12,12.920824,77.58695,Jayanagar,Vandalism,9,Partly Cloudy,Very High
2026-08-21,10:28,10,Friday,5,August,8,12.91967,77.601684,Jayanagar,Accident,5,Cloudy,Medium
2026-12-30,17:44,17,Wednesday,3,December,12,12.989267,77.553898,Rajajinagar,Theft,5,Partly Cloudy,Low
2026-12-05,10:41,10,Saturday,6,December,12,13.004458,77.576135,Malleshwaram,Accident,4,Sunny,Low
2025-06-13,14:13,14,Friday,5,June,6,12.912349,77.633966,HSR Layout,Accident,4,Sunny,Low
2026-04-15,17:02,17,Wednesday,3,April,4,13.006463,77.562965,Malleshwaram,Vandalism,9,Sunny,Very High
2025-07-16,01:10,1,Wednesday,3,July,7,12.981164,77.635773,Indiranagar,Theft,10,Cloudy,Low
2025-05-15,22:55,22,Thursday,4,May,5,12.912052,77.645977,HSR Layout,Burglary,6,Cloudy,Medium
2026-07-23,12:30,12,Thursday,4,July,7,13.021051,77.540002,Yeshwanthpur,Accident,2,Rainy,Medium
2026-08-02,15:54,15,Sunday,7,August,8,13.026506,77.533769,Yeshwanthpur,Assault,10,Partly Cloudy,Very High
2025-08-15,22:16,22,Friday,5,August,8,12.909889,77.481437,Kengeri,Burglary,5,Cloudy,Low
2026-10-21,22:29,22,Wednesday,3,October,10,12.966494,77.755727,Whitefield,Vehicle Theft,5,Sunny,Medium
2026-08-27,22:17,22,Thursday,4,August,8,12.965569,77.702079,Marathahalli,Theft,8,Sunny,Low
2026-01-15,08:18,8,Thursday,4,January,1,12.916385,77.608867,BTM Layout,Fraud,1,Rainy,Medium
2025-05-25,21:24,21,Sunday,7,May,5,12.962415,77.746186,Whitefield,Vehicle Theft,15,Partly Cloudy,Very High
2026-10-25,09:28,9,Sunday,7,October,10,12.94375,77.576542,Basavanagudi,Theft,9,Partly Cloudy,Very High
2026-02-11,17:51,17,Wednesday,3,February,2,12.979802,77.644165,Indiranagar,Missing Person,6,Cloudy,Very High
2025-07-25,03:22,3,Friday,5,July,7,13.034287,77.604281,Hebbal,Fraud,8,Rainy,Low
2025-05-14,10:53,10,Wednesday,3,May,5,13.005183,77.576814,Malleshwaram,Vehicle Theft,8,Cloudy,High
2026-03-14,14:40,14,Saturday,6,March,3,12.964559,77.697337,Marathahalli,Cyber Crime,5,Partly Cloudy,Very High
2025-09-04,07:11,7,Thursday,4,September,9,13.009829,77.566198,Malleshwaram,Robbery,3,Sunny,Low
2025-12-28,09:43,9,Sunday,7,December,12,12.926903,77.593574,Jayanagar,Fraud,4,Rainy,High
2025-11-15,07:14,7,Saturday,6,November,11,12.964928,77.698159,Marathahalli,Theft,5,Rainy,Low
2026-09-04,11:33,11,Friday,5,September,9,12.845201,77.655625,Electronic City,Vandalism,1,Sunny,Low
2026-11-19,11:40,11,Thursday,4,November,11,12.936198,77.568134,Basavanagudi,Cyber Crime,6,Partly Cloudy,Very High
2025-06-28,10:18,10,Saturday,6,June,6,12.913168,77.631027,HSR Layout,Robbery,1,Cloudy,Medium
2026-08-19,15:30,15,Wednesday,3,August,8,12.934938,77.579508,Basavanagudi,Fraud,5,Partly Cloudy,Low
2025-09-08,17:18,17,Monday,1,September,9,12.982815,77.636572,Indiranagar,Assault,3,Rainy,Medium
2025-08-28,06:36,6,Thursday,4,August,8,13.005637,77.563269,Malleshwaram,Robbery,2,Rainy,High
2025-05-08,18:19,18,Thursday,4,May,5,13.035801,77.546321,Yeshwanthpur,Cyber Crime,2,Rainy,Low
2026-12-30,03:34,3,Wednesday,3,December,12,12.980178,77.646303,Indiranagar,Fraud,7,Cloudy,Medium
2025-11-07,09:28,9,Friday,5,November,11,12.976306,77.75337,Whitefield,Theft,4,Partly Cloudy,Medium
2025-06-15,10:27,10,Sunday,7,June,6,12.911795,77.477961,Kengeri,Burglary,3,Cloudy,Medium
2026-04-29,14:43,14,Wednesday,3,April,4,13.031167,77.590709,Hebbal,Cyber Crime,1,Cloudy,Low
2025-04-04,12:07,12,Friday,5,April,4,12.842693,77.660942,Electronic City,Assault,3,Sunny,High
2025-09-04,14:38,14,Thursday,4,September,9,12.850309,77.656199,Electronic City,Fraud,9,Rainy,Very High
2025-02-22,20:40,20,Saturday,6,February,2,12.917676,77.616952,BTM Layout,Cyber Crime,8,Rainy,Very High
2026-01-26,08:48,8,Monday,1,January,1,12.849726,77.659693,Electronic City,Accident,7,Sunny,High
2025-05-04,20:25,20,Sunday,7,May,5,12.927202,77.623782,Koramangala,Fraud,9,Partly Cloudy,High
2025-01-31,17:51,17,Friday,5,January,1,12.972915,77.644582,Indiranagar,Vandalism,4,Partly Cloudy,Low
2026-01-24,09:28,9,Saturday,6,January,1,12.990117,77.553232,Rajajinagar,Theft,5,Sunny,High
2026-02-12,22:25,22,Thursday,4,February,2,12.914701,77.613585,BTM Layout,Assault,9,Rainy,Medium
2025-03-08,04:42,4,Saturday,6,March,3,12.962939,77.703136,Marathahalli,Theft,8,Rainy,Medium
2025-09-16,05:42,5,Tuesday,2,September,9,13.0286,77.539901,Yeshwanthpur,Vehicle Theft,7,Rainy,Medium
2026-06-01,03:41,3,Monday,1,June,6,12.849161,77.663574,Electronic City,Fraud,7,Cloudy,High
2025-08-05,11:48,11,Tuesday,2,August,8,12.91774,77.615058,BTM Layout,Theft,5,Sunny,Very High
2025-07-12,01:00,1,Saturday,6,July,7,13.029105,77.602212,Hebbal,Missing Person,8,Partly Cloudy,High
2025-08-31,10:02,10,Sunday,7,August,8,12.997217,77.562655,Malleshwaram,Theft,2,Cloudy,Medium
2026-03-05,01:30,1,Thursday,4,March,3,12.951669,77.699272,Marathahalli,Fraud,2,Cloudy,Low
2026-02-06,03:52,3,Friday,5,February,2,13.005537,77.563097,Malleshwaram,Missing Person,6,Cloudy,Medium
2025-04-05,09:25,9,Saturday,6,April,4,12.921313,77.595985,Jayanagar,Vehicle Theft,6,Partly Cloudy,Low
2026-02-20,23:10,23,Friday,5,February,2,12.923641,77.590864,Jayanagar,Assault,9,Rainy,Very High
2025-06-25,19:33,19,Wednesday,3,June,6,12.958638,77.703278,Marathahalli,Missing Person,4,Sunny,Low
2026-05-06,06:00,6,Wednesday,3,May,5,13.024272,77.533543,Yeshwanthpur,Burglary,5,Cloudy,Very High
2026-11-08,00:41,0,Sunday,7,November,11,12.972039,77.640026,Indiranagar,Accident,13,Rainy,Very High
2026-12-21,00:04,0,Monday,1,December,12,12.933474,77.629934,Koramangala,Vehicle Theft,7,Rainy,Very High
2025-03-27,14:23,14,Thursday,4,March,3,12.912383,77.645938,HSR Layout,Accident,7,Rainy,Very High
2026-08-17,12:03,12,Monday,1,August,8,12.915092,77.608483,BTM Layout,Robbery,5,Partly Cloudy,Very High
2026-10-03,02:34,2,Saturday,6,October,10,12.9224,77.544073,Banashankari,Vandalism,9,Partly Cloudy,High
2026-02-22,09:00,9,Sunday,7,February,2,13.031887,77.592272,Hebbal,Robbery,3,Rainy,Medium
2026-03-11,16:14,16,Wednesday,3,March,3,12.917765,77.610495,BTM Layout,Theft,1,Partly Cloudy,Low
2026-05-28,22:45,22,Thursday,4,May,5,12.924498,77.591579,Jayanagar,Cyber Crime,6,Cloudy,Medium
2025-05-11,21:20,21,Sunday,7,May,5,12.931538,77.593547,Jayanagar,Robbery,10,Partly Cloudy,Very High
2026-06-02,09:56,9,Tuesday,2,June,6,12.969067,77.745344,Whitefield,Burglary,5,Sunny,Medium
2026-01-21,22:35,22,Wednesday,3,January,1,12.981926,77.637261,Indiranagar,Robbery,7,Partly Cloudy,High
2026-03-26,21:40,21,Thursday,4,March,3,12.989926,77.559159,Rajajinagar,Assault,8,Cloudy,Very High
2025-07-07,05:46,5,Monday,1,July,7,12.980237,77.641662,Indiranagar,Theft,5,Cloudy,Medium
2025-09-24,17:37,17,Wednesday,3,September,9,12.926027,77.589381,Jayanagar,Robbery,3,Cloudy,High
2025-05-07,19:40,19,Wednesday,3,May,5,12.917515,77.475288,Kengeri,Fraud,8,Cloudy,High
2025-04-30,21:51,21,Wednesday,3,April,4,12.963014,77.702812,Marathahalli,Assault,6,Sunny,High
2026-07-18,14:06,14,Saturday,6,July,7,12.940416,77.577499,Basavanagudi,Missing Person,3,Rainy,High
2025-10-29,20:46,20,Wednesday,3,October,10,12.970153,77.757457,Whitefield,Missing Person,7,Rainy,Medium
2026-05-19,04:09,4,Tuesday,2,May,5,12.938236,77.627949,Koramangala,Cyber Crime,5,Sunny,Low
2025-06-23,13:12,13,Monday,1,June,6,12.957402,77.70132,Marathahalli,Robbery,4,Cloudy,Very High
2026-10-18,23:02,23,Sunday,7,October,10,13.03035,77.534921,Yeshwanthpur,Theft,8,Partly Cloudy,Low
2025-06-29,04:49,4,Sunday,7,June,6,13.002779,77.569851,Malleshwaram,Burglary,6,Cloudy,Low
2026-06-27,05:24,5,Saturday,6,June,6,12.919282,77.64464,HSR Layout,Robbery,3,Sunny,Low
2026-10-14,05:13,5,Wednesday,3,October,10,12.976315,77.640806,Indiranagar,Missing Person,1,Sunny,Medium
2025-10-11,04:19,4,Saturday,6,October,10,13.03325,77.536018,Yeshwanthpur,Robbery,9,Rainy,High
2026-03-07,20:41,20,Saturday,6,March,3,12.925427,77.598835,Jayanagar,Accident,9,Rainy,High
2025-05-13,15:41,15,Tuesday,2,May,5,12.917929,77.614262,BTM Layout,Missing Person,2,Cloudy,High
2026-04-24,15:25,15,Friday,5,April,4,12.913723,77.486561,Kengeri,Theft,4,Cloudy,Low
2025-05-24,22:02,22,Saturday,6,May,5,12.84675,77.662281,Electronic City,Missing Person,11,Partly Cloudy,Low
2026-11-30,08:28,8,Monday,1,November,11,12.917264,77.632291,HSR Layout,Robbery,1,Partly Cloudy,Medium
2025-08-19,06:29,6,Tuesday,2,August,8,12.984621,77.556157,Rajajinagar,Assault,5,Sunny,Medium
2025-07-12,00:27,0,Saturday,6,July,7,12.919824,77.588211,Jayanagar,Fraud,10,Cloudy,High
2025-06-26,07:49,7,Thursday,4,June,6,12.941042,77.571281,Basavanagudi,Accident,4,Rainy,Low
2025-03-26,19:03,19,Wednesday,3,March,3,12.998817,77.549815,Rajajinagar,Robbery,2,Partly Cloudy,High
2025-04-22,00:47,0,Tuesday,2,April,4,12.928637,77.545376,Banashankari,Fraud,10,Partly Cloudy,High
2026-01-08,00:36,0,Thursday,4,January,1,13.008009,77.564575,Malleshwaram,Missing Person,8,Sunny,Medium
2026-08-09,15:39,15,Sunday,7,August,8,12.914104,77.485281,Kengeri,Burglary,4,Sunny,Medium
2025-12-13,07:44,7,Saturday,6,December,12,13.035394,77.590266,Hebbal,Vehicle Theft,5,Partly Cloudy,Medium
2026-12-07,18:17,18,Monday,1,December,12,12.988074,77.562601,Rajajinagar,Vandalism,4,Partly Cloudy,High
2026-05-23,12:01,12,Saturday,6,May,5,13.020652,77.539777,Yeshwanthpur,Cyber Crime,2,Cloudy,High
2026-02-17,23:58,23,Tuesday,2,February,2,12.998258,77.572364,Malleshwaram,Robbery,7,Sunny,Low
2026-09-23,23:53,23,Wednesday,3,September,9,12.934388,77.57562,Basavanagudi,Assault,5,Rainy,Low
2026-02-22,19:31,19,Sunday,7,February,2,12.98772,77.550768,Rajajinagar,Fraud,7,Sunny,High
2026-03-24,20:17,20,Tuesday,2,March,3,12.909805,77.617767,BTM Layout,Theft,8,Rainy,Low
2025-08-02,15:28,15,Saturday,6,August,8,12.963925,77.704797,Marathahalli,Accident,3,Rainy,Low
2025-05-17,11:49,11,Saturday,6,May,5,12.972297,77.648263,Indiranagar,Theft,9,Rainy,Very High
2025-11-09,22:27,22,Sunday,7,November,11,12.91579,77.638621,HSR Layout,Cyber Crime,5,Cloudy,Low
2026-02-04,17:09,17,Wednesday,3,February,2,12.852369,77.65321,Electronic City,Theft,7,Cloudy,High
2025-11-05,23:05,23,Wednesday,3,November,11,12.909928,77.477387,Kengeri,Vehicle Theft,10,Partly Cloudy,Very High
2025-11-28,19:10,19,Friday,5,November,11,13.001741,77.564477,Malleshwaram,Fraud,6,Partly Cloudy,Medium
2025-12-04,23:53,23,Thursday,4,December,12,12.910735,77.644326,HSR Layout,Vehicle Theft,7,Partly Cloudy,Low
2026-06-06,05:46,5,Saturday,6,June,6,12.917236,77.587423,Jayanagar,Fraud,10,Cloudy,Very High
2026-10-02,19:01,19,Friday,5,October,10,12.941592,77.631547,Koramangala,Fraud,6,Sunny,Low
2026-12-28,05:42,5,Monday,1,December,12,12.926867,77.540546,Banashankari,Assault,9,Sunny,Very High
2026-02-25,01:41,1,Wednesday,3,February,2,12.979686,77.640425,Indiranagar,Missing Person,6,Cloudy,Low
2026-12-22,18:44,18,Tuesday,2,December,12,12.839564,77.656213,Electronic City,Robbery,5,Partly Cloudy,Medium
2026-10-20,08:46,8,Tuesday,2,October,10,12.986073,77.554514,Rajajinagar,Vehicle Theft,6,Cloudy,High
2025-03-16,00:20,0,Sunday,7,March,3,12.995927,77.563056,Malleshwaram,Vandalism,7,Rainy,Medium
2025-10-04,06:00,6,Saturday,6,October,10,12.920993,77.550054,Banashankari,Cyber Crime,2,Sunny,Low
2025-08-31,06:05,6,Sunday,7,August,8,12.964075,77.747759,Whitefield,Accident,4,Sunny,Low
2025-06-21,06:24,6,Saturday,6,June,6,12.985147,77.551801,Rajajinagar,Burglary,5,Partly Cloudy,Very High
2025-03-03,07:45,7,Monday,1,March,3,12.91366,77.609967,BTM Layout,Robbery,1,Partly Cloudy,Medium
2025-10-09,15:42,15,Thursday,4,October,10,12.962586,77.745005,Whitefield,Accident,1,Sunny,Low
2026-12-30,14:54,14,Wednesday,3,December,12,12.985323,77.556212,Rajajinagar,Accident,5,Sunny,Low
2026-05-22,01:46,1,Friday,5,May,5,13.031237,77.592616,Hebbal,Vandalism,6,Sunny,Low
2026-06-01,14:00,14,Monday,1,June,6,12.908546,77.478695,Kengeri,Burglary,2,Partly Cloudy,Low
2025-02-22,14:18,14,Saturday,6,February,2,12.937164,77.575364,Basavanagudi,Burglary,5,Cloudy,Low
2025-12-12,01:22,1,Friday,5,December,12,12.997012,77.562931,Rajajinagar,Accident,6,Sunny,Low
2025-11-28,23:02,23,Friday,5,November,11,12.952852,77.701972,Marathahalli,Theft,5,Sunny,Low
2026-08-28,21:59,21,Friday,5,August,8,12.941121,77.6258,Koramangala,Robbery,9,Rainy,High
2025-10-11,17:31,17,Saturday,6,October,10,12.990355,77.549124,Rajajinagar,Theft,3,Cloudy,Low
2025-03-14,12:27,12,Friday,5,March,3,12.840538,77.661112,Electronic City,Fraud,5,Partly Cloudy,Low
2026-05-01,23:08,23,Friday,5,May,5,12.913551,77.614406,BTM Layout,Cyber Crime,5,Cloudy,Low
2026-07-24,19:56,19,Friday,5,July,7,12.916527,77.638791,HSR Layout,Vandalism,2,Partly Cloudy,High
2026-10-07,02:42,2,Wednesday,3,October,10,12.926472,77.586485,Jayanagar,Cyber Crime,8,Partly Cloudy,Very High
2026-02-08,12:43,12,Sunday,7,February,2,13.037557,77.598358,Hebbal,Vandalism,8,Sunny,Very High
2026-03-06,10:31,10,Friday,5,March,3,12.926997,77.54197,Banashankari,Robbery,1,Cloudy,Low
2025-10-01,19:04,19,Wednesday,3,October,10,12.998833,77.549327,Rajajinagar,Fraud,7,Rainy,Very High
2025-10-28,22:03,22,Tuesday,2,October,10,13.032707,77.535021,Yeshwanthpur,Vandalism,5,Partly Cloudy,High
2026-02-07,02:44,2,Saturday,6,February,2,12.91127,77.61747,BTM Layout,Assault,5,Sunny,Low
2026-07-15,09:49,9,Wednesday,3,July,7,13.028079,77.598711,Hebbal,Accident,7,Cloudy,Very High
2025-05-14,04:42,4,Wednesday,3,May,5,13.035629,77.602312,Hebbal,Accident,3,Partly Cloudy,Medium
2026-07-18,08:42,8,Saturday,6,July,7,12.917283,77.632519,HSR Layout,Burglary,2,Partly Cloudy,High
2025-09-07,02:18,2,Sunday,7,September,9,12.91022,77.646029,HSR Layout,Theft,12,Sunny,Very High
2026-08-05,03:56,3,Wednesday,3,August,8,13.031157,77.59565,Hebbal,Robbery,8,Cloudy,Very High
2026-10-03,08:36,8,Saturday,6,October,10,12.957097,77.694633,Marathahalli,Fraud,7,Rainy,Medium
2026-01-05,16:06,16,Monday,1,January,1,12.98401,77.641165,Indiranagar,Cyber Crime,6,Sunny,High
2025-11-23,01:05,1,Sunday,7,November,11,12.843682,77.667134,Electronic City,Accident,4,Partly Cloudy,Medium
2026-04-05,21:35,21,Sunday,7,April,4,12.977732,77.744136,Whitefield,Accident,10,Cloudy,Very High
2026-07-25,01:18,1,Saturday,6,July,7,12.986369,77.554542,Rajajinagar,Assault,4,Sunny,Low
2026-01-25,15:05,15,Sunday,7,January,1,12.849274,77.660411,Electronic City,Cyber Crime,4,Cloudy,Low
2025-01-16,10:49,10,Thursday,4,January,1,12.961968,77.691654,Marathahalli,Vandalism,4,Rainy,Medium
2025-06-13,06:32,6,Friday,5,June,6,12.849242,77.659461,Electronic City,Cyber Crime,2,Cloudy,High
2025-10-09,08:05,8,Thursday,4,October,10,12.917779,77.593403,Jayanagar,Missing Person,5,Sunny,Low
2025-01-14,09:23,9,Tuesday,2,January,1,12.973723,77.63596,Indiranagar,Robbery,4,Partly Cloudy,Very High
2026-05-19,07:13,7,Tuesday,2,May,5,12.914782,77.644038,HSR Layout,Missing Person,5,Sunny,High
2026-11-23,03:30,3,Monday,1,November,11,12.938145,77.630836,Koramangala,Burglary,9,Cloudy,Very High
2026-09-23,06:51,6,Wednesday,3,September,9,12.983518,77.635639,Indiranagar,Vandalism,4,Partly Cloudy,Low
2026-03-07,18:05,18,Saturday,6,March,3,12.851191,77.66388,Electronic City,Missing Person,4,Sunny,High
2026-03-31,23:02,23,Tuesday,2,March,3,13.025981,77.543257,Yeshwanthpur,Burglary,8,Rainy,High
2026-12-31,10:37,10,Thursday,4,December,12,12.942127,77.619505,Koramangala,Theft,11,Cloudy,Very High
2026-03-06,15:54,15,Friday,5,March,3,12.958738,77.701875,Marathahalli,Cyber Crime,6,Sunny,High
2026-08-27,07:47,7,Thursday,4,August,8,12.962817,77.690524,Marathahalli,Accident,7,Cloudy,Very High
2025-02-23,21:44,21,Sunday,7,February,2,12.908473,77.633569,HSR Layout,Cyber Crime,9,Cloudy,High
2026-04-12,15:23,15,Sunday,7,April,4,12.963174,77.703277,Marathahalli,Burglary,7,Cloudy,Very High
2026-06-22,05:21,5,Monday,1,June,6,12.963611,77.743909,Whitefield,Vehicle Theft,4,Sunny,High
2025-12-03,11:36,11,Wednesday,3,December,12,12.852318,77.662081,Electronic City,Accident,3,Cloudy,High
2025-11-25,09:22,9,Tuesday,2,November,11,12.978955,77.647517,Indiranagar,Cyber Crime,4,Rainy,Low
2026-06-18,21:56,21,Thursday,4,June,6,13.02507,77.541696,Yeshwanthpur,Vandalism,6,Cloudy,Low
2026-08-23,12:15,12,Sunday,7,August,8,12.921708,77.547454,Banashankari,Vehicle Theft,7,Sunny,High
2026-10-01,19:43,19,Thursday,4,October,10,12.917878,77.551044,Banashankari,Assault,6,Rainy,High
2026-01-10,22:37,22,Saturday,6,January,1,13.024577,77.532034,Yeshwanthpur,Vandalism,11,Cloudy,High
2025-05-16,09:10,9,Friday,5,May,5,12.918853,77.645357,HSR Layout,Vandalism,9,Partly Cloudy,Very High
2026-06-03,12:16,12,Wednesday,3,June,6,12.846585,77.66425,Electronic City,Theft,2,Sunny,Low
2026-10-18,00:53,0,Sunday,7,October,10,13.005545,77.570544,Malleshwaram,Assault,6,Cloudy,Low
2025-01-15,01:18,1,Wednesday,3,January,1,12.91737,77.616729,BTM Layout,Cyber Crime,8,Partly Cloudy,Low
2026-09-20,05:20,5,Sunday,7,September,9,12.911856,77.478586,Kengeri,Accident,3,Cloudy,Low
2026-12-23,20:18,20,Wednesday,3,December,12,12.938987,77.574623,Basavanagudi,Missing Person,11,Cloudy,Very High
2026-11-14,20:18,20,Saturday,6,November,11,12.980887,77.644932,Indiranagar,Theft,11,Cloudy,Low
2025-12-11,14:55,14,Thursday,4,December,12,12.975853,77.753531,Whitefield,Theft,5,Rainy,Medium
2025-06-17,22:11,22,Tuesday,2,June,6,12.973005,77.639947,Indiranagar,Robbery,6,Cloudy,Medium
2026-04-23,02:15,2,Thursday,4,April,4,13.011165,77.576135,Malleshwaram,Fraud,8,Sunny,Medium
2025-10-14,01:30,1,Tuesday,2,October,10,12.934347,77.621725,Koramangala,Fraud,4,Rainy,Low
2026-07-12,20:25,20,Sunday,7,July,7,12.917397,77.638985,HSR Layout,Robbery,12,Cloudy,Very High
2026-08-16,04:27,4,Sunday,7,August,8,13.01133,77.565642,Malleshwaram,Fraud,14,Sunny,Very High
2025-04-03,00:25,0,Thursday,4,April,4,12.911375,77.639355,HSR Layout,Robbery,8,Sunny,Very High
2026-02-23,18:37,18,Monday,1,February,2,12.924769,77.590509,Jayanagar,Burglary,6,Partly Cloudy,High
2026-07-23,05:35,5,Thursday,4,July,7,13.021047,77.532257,Yeshwanthpur,Fraud,7,Cloudy,High
2025-07-20,04:07,4,Sunday,7,July,7,12.994583,77.561237,Rajajinagar,Assault,8,Cloudy,Medium
2026-08-21,16:20,16,Friday,5,August,8,12.979996,77.641399,Indiranagar,Robbery,4,Rainy,High
2026-04-16,00:14,0,Thursday,4,April,4,12.974385,77.747327,Whitefield,Cyber Crime,6,Partly Cloudy,Medium
2025-06-20,23:35,23,Friday,5,June,6,12.937006,77.572194,Basavanagudi,Theft,6,Rainy,Low
2025-10-10,09:13,9,Friday,5,October,10,12.911147,77.644097,HSR Layout,Missing Person,3,Cloudy,High
2025-07-14,03:16,3,Monday,1,July,7,12.91714,77.615628,BTM Layout,Fraud,12,Rainy,Very High
2025-01-08,22:05,22,Wednesday,3,January,1,12.92788,77.590551,Jayanagar,Robbery,12,Sunny,Very High
2025-10-25,16:44,16,Saturday,6,October,10,12.990355,77.548729,Rajajinagar,Robbery,6,Cloudy,High
2025-01-31,07:35,7,Friday,5,January,1,13.032444,77.602298,Hebbal,Cyber Crime,3,Partly Cloudy,Low
2025-03-10,23:01,23,Monday,1,March,3,12.937948,77.63187,Koramangala,Fraud,5,Cloudy,High
2026-07-29,07:30,7,Wednesday,3,July,7,12.91826,77.546038,Banashankari,Theft,3,Partly Cloudy,Low
2025-08-11,09:04,9,Monday,1,August,8,12.94021,77.621139,Koramangala,Burglary,4,Rainy,Medium
2026-11-11,18:26,18,Wednesday,3,November,11,12.917654,77.483982,Kengeri,Theft,3,Partly Cloudy,Medium
2025-03-01,22:56,22,Saturday,6,March,3,12.996316,77.56946,Malleshwaram,Fraud,10,Rainy,Very High
2026-12-14,02:13,2,Monday,1,December,12,12.986111,77.647297,Indiranagar,Missing Person,4,Partly Cloudy,Low
2025-08-20,03:22,3,Wednesday,3,August,8,13.00969,77.563944,Malleshwaram,Vehicle Theft,4,Rainy,Low
2025-02-11,03:17,3,Tuesday,2,February,2,12.926146,77.598096,Jayanagar,Burglary,6,Sunny,Very High
2025-03-01,10:20,10,Saturday,6,March,3,12.9161,77.481945,Kengeri,Accident,4,Partly Cloudy,Low
2025-11-26,20:41,20,Wednesday,3,November,11,12.975848,77.751101,Whitefield,Vandalism,3,Rainy,Low
2025-11-06,16:23,16,Thursday,4,November,11,12.988706,77.55099,Rajajinagar,Vehicle Theft,7,Cloudy,Low
2026-05-16,20:58,20,Saturday,6,May,5,12.907298,77.643992,HSR Layout,Missing Person,6,Cloudy,High
2025-06-12,07:54,7,Thursday,4,June,6,13.027867,77.545602,Yeshwanthpur,Vehicle Theft,5,Sunny,Medium
2026-12-18,01:56,1,Friday,5,December,12,12.985852,77.640673,Indiranagar,Fraud,8,Cloudy,Low
2025-07-16,08:16,8,Wednesday,3,July,7,13.043568,77.603293,Hebbal,Cyber Crime,4,Rainy,Low
2026-05-17,18:44,18,Sunday,7,May,5,12.92817,77.55018,Banashankari,Theft,7,Sunny,Medium
2025-09-10,05:56,5,Wednesday,3,September,9,13.030827,77.593107,Hebbal,Missing Person,5,Partly Cloudy,Medium
2025-01-20,07:29,7,Monday,1,January,1,12.955461,77.705074,Marathahalli,Fraud,10,Cloudy,Very High
2025-12-28,00:11,0,Sunday,7,December,12,12.963218,77.751394,Whitefield,Accident,7,Partly Cloudy,Medium
2025-10-08,23:54,23,Wednesday,3,October,10,13.023834,77.538631,Yeshwanthpur,Vandalism,11,Partly Cloudy,Very High
2026-09-04,22:50,22,Friday,5,September,9,12.972508,77.743199,Whitefield,Vandalism,5,Sunny,Medium
2026-12-26,19:44,19,Saturday,6,December,12,12.963004,77.743408,Whitefield,Vandalism,2,Rainy,Low
2026-07-09,03:40,3,Thursday,4,July,7,12.993531,77.549453,Rajajinagar,Theft,7,Cloudy,High
2026-01-09,04:18,4,Friday,5,January,1,12.943991,77.57035,Basavanagudi,Accident,6,Partly Cloudy,Medium
2025-09-17,00:45,0,Wednesday,3,September,9,13.029035,77.547752,Yeshwanthpur,Fraud,8,Cloudy,Medium
2026-10-12,22:17,22,Monday,1,October,10,12.932416,77.631645,Koramangala,Robbery,5,Sunny,Medium
2025-08-19,18:12,18,Tuesday,2,August,8,12.989449,77.559033,Rajajinagar,Vandalism,6,Rainy,High
2026-09-05,17:58,17,Saturday,6,September,9,12.972437,77.745834,Whitefield,Vandalism,3,Rainy,Very High
2026-08-25,16:31,16,Tuesday,2,August,8,12.911151,77.642154,HSR Layout,Cyber Crime,1,Partly Cloudy,Medium
2025-06-23,13:54,13,Monday,1,June,6,12.92222,77.544238,Banashankari,Assault,5,Cloudy,Very High
2026-11-05,20:49,20,Thursday,4,November,11,12.909005,77.63669,HSR Layout,Theft,10,Sunny,High
2026-03-31,15:06,15,Tuesday,2,March,3,13.042414,77.60483,Hebbal,Theft,6,Sunny,Low
2026-05-30,22:16,22,Saturday,6,May,5,12.928622,77.622935,Koramangala,Cyber Crime,8,Rainy,High
2026-06-30,07:28,7,Tuesday,2,June,6,12.912392,77.616051,BTM Layout,Robbery,7,Partly Cloudy,High
2026-02-25,23:30,23,Wednesday,3,February,2,12.949523,77.575377,Basavanagudi,Assault,6,Cloudy,Very High
2026-02-13,09:11,9,Friday,5,February,2,12.914421,77.610389,BTM Layout,Missing Person,1,Partly Cloudy,Low
2026-07-06,05:30,5,Monday,1,July,7,12.98616,77.558903,Rajajinagar,Fraud,10,Rainy,Very High
2026-03-12,23:31,23,Thursday,4,March,3,12.850199,77.660072,Electronic City,Assault,10,Cloudy,High
2025-02-06,16:55,16,Thursday,4,February,2,13.032968,77.597014,Hebbal,Accident,4,Cloudy,Medium
2026-03-22,20:33,20,Sunday,7,March,3,13.033559,77.595577,Hebbal,Vandalism,4,Cloudy,High
2025-09-20,01:40,1,Saturday,6,September,9,12.844382,77.653083,Electronic City,Accident,8,Sunny,High
2025-04-21,23:11,23,Monday,1,April,4,12.91369,77.476895,Kengeri,Vandalism,10,Cloudy,Very High
2025-03-14,17:57,17,Friday,5,March,3,12.976046,77.635666,Indiranagar,Accident,5,Sunny,Very High
2025-03-08,13:20,13,Saturday,6,March,3,13.007778,77.576205,Malleshwaram,Burglary,7,Cloudy,High
2026-06-24,19:04,19,Wednesday,3,June,6,12.946913,77.579082,Basavanagudi,Fraud,6,Cloudy,Medium
2025-05-15,11:11,11,Thursday,4,May,5,12.912792,77.637064,HSR Layout,Assault,4,Rainy,Medium
2026-10-24,06:02,6,Saturday,6,October,10,12.988844,77.559137,Rajajinagar,Vehicle Theft,3,Cloudy,Low
2025-11-01,22:30,22,Saturday,6,November,11,12.906028,77.638889,HSR Layout,Burglary,7,Rainy,Low
2026-08-21,13:07,13,Friday,5,August,8,12.984184,77.560665,Rajajinagar,Theft,2,Cloudy,Low
2026-01-17,11:15,11,Saturday,6,January,1,12.922901,77.602562,BTM Layout,Fraud,5,Partly Cloudy,Low
2026-09-09,11:47,11,Wednesday,3,September,9,12.910046,77.639918,HSR Layout,Vandalism,8,Sunny,Very High
2025-01-10,13:58,13,Friday,5,January,1,12.949219,77.570722,Basavanagudi,Robbery,5,Cloudy,Low
2026-11-15,01:24,1,Sunday,7,November,11,13.009081,77.572612,Malleshwaram,Burglary,9,Partly Cloudy,Very High
2026-04-18,20:58,20,Saturday,6,April,4,12.96247,77.756325,Whitefield,Cyber Crime,6,Rainy,High
2025-11-05,16:42,16,Wednesday,3,November,11,12.997123,77.558349,Rajajinagar,Fraud,8,Rainy,Very High
2025-04-14,22:16,22,Monday,1,April,4,12.903702,77.645091,HSR Layout,Cyber Crime,7,Cloudy,High
2025-07-02,15:30,15,Wednesday,3,July,7,12.912308,77.605888,BTM Layout,Accident,5,Cloudy,Very High
2026-08-28,17:57,17,Friday,5,August,8,12.923823,77.544805,Banashankari,Cyber Crime,1,Sunny,Low
2026-02-18,00:35,0,Wednesday,3,February,2,12.945833,77.573813,Basavanagudi,Theft,11,Cloudy,Very High
2026-06-01,23:04,23,Monday,1,June,6,12.90673,77.483161,Kengeri,Vehicle Theft,8,Sunny,High
2025-10-31,16:04,16,Friday,5,October,10,12.932964,77.597989,Jayanagar,Theft,8,Partly Cloudy,High
2025-08-02,12:03,12,Saturday,6,August,8,12.967406,77.742636,Whitefield,Vehicle Theft,3,Cloudy,Medium
2025-03-14,21:28,21,Friday,5,March,3,12.956161,77.693931,Marathahalli,Burglary,8,Rainy,High
2025-08-10,10:00,10,Sunday,7,August,8,12.971887,77.639232,Indiranagar,Fraud,3,Cloudy,Low
2025-07-23,13:44,13,Wednesday,3,July,7,12.908029,77.64205,HSR Layout,Robbery,5,Sunny,High
2026-08-11,23:23,23,Tuesday,2,August,8,12.973107,77.641252,Indiranagar,Assault,5,Cloudy,High
2025-01-10,01:11,1,Friday,5,January,1,12.947767,77.567773,Basavanagudi,Fraud,6,Partly Cloudy,Low
2026-06-30,22:28,22,Tuesday,2,June,6,12.905934,77.640477,HSR Layout,Fraud,7,Rainy,Low
2025-03-28,15:18,15,Friday,5,March,3,12.971469,77.750799,Whitefield,Vehicle Theft,4,Partly Cloudy,Very High
2026-03-10,17:17,17,Tuesday,2,March,3,12.928973,77.621048,Koramangala,Vandalism,2,Partly Cloudy,Low
2025-12-20,12:29,12,Saturday,6,December,12,12.920873,77.485055,Kengeri,Vandalism,5,Partly Cloudy,Low
2025-12-10,12:09,12,Wednesday,3,December,12,12.906583,77.481987,Kengeri,Theft,4,Rainy,Low
2025-07-05,04:15,4,Saturday,6,July,7,12.931578,77.628035,Koramangala,Vandalism,4,Partly Cloudy,Low
2025-11-26,20:44,20,Wednesday,3,November,11,12.917162,77.477644,Kengeri,Vehicle Theft,9,Cloudy,Medium
2026-06-11,03:14,3,Thursday,4,June,6,12.924575,77.59248,Jayanagar,Cyber Crime,9,Sunny,Very High
2026-09-04,08:13,8,Friday,5,September,9,13.031766,77.596437,Hebbal,Robbery,1,Rainy,Medium
2026-03-21,09:49,9,Saturday,6,March,3,12.946128,77.570044,Basavanagudi,Assault,6,Cloudy,High
2026-04-05,16:53,16,Sunday,7,April,4,12.995633,77.55682,Rajajinagar,Missing Person,3,Rainy,High
2026-09-22,17:55,17,Tuesday,2,September,9,12.910971,77.615013,BTM Layout,Accident,2,Cloudy,High
2025-08-05,10:20,10,Tuesday,2,August,8,13.03515,77.590521,Hebbal,Fraud,7,Partly Cloudy,High
2026-07-15,11:37,11,Wednesday,3,July,7,12.940142,77.621602,Koramangala,Cyber Crime,5,Rainy,High
2026-05-01,07:47,7,Friday,5,May,5,13.034231,77.539574,Yeshwanthpur,Cyber Crime,6,Rainy,High
2025-10-09,21:24,21,Thursday,4,October,10,12.939144,77.577771,Basavanagudi,Cyber Crime,6,Sunny,High
2026-03-13,02:31,2,Friday,5,March,3,12.909504,77.484335,Kengeri,Accident,11,Rainy,Very High
2026-04-01,13:51,13,Wednesday,3,April,4,12.9366,77.632495,Koramangala,Missing Person,1,Sunny,Low
2025-01-13,09:12,9,Monday,1,January,1,12.92758,77.552081,Banashankari,Cyber Crime,3,Partly Cloudy,Low
2025-04-25,05:08,5,Friday,5,April,4,12.985222,77.640691,Indiranagar,Cyber Crime,4,Partly Cloudy,High
2026-01-26,09:56,9,Monday,1,January,1,12.918172,77.610331,BTM Layout,Burglary,3,Partly Cloudy,Medium
2025-07-17,01:50,1,Thursday,4,July,7,13.033154,77.537283,Yeshwanthpur,Missing Person,8,Partly Cloudy,Very High
2025-10-05,06:18,6,Sunday,7,October,10,12.92162,77.612913,BTM Layout,Missing Person,5,Rainy,High
2025-08-07,10:17,10,Thursday,4,August,8,13.024249,77.545901,Yeshwanthpur,Fraud,9,Rainy,Very High
2026-12-20,14:45,14,Sunday,7,December,12,13.002211,77.571828,Malleshwaram,Accident,6,Rainy,High
2026-09-03,09:10,9,Thursday,4,September,9,12.971412,77.640713,Indiranagar,Accident,3,Cloudy,High
2026-08-25,15:07,15,Tuesday,2,August,8,12.918011,77.548204,Banashankari,Cyber Crime,3,Partly Cloudy,Medium
2025-04-22,11:28,11,Tuesday,2,April,4,12.920824,77.545206,Banashankari,Burglary,3,Partly Cloudy,High
2025-03-18,11:00,11,Tuesday,2,March,3,12.842128,77.664339,Electronic City,Accident,4,Sunny,Medium
2025-07-14,01:44,1,Monday,1,July,7,12.906963,77.637629,HSR Layout,Accident,9,Rainy,High
2025-05-15,18:42,18,Thursday,4,May,5,12.923278,77.540367,Banashankari,Fraud,4,Sunny,Very High
2026-06-18,19:41,19,Thursday,4,June,6,12.96491,77.696795,Marathahalli,Robbery,4,Partly Cloudy,Very High
2025-01-10,19:00,19,Friday,5,January,1,12.918461,77.63125,HSR Layout,Fraud,6,Rainy,Very High
2026-10-15,09:35,9,Thursday,4,October,10,13.031949,77.60242,Hebbal,Robbery,7,Partly Cloudy,Very High
2025-09-01,13:37,13,Monday,1,September,9,12.921903,77.61186,BTM Layout,Accident,1,Cloudy,Medium
2025-03-13,16:19,16,Thursday,4,March,3,12.999227,77.572766,Malleshwaram,Vandalism,2,Sunny,Medium
2026-09-02,18:35,18,Wednesday,3,September,9,12.989033,77.561719,Rajajinagar,Burglary,8,Cloudy,Very High
2025-03-12,02:55,2,Wednesday,3,March,3,12.918975,77.549997,Banashankari,Burglary,8,Cloudy,High
2025-05-15,08:59,8,Thursday,4,May,5,12.972233,77.754172,Whitefield,Cyber Crime,9,Partly Cloudy,Very High
2025-10-24,15:58,15,Friday,5,October,10,12.972895,77.64374,Indiranagar,Cyber Crime,6,Sunny,Very High
2025-05-27,19:23,19,Tuesday,2,May,5,12.98365,77.557555,Rajajinagar,Accident,6,Cloudy,High
2026-07-13,07:43,7,Monday,1,July,7,12.977685,77.748195,Whitefield,Vehicle Theft,3,Rainy,Medium
2026-10-30,05:42,5,Friday,5,October,10,12.907082,77.645446,HSR Layout,Assault,2,Cloudy,Medium
2025-12-31,13:14,13,Wednesday,3,December,12,12.913259,77.604769,BTM Layout,Assault,5,Rainy,Medium
2026-09-08,01:53,1,Tuesday,2,September,9,12.922496,77.607481,BTM Layout,Missing Person,6,Sunny,Medium
2025-09-03,18:18,18,Wednesday,3,September,9,12.909853,77.479713,Kengeri,Missing Person,4,Sunny,High
2025-08-12,17:40,17,Tuesday,2,August,8,12.909962,77.475939,Kengeri,Fraud,6,Cloudy,Low
2025-12-14,18:35,18,Sunday,7,December,12,12.965969,77.691058,Marathahalli,Cyber Crime,6,Cloudy,Medium
2025-12-05,10:42,10,Friday,5,December,12,12.914375,77.604965,BTM Layout,Accident,3,Sunny,Low
2025-10-24,01:05,1,Friday,5,October,10,12.9855,77.644883,Indiranagar,Assault,5,Sunny,High
2025-07-13,07:37,7,Sunday,7,July,7,12.922141,77.597755,Jayanagar,Cyber Crime,8,Partly Cloudy,Very High
2025-10-11,03:00,3,Saturday,6,October,10,12.851549,77.658505,Electronic City,Assault,10,Cloudy,Low
2025-03-09,13:54,13,Sunday,7,March,3,12.972246,77.644571,Indiranagar,Cyber Crime,3,Rainy,Low
2026-03-05,14:33,14,Thursday,4,March,3,12.916797,77.488219,Kengeri,Burglary,2,Sunny,Medium
2025-06-25,18:09,18,Wednesday,3,June,6,12.982393,77.63544,Indiranagar,Burglary,5,Sunny,Medium
2025-04-01,00:09,0,Tuesday,2,April,4,12.948277,77.570216,Basavanagudi,Cyber Crime,10,Partly Cloudy,Very High
2026-07-31,03:49,3,Friday,5,July,7,12.927994,77.598439,Jayanagar,Vehicle Theft,12,Cloudy,Very High
2026-07-31,02:10,2,Friday,5,July,7,12.939786,77.582193,Basavanagudi,Burglary,3,Rainy,Medium
2025-10-06,19:05,19,Monday,1,October,10,13.039576,77.600028,Hebbal,Burglary,6,Cloudy,Very High
2025-12-13,15:05,15,Saturday,6,December,12,12.843734,77.657598,Electronic City,Burglary,2,Sunny,Low
2026-04-16,00:16,0,Thursday,4,April,4,13.030641,77.545159,Yeshwanthpur,Missing Person,11,Partly Cloudy,Very High
2025-02-15,13:36,13,Saturday,6,February,2,12.920819,77.617104,BTM Layout,Missing Person,6,Partly Cloudy,Very High
2026-07-25,19:28,19,Saturday,6,July,7,13.010124,77.566466,Malleshwaram,Theft,7,Rainy,High
2025-06-23,15:04,15,Monday,1,June,6,12.921139,77.487426,Kengeri,Robbery,5,Rainy,Low
2025-04-25,02:58,2,Friday,5,April,4,12.914678,77.644296,HSR Layout,Robbery,10,Rainy,High
2025-05-22,05:51,5,Thursday,4,May,5,12.918514,77.640699,HSR Layout,Theft,4,Sunny,Low
2026-02-19,12:46,12,Thursday,4,February,2,12.914953,77.635832,HSR Layout,Missing Person,2,Rainy,Medium
2026-11-19,04:43,4,Thursday,4,November,11,13.026717,77.537589,Yeshwanthpur,Missing Person,7,Rainy,Medium
2025-04-03,11:57,11,Thursday,4,April,4,12.978181,77.637717,Indiranagar,Vandalism,5,Cloudy,Low
2026-09-05,08:46,8,Saturday,6,September,9,12.962877,77.690959,Marathahalli,Fraud,7,Cloudy,Very High
2026-04-02,06:37,6,Thursday,4,April,4,12.921694,77.542314,Banashankari,Accident,4,Partly Cloudy,High
2025-03-10,00:05,0,Monday,1,March,3,12.927336,77.620918,Koramangala,Vehicle Theft,7,Sunny,Very High
2026-08-11,01:53,1,Tuesday,2,August,8,12.970823,77.640528,Indiranagar,Fraud,10,Rainy,Low
2025-12-03,23:12,23,Wednesday,3,December,12,12.964854,77.696472,Marathahalli,Vandalism,6,Cloudy,Low
2026-03-27,01:50,1,Friday,5,March,3,12.949576,77.582533,Basavanagudi,Vandalism,7,Sunny,Very High
2025-08-04,16:26,16,Monday,1,August,8,12.925116,77.592561,Jayanagar,Vandalism,5,Cloudy,Low
2025-01-27,17:07,17,Monday,1,January,1,12.849969,77.65613,Electronic City,Missing Person,3,Partly Cloudy,High
2025-09-20,16:11,16,Saturday,6,September,9,12.931365,77.60039,Jayanagar,Vehicle Theft,7,Sunny,High
2025-05-31,22:42,22,Saturday,6,May,5,12.914156,77.617022,BTM Layout,Vehicle Theft,12,Partly Cloudy,Very High
2026-08-16,14:12,14,Sunday,7,August,8,12.990156,77.555032,Rajajinagar,Accident,6,Cloudy,Very High
2025-11-17,04:02,4,Monday,1,November,11,13.024454,77.533298,Yeshwanthpur,Missing Person,3,Rainy,Medium
2026-05-15,18:52,18,Friday,5,May,5,12.928059,77.597764,Jayanagar,Missing Person,3,Partly Cloudy,Low
2025-12-27,13:31,13,Saturday,6,December,12,12.987819,77.551003,Rajajinagar,Robbery,5,Partly Cloudy,Low
2026-01-14,04:23,4,Wednesday,3,January,1,12.925835,77.542994,Banashankari,Cyber Crime,8,Sunny,High
2025-12-08,12:18,12,Monday,1,December,12,12.985799,77.638067,Indiranagar,Accident,8,Cloudy,Very High
2026-01-11,15:00,15,Sunday,7,January,1,12.916923,77.644278,HSR Layout,Cyber Crime,7,Rainy,Very High
2026-02-19,20:52,20,Thursday,4,February,2,12.926764,77.541368,Banashankari,Fraud,6,Sunny,Low
2025-01-08,08:51,8,Wednesday,3,January,1,12.957719,77.700482,Marathahalli,Vandalism,5,Sunny,Low
2025-12-01,22:37,22,Monday,1,December,12,12.930871,77.598937,Jayanagar,Robbery,5,Partly Cloudy,Low
2025-02-28,11:20,11,Friday,5,February,2,12.916615,77.603853,BTM Layout,Theft,7,Cloudy,Medium
2025-01-20,14:12,14,Monday,1,January,1,12.907671,77.475535,Kengeri,Assault,5,Sunny,High
2025-05-22,15:18,15,Thursday,4,May,5,12.975212,77.644986,Indiranagar,Burglary,1,Sunny,Medium
2025-06-10,13:04,13,Tuesday,2,June,6,12.984763,77.560282,Rajajinagar,Burglary,2,Rainy,Low
2025-06-15,03:18,3,Sunday,7,June,6,12.917352,77.486385,Kengeri,Vehicle Theft,13,Rainy,Very High
2025-10-15,13:22,13,Wednesday,3,October,10,12.921483,77.474269,Kengeri,Fraud,7,Sunny,Very High
2025-11-01,00:39,0,Saturday,6,November,11,12.98388,77.550066,Rajajinagar,Accident,9,Cloudy,Very High
2026-05-18,22:47,22,Monday,1,May,5,12.851875,77.662998,Electronic City,Vehicle Theft,6,Partly Cloudy,Low
2025-08-19,04:05,4,Tuesday,2,August,8,12.912329,77.485656,Kengeri,Missing Person,5,Sunny,Medium
2025-03-26,01:09,1,Wednesday,3,March,3,12.917905,77.542966,Banashankari,Robbery,5,Cloudy,Medium
2025-05-15,06:44,6,Thursday,4,May,5,12.920313,77.47765,Kengeri,Theft,5,Sunny,Medium
2025-09-06,22:06,22,Saturday,6,September,9,12.990612,77.556325,Rajajinagar,Assault,7,Cloudy,Low
2025-09-04,06:30,6,Thursday,4,September,9,13.034,77.546357,Yeshwanthpur,Burglary,4,Sunny,High
2025-02-16,14:38,14,Sunday,7,February,2,12.938975,77.579976,Basavanagudi,Assault,4,Cloudy,Medium
2025-10-26,17:16,17,Sunday,7,October,10,12.930047,77.620774,Koramangala,Missing Person,4,Rainy,Low
2026-04-14,14:52,14,Tuesday,2,April,4,12.927723,77.623559,Koramangala,Vehicle Theft,5,Partly Cloudy,Medium
2025-09-21,02:42,2,Sunday,7,September,9,12.987716,77.549346,Rajajinagar,Fraud,9,Rainy,High
2025-03-27,05:13,5,Thursday,4,March,3,12.993252,77.56007,Rajajinagar,Vandalism,4,Cloudy,Low
2025-03-09,16:59,16,Sunday,7,March,3,13.009124,77.56958,Malleshwaram,Vandalism,4,Sunny,Medium
2025-07-21,09:29,9,Monday,1,July,7,13.035312,77.600574,Hebbal,Missing Person,6,Partly Cloudy,Very High
2026-05-31,14:48,14,Sunday,7,May,5,12.925011,77.591381,Jayanagar,Missing Person,5,Rainy,Medium
2026-01-18,09:22,9,Sunday,7,January,1,12.91953,77.590689,Jayanagar,Burglary,10,Rainy,Very High
2025-11-05,16:59,16,Wednesday,3,November,11,13.035526,77.601805,Hebbal,Vehicle Theft,7,Partly Cloudy,High
2026-10-09,07:31,7,Friday,5,October,10,12.933713,77.576745,Basavanagudi,Fraud,10,Partly Cloudy,Very High
2026-11-25,07:47,7,Wednesday,3,November,11,13.027117,77.544406,Yeshwanthpur,Robbery,5,Partly Cloudy,Very High
2025-04-25,17:13,17,Friday,5,April,4,12.91641,77.487521,Kengeri,Fraud,7,Cloudy,High
2025-11-26,04:51,4,Wednesday,3,November,11,12.928664,77.62737,Koramangala,Accident,7,Cloudy,High
2026-09-18,10:18,10,Friday,5,September,9,12.850339,77.653817,Electronic City,Fraud,3,Sunny,Medium
2025-11-11,17:23,17,Tuesday,2,November,11,12.922309,77.614656,BTM Layout,Cyber Crime,7,Cloudy,Very High
2025-04-13,18:21,18,Sunday,7,April,4,12.842452,77.652332,Electronic City,Fraud,6,Sunny,Medium
2026-07-11,05:10,5,Saturday,6,July,7,12.910835,77.61331,BTM Layout,Accident,5,Cloudy,Low
2025-08-28,15:28,15,Thursday,4,August,8,12.941809,77.56952,Basavanagudi,Fraud,3,Partly Cloudy,Low
2025-05-31,09:03,9,Saturday,6,May,5,12.920534,77.548928,Banashankari,Burglary,3,Rainy,High
2026-04-28,07:36,7,Tuesday,2,April,4,12.96685,77.751937,Whitefield,Vandalism,3,Cloudy,Low
2026-09-29,09:41,9,Tuesday,2,September,9,12.844806,77.661249,Electronic City,Burglary,7,Rainy,High
2025-08-18,05:22,5,Monday,1,August,8,13.037794,77.601949,Hebbal,Robbery,5,Cloudy,Very High
2025-08-30,05:16,5,Saturday,6,August,8,13.010418,77.563764,Malleshwaram,Cyber Crime,6,Cloudy,Very High
2026-10-12,02:40,2,Monday,1,October,10,12.937717,77.630967,Koramangala,Burglary,7,Rainy,High
2025-04-30,18:23,18,Wednesday,3,April,4,12.925414,77.546704,Banashankari,Theft,6,Sunny,Very High
2025-07-29,08:36,8,Tuesday,2,July,7,12.932668,77.601221,Jayanagar,Theft,3,Partly Cloudy,Medium
2026-02-11,05:16,5,Wednesday,3,February,2,12.914029,77.602821,BTM Layout,Assault,4,Cloudy,High
2026-01-03,21:26,21,Saturday,6,January,1,12.966523,77.746598,Whitefield,Robbery,8,Partly Cloudy,Medium
2026-07-18,19:38,19,Saturday,6,July,7,13.030397,77.602435,Hebbal,Robbery,2,Partly Cloudy,Medium
2026-03-03,19:38,19,Tuesday,2,March,3,12.938442,77.625113,Koramangala,Burglary,4,Cloudy,Low
2026-08-24,14:08,14,Monday,1,August,8,12.974723,77.75627,Whitefield,Vehicle Theft,4,Sunny,Medium
2026-07-25,19:38,19,Saturday,6,July,7,12.992657,77.560903,Rajajinagar,Vandalism,6,Cloudy,High
2026-05-09,12:36,12,Saturday,6,May,5,12.846854,77.653975,Electronic City,Robbery,7,Rainy,Very High
2025-07-09,04:35,4,Wednesday,3,July,7,12.939881,77.568137,Basavanagudi,Missing Person,5,Cloudy,Very High
2025-08-14,05:40,5,Thursday,4,August,8,12.837256,77.659947,Electronic City,Assault,4,Partly Cloudy,Low
2025-03-27,20:29,20,Thursday,4,March,3,12.928681,77.595669,Jayanagar,Vandalism,10,Partly Cloudy,Very High
2025-06-22,19:17,19,Sunday,7,June,6,12.922616,77.551711,Banashankari,Vehicle Theft,7,Rainy,High
2025-09-06,01:25,1,Saturday,6,September,9,13.020796,77.533375,Yeshwanthpur,Cyber Crime,12,Sunny,High
2025-04-21,10:34,10,Monday,1,April,4,12.966717,77.751428,Whitefield,Missing Person,5,Cloudy,Medium
2026-06-27,09:20,9,Saturday,6,June,6,12.924401,77.587599,Jayanagar,Missing Person,3,Rainy,Medium
2026-03-01,05:42,5,Sunday,7,March,3,12.852349,77.660888,Electronic City,Assault,7,Cloudy,High
2025-09-03,17:18,17,Wednesday,3,September,9,13.028272,77.537305,Yeshwanthpur,Missing Person,7,Rainy,Very High
2025-01-18,04:24,4,Saturday,6,January,1,12.9311,77.550358,Banashankari,Theft,7,Sunny,Medium
2026-06-11,21:28,21,Thursday,4,June,6,12.924416,77.550781,Banashankari,Fraud,12,Rainy,Very High
2026-12-01,05:11,5,Tuesday,2,December,12,12.991837,77.547553,Rajajinagar,Fraud,4,Cloudy,Low
2026-01-04,17:11,17,Sunday,7,January,1,12.960945,77.696429,Marathahalli,Vehicle Theft,10,Sunny,Very High
2026-04-09,01:41,1,Thursday,4,April,4,12.923174,77.586813,Jayanagar,Robbery,5,Cloudy,Low
2025-04-08,18:26,18,Tuesday,2,April,4,13.007583,77.570651,Malleshwaram,Missing Person,3,Cloudy,High
2026-06-24,01:47,1,Wednesday,3,June,6,12.924152,77.588544,Jayanagar,Assault,6,Partly Cloudy,Low
2026-04-10,12:30,12,Friday,5,April,4,12.91799,77.600225,Jayanagar,Cyber Crime,4,Rainy,High
2025-02-02,10:37,10,Sunday,7,February,2,12.918367,77.634802,HSR Layout,Fraud,4,Rainy,Very High
2026-10-09,13:19,13,Friday,5,October,10,12.918802,77.476472,Kengeri,Robbery,5,Sunny,Medium
2025-06-15,04:35,4,Sunday,7,June,6,12.935863,77.570812,Basavanagudi,Robbery,9,Sunny,Low
2025-02-19,08:42,8,Wednesday,3,February,2,12.911262,77.609244,BTM Layout,Robbery,3,Rainy,Very High
2026-11-26,17:45,17,Thursday,4,November,11,13.011112,77.567823,Malleshwaram,Robbery,1,Cloudy,Low
2026-09-25,18:01,18,Friday,5,September,9,13.027425,77.544622,Yeshwanthpur,Vehicle Theft,6,Rainy,Low
2026-09-30,05:59,5,Wednesday,3,September,9,12.912256,77.637704,HSR Layout,Fraud,6,Cloudy,High
2026-12-10,00:51,0,Thursday,4,December,12,12.923265,77.546532,Banashankari,Burglary,5,Partly Cloudy,High
2025-08-12,22:34,22,Tuesday,2,August,8,12.990603,77.548731,Rajajinagar,Robbery,7,Rainy,Low
2025-11-30,04:40,4,Sunday,7,November,11,12.911821,77.645446,HSR Layout,Vehicle Theft,7,Cloudy,Medium
2026-07-26,05:56,5,Sunday,7,July,7,13.027841,77.543815,Yeshwanthpur,Missing Person,1,Sunny,Low
2026-06-15,12:35,12,Monday,1,June,6,12.969604,77.746273,Whitefield,Cyber Crime,7,Partly Cloudy,Very High
2026-08-20,17:25,17,Thursday,4,August,8,12.981829,77.640369,Indiranagar,Burglary,4,Rainy,Very High
2025-03-22,10:07,10,Saturday,6,March,3,12.939833,77.579479,Basavanagudi,Assault,6,Cloudy,Medium
2026-10-21,23:19,23,Wednesday,3,October,10,12.941429,77.629754,Koramangala,Cyber Crime,7,Cloudy,High
2026-07-23,13:50,13,Thursday,4,July,7,12.993183,77.554651,Rajajinagar,Vandalism,1,Sunny,Medium
2025-06-01,15:21,15,Sunday,7,June,6,12.927067,77.600438,Jayanagar,Accident,3,Cloudy,High
2026-05-16,23:52,23,Saturday,6,May,5,12.96531,77.696152,Marathahalli,Burglary,2,Partly Cloudy,Medium
2026-03-13,12:47,12,Friday,5,March,3,12.937999,77.576708,Basavanagudi,Theft,3,Sunny,High
2025-05-22,23:48,23,Thursday,4,May,5,13.008156,77.577621,Malleshwaram,Accident,4,Rainy,High
2026-06-29,02:09,2,Monday,1,June,6,12.941603,77.573122,Basavanagudi,Cyber Crime,8,Rainy,High
2026-10-31,00:19,0,Saturday,6,October,10,12.972816,77.747086,Whitefield,Vehicle Theft,7,Cloudy,Medium
2025-01-12,00:13,0,Sunday,7,January,1,12.932973,77.546396,Banashankari,Assault,2,Partly Cloudy,Low
2025-09-24,21:30,21,Wednesday,3,September,9,12.913282,77.645406,HSR Layout,Fraud,10,Cloudy,High
2026-01-01,11:15,11,Thursday,4,January,1,12.979234,77.640522,Indiranagar,Theft,5,Rainy,Low
2026-04-23,21:06,21,Thursday,4,April,4,12.926449,77.596436,Jayanagar,Robbery,9,Sunny,Very High
2026-05-24,20:37,20,Sunday,7,May,5,13.020417,77.545723,Yeshwanthpur,Accident,10,Partly Cloudy,Very High
2025-02-03,00:48,0,Monday,1,February,2,12.960204,77.702796,Marathahalli,Missing Person,7,Cloudy,Low
2026-08-25,13:22,13,Tuesday,2,August,8,12.972906,77.756203,Whitefield,Assault,5,Rainy,Low
2026-07-15,06:07,6,Wednesday,3,July,7,12.957151,77.699242,Marathahalli,Assault,7,Partly Cloudy,High
2026-07-10,03:43,3,Friday,5,July,7,12.940756,77.628383,Koramangala,Vehicle Theft,12,Cloudy,Very High
2025-11-11,22:53,22,Tuesday,2,November,11,12.963381,77.692092,Marathahalli,Burglary,7,Rainy,Low
2026-01-28,11:29,11,Wednesday,3,January,1,12.840845,77.653999,Electronic City,Vandalism,4,Sunny,Very High
2025-10-05,17:00,17,Sunday,7,October,10,12.9211,77.616129,BTM Layout,Cyber Crime,4,Rainy,Medium
2026-05-02,18:00,18,Saturday,6,May,5,12.98612,77.561166,Rajajinagar,Fraud,6,Sunny,High
2025-02-02,00:20,0,Sunday,7,February,2,12.843258,77.662404,Electronic City,Assault,8,Rainy,High
2026-03-02,05:29,5,Monday,1,March,3,12.97291,77.746268,Whitefield,Accident,5,Cloudy,Medium
2026-06-02,19:11,19,Tuesday,2,June,6,12.918494,77.591959,Jayanagar,Cyber Crime,4,Rainy,Very High
2025-09-02,21:36,21,Tuesday,2,September,9,12.849253,77.657329,Electronic City,Burglary,8,Rainy,High
2026-04-14,17:39,17,Tuesday,2,April,4,12.919392,77.614456,BTM Layout,Missing Person,7,Rainy,High
2025-10-22,08:51,8,Wednesday,3,October,10,13.024311,77.533579,Yeshwanthpur,Vehicle Theft,1,Partly Cloudy,Low
2025-09-06,19:36,19,Saturday,6,September,9,12.965775,77.746337,Whitefield,Assault,5,Sunny,Low
2025-05-18,15:08,15,Sunday,7,May,5,12.962649,77.699753,Marathahalli,Theft,6,Rainy,Low
2026-10-07,05:17,5,Wednesday,3,October,10,13.036239,77.589219,Hebbal,Fraud,3,Rainy,Medium
2026-01-27,10:03,10,Tuesday,2,January,1,12.9427,77.617984,Koramangala,Assault,5,Sunny,High
2026-08-27,19:54,19,Thursday,4,August,8,13.021542,77.541937,Yeshwanthpur,Theft,3,Partly Cloudy,Medium
2026-10-02,23:42,23,Friday,5,October,10,12.928539,77.550138,Banashankari,Accident,7,Rainy,Medium
2026-02-14,13:50,13,Saturday,6,February,2,12.943235,77.572297,Basavanagudi,Robbery,4,Cloudy,Low
2025-12-26,02:54,2,Friday,5,December,12,12.967565,77.753271,Whitefield,Vehicle Theft,7,Rainy,Medium
2026-04-12,08:56,8,Sunday,7,April,4,12.938372,77.63171,Koramangala,Theft,6,Rainy,Medium
2025-09-07,06:19,6,Sunday,7,September,9,12.837455,77.665348,Electronic City,Vandalism,2,Partly Cloudy,Medium
2026-10-12,05:43,5,Monday,1,October,10,12.921306,77.487894,Kengeri,Assault,3,Sunny,Low
2025-06-11,02:45,2,Wednesday,3,June,6,12.997474,77.569522,Malleshwaram,Vehicle Theft,6,Partly Cloudy,High
2026-09-29,09:35,9,Tuesday,2,September,9,12.998521,77.567664,Malleshwaram,Assault,1,Cloudy,Low
2026-07-27,13:56,13,Monday,1,July,7,12.931104,77.631372,Koramangala,Assault,4,Sunny,Very High
2026-09-24,04:45,4,Thursday,4,September,9,12.996702,77.547901,Rajajinagar,Vehicle Theft,7,Rainy,Medium
2026-02-19,01:35,1,Thursday,4,February,2,13.032519,77.594794,Hebbal,Vandalism,5,Sunny,Medium
2025-11-11,14:33,14,Tuesday,2,November,11,13.008167,77.56685,Malleshwaram,Burglary,1,Rainy,Low
2026-06-23,06:39,6,Tuesday,2,June,6,12.925053,77.542818,Banashankari,Burglary,4,Rainy,Medium
2026-04-24,14:32,14,Friday,5,April,4,12.913332,77.635662,HSR Layout,Robbery,6,Rainy,High
2025-06-20,18:21,18,Friday,5,June,6,12.912397,77.60948,BTM Layout,Burglary,3,Rainy,Very High
2026-10-16,07:13,7,Friday,5,October,10,12.932347,77.553454,Banashankari,Burglary,7,Partly Cloudy,High
2025-06-24,10:34,10,Tuesday,2,June,6,12.913646,77.478155,Kengeri,Vandalism,4,Cloudy,High
2026-07-18,08:20,8,Saturday,6,July,7,12.911283,77.642801,HSR Layout,Burglary,2,Rainy,Low
2025-07-02,10:26,10,Wednesday,3,July,7,12.971789,77.646878,Indiranagar,Burglary,1,Cloudy,Low
2026-10-14,06:10,6,Wednesday,3,October,10,12.979276,77.646013,Indiranagar,Assault,4,Partly Cloudy,Low
2025-07-12,13:57,13,Saturday,6,July,7,12.843739,77.656189,Electronic City,Fraud,3,Partly Cloudy,High
2025-08-15,12:32,12,Friday,5,August,8,12.907702,77.63168,HSR Layout,Accident,4,Rainy,Very High
2025-01-26,16:31,16,Sunday,7,January,1,12.913912,77.639496,HSR Layout,Cyber Crime,5,Partly Cloudy,High
2025-01-20,00:28,0,Monday,1,January,1,12.970486,77.745644,Whitefield,Theft,9,Cloudy,High
2026-11-14,21:49,21,Saturday,6,November,11,12.971624,77.746933,Whitefield,Missing Person,11,Rainy,High
2025-09-15,11:37,11,Monday,1,September,9,13.003461,77.57419,Malleshwaram,Theft,5,Rainy,Very High
2026-03-07,13:28,13,Saturday,6,March,3,12.961862,77.744265,Whitefield,Missing Person,6,Partly Cloudy,Medium
2026-03-13,12:42,12,Friday,5,March,3,12.928523,77.598342,Jayanagar,Theft,5,Sunny,Medium
2026-12-25,18:22,18,Friday,5,December,12,12.92478,77.589029,Jayanagar,Cyber Crime,6,Rainy,Very High
2026-01-28,02:08,2,Wednesday,3,January,1,12.906406,77.487011,Kengeri,Assault,3,Rainy,High
2025-09-10,01:58,1,Wednesday,3,September,9,12.911476,77.631047,HSR Layout,Fraud,4,Cloudy,Medium
2025-10-19,19:14,19,Sunday,7,October,10,12.966969,77.743327,Whitefield,Vandalism,5,Rainy,Low
2025-12-08,08:50,8,Monday,1,December,12,12.920501,77.478655,Kengeri,Theft,10,Cloudy,Very High
2026-11-28,00:01,0,Saturday,6,November,11,12.926083,77.59917,Jayanagar,Accident,5,Sunny,Low
2025-11-12,16:53,16,Wednesday,3,November,11,12.995973,77.572964,Malleshwaram,Accident,2,Rainy,Medium
2025-07-01,14:41,14,Tuesday,2,July,7,12.927957,77.54285,Banashankari,Assault,4,Rainy,Medium
2025-01-31,20:58,20,Friday,5,January,1,13.020621,77.533235,Yeshwanthpur,Accident,2,Partly Cloudy,Low
2025-04-09,07:52,7,Wednesday,3,April,4,13.033781,77.590629,Hebbal,Assault,3,Rainy,Very High
2025-07-27,13:58,13,Sunday,7,July,7,12.920822,77.540981,Banashankari,Vandalism,4,Partly Cloudy,Medium
2025-01-15,02:57,2,Wednesday,3,January,1,12.932002,77.626355,Koramangala,Fraud,8,Rainy,Medium
2026-09-18,04:27,4,Friday,5,September,9,12.904612,77.631733,HSR Layout,Vandalism,5,Partly Cloudy,Medium
2026-07-13,16:43,16,Monday,1,July,7,12.912369,77.486339,Kengeri,Robbery,1,Rainy,Medium
2025-03-30,08:03,8,Sunday,7,March,3,13.039161,77.60324,Hebbal,Theft,6,Cloudy,Medium
2026-08-01,10:57,10,Saturday,6,August,8,12.973268,77.756006,Whitefield,Vehicle Theft,5,Partly Cloudy,High
2026-09-22,06:18,6,Tuesday,2,September,9,13.001495,77.576146,Malleshwaram,Vehicle Theft,5,Rainy,Low
2025-03-28,15:54,15,Friday,5,March,3,12.949537,77.581365,Basavanagudi,Theft,7,Cloudy,Medium
2026-06-14,06:50,6,Sunday,7,June,6,12.851552,77.654794,Electronic City,Fraud,9,Cloudy,Medium
2026-04-27,18:36,18,Monday,1,April,4,12.973446,77.638079,Indiranagar,Missing Person,2,Partly Cloudy,Low
2026-12-16,09:45,9,Wednesday,3,December,12,12.977698,77.752547,Whitefield,Burglary,6,Partly Cloudy,Very High
2025-02-04,03:07,3,Tuesday,2,February,2,12.986673,77.553664,Rajajinagar,Theft,6,Sunny,Medium
2026-09-24,13:37,13,Thursday,4,September,9,12.935191,77.580167,Basavanagudi,Vandalism,7,Rainy,Very High
2025-07-20,06:11,6,Sunday,7,July,7,13.006577,77.566781,Malleshwaram,Burglary,5,Partly Cloudy,Very High
2026-05-31,16:34,16,Sunday,7,May,5,13.00866,77.570542,Malleshwaram,Missing Person,8,Sunny,Very High
2025-08-10,05:42,5,Sunday,7,August,8,13.021563,77.53984,Yeshwanthpur,Theft,8,Partly Cloudy,Medium
2026-02-25,23:43,23,Wednesday,3,February,2,12.916241,77.478082,Kengeri,Vandalism,3,Sunny,Medium
2026-02-19,07:17,7,Thursday,4,February,2,12.989425,77.548278,Rajajinagar,Fraud,6,Rainy,High
2026-05-01,00:55,0,Friday,5,May,5,12.852821,77.666297,Electronic City,Cyber Crime,7,Cloudy,Medium
2026-07-28,21:26,21,Tuesday,2,July,7,12.918307,77.55339,Banashankari,Vehicle Theft,6,Partly Cloudy,High
2026-03-02,08:27,8,Monday,1,March,3,13.033427,77.589488,Hebbal,Cyber Crime,2,Rainy,Medium
2026-05-13,02:39,2,Wednesday,3,May,5,12.930573,77.544196,Banashankari,Burglary,5,Rainy,Medium
2025-08-29,11:28,11,Friday,5,August,8,13.032363,77.59056,Hebbal,Assault,7,Partly Cloudy,Very High
2025-11-09,06:05,6,Sunday,7,November,11,12.957307,77.696323,Marathahalli,Cyber Crime,6,Partly Cloudy,High
2025-08-02,18:31,18,Saturday,6,August,8,13.035186,77.592145,Hebbal,Robbery,5,Partly Cloudy,Low
2026-12-02,15:30,15,Wednesday,3,December,12,12.910048,77.480749,Kengeri,Vehicle Theft,9,Partly Cloudy,Very High
2026-06-05,15:35,15,Friday,5,June,6,13.042838,77.590101,Hebbal,Robbery,7,Rainy,Very High
2025-08-29,06:00,6,Friday,5,August,8,12.917647,77.590834,Jayanagar,Cyber Crime,5,Sunny,Very High
2026-07-26,08:49,8,Sunday,7,July,7,12.842667,77.655288,Electronic City,Vandalism,3,Cloudy,High
2026-02-09,03:04,3,Monday,1,February,2,13.037582,77.595425,Hebbal,Accident,8,Partly Cloudy,High
2026-05-10,09:52,9,Sunday,7,May,5,13.031454,77.544865,Yeshwanthpur,Missing Person,2,Partly Cloudy,Medium
2025-11-04,10:32,10,Tuesday,2,November,11,13.035852,77.601337,Hebbal,Fraud,5,Sunny,High
2026-08-29,19:43,19,Saturday,6,August,8,12.973478,77.750538,Whitefield,Burglary,4,Cloudy,High
2025-04-05,04:43,4,Saturday,6,April,4,12.999069,77.548111,Rajajinagar,Missing Person,8,Cloudy,High
2026-05-27,00:20,0,Wednesday,3,May,5,12.916403,77.634152,HSR Layout,Cyber Crime,7,Sunny,Very High
2025-04-07,09:00,9,Monday,1,April,4,12.933945,77.576013,Basavanagudi,Accident,5,Sunny,Medium
2026-04-04,04:59,4,Saturday,6,April,4,12.985775,77.561783,Rajajinagar,Vandalism,11,Cloudy,Low
2025-08-25,08:51,8,Monday,1,August,8,12.92736,77.547503,Banashankari,Fraud,11,Cloudy,Very High
2025-07-03,11:50,11,Thursday,4,July,7,12.925255,77.589672,Jayanagar,Theft,7,Cloudy,High
2025-07-13,14:06,14,Sunday,7,July,7,13.030924,77.542926,Yeshwanthpur,Theft,5,Partly Cloudy,Medium
2025-11-02,22:24,22,Sunday,7,November,11,12.986517,77.552513,Rajajinagar,Burglary,7,Sunny,Medium
2025-07-31,19:52,19,Thursday,4,July,7,12.924326,77.602863,BTM Layout,Fraud,6,Sunny,High
2025-10-21,10:34,10,Tuesday,2,October,10,12.973681,77.745435,Whitefield,Vandalism,4,Cloudy,Low
2026-11-22,15:24,15,Sunday,7,November,11,12.931305,77.629367,Koramangala,Missing Person,4,Sunny,Low
2026-06-03,05:07,5,Wednesday,3,June,6,12.924196,77.613061,BTM Layout,Burglary,7,Cloudy,Very High
2026-12-23,13:35,13,Wednesday,3,December,12,12.917941,77.486348,Kengeri,Vehicle Theft,5,Cloudy,Low
2025-03-01,21:03,21,Saturday,6,March,3,12.916689,77.636013,HSR Layout,Accident,2,Partly Cloudy,Medium
2026-01-23,19:54,19,Friday,5,January,1,12.925502,77.596204,Jayanagar,Assault,5,Cloudy,Very High
2025-05-29,21:59,21,Thursday,4,May,5,13.032652,77.542196,Yeshwanthpur,Vandalism,7,Partly Cloudy,Low
2025-05-19,04:50,4,Monday,1,May,5,12.852883,77.652701,Electronic City,Theft,7,Cloudy,Very High
2026-05-08,22:34,22,Friday,5,May,5,12.923586,77.542484,Banashankari,Assault,11,Partly Cloudy,Very High
2026-03-31,00:21,0,Tuesday,2,March,3,12.903819,77.642884,HSR Layout,Missing Person,3,Sunny,High
2025-07-27,11:53,11,Sunday,7,July,7,12.930277,77.619636,Koramangala,Accident,8,Rainy,Very High
2026-02-13,15:00,15,Friday,5,February,2,12.956748,77.702504,Marathahalli,Fraud,1,Rainy,Low
2025-01-31,22:16,22,Friday,5,January,1,12.921138,77.553378,Banashankari,Accident,11,Sunny,Very High
2026-08-20,21:01,21,Thursday,4,August,8,12.979304,77.632814,Indiranagar,Assault,6,Rainy,Very High
2025-05-17,15:39,15,Saturday,6,May,5,13.03819,77.597267,Hebbal,Burglary,7,Sunny,Low
2025-11-26,05:15,5,Wednesday,3,November,11,12.964905,77.75242,Whitefield,Robbery,2,Cloudy,Low
2026-12-23,23:17,23,Wednesday,3,December,12,13.023478,77.536143,Yeshwanthpur,Missing Person,10,Rainy,Very High
2025-01-15,11:18,11,Wednesday,3,January,1,12.928986,77.552771,Banashankari,Vandalism,5,Partly Cloudy,High
2026-10-16,20:57,20,Friday,5,October,10,12.932867,77.627595,Koramangala,Burglary,9,Sunny,High
2026-11-06,08:40,8,Friday,5,November,11,13.028916,77.539425,Yeshwanthpur,Missing Person,4,Partly Cloudy,Low
2026-11-18,12:58,12,Wednesday,3,November,11,13.004219,77.572309,Malleshwaram,Vehicle Theft,6,Partly Cloudy,High
2026-09-11,02:21,2,Friday,5,September,9,13.011357,77.570188,Malleshwaram,Assault,7,Cloudy,Medium
2026-10-25,11:15,11,Sunday,7,October,10,13.000273,77.565601,Malleshwaram,Theft,3,Rainy,Medium
2026-05-25,13:42,13,Monday,1,May,5,12.984643,77.552815,Rajajinagar,Missing Person,5,Cloudy,Very High
2026-06-09,16:12,16,Tuesday,2,June,6,12.938862,77.629634,Koramangala,Vehicle Theft,3,Rainy,Low
2026-02-25,15:44,15,Wednesday,3,February,2,12.843893,77.654513,Electronic City,Vandalism,1,Partly Cloudy,Low
2026-02-01,02:13,2,Sunday,7,February,2,12.963254,77.694994,Marathahalli,Vehicle Theft,4,Sunny,Low
2026-08-03,03:31,3,Monday,1,August,8,13.003781,77.571596,Malleshwaram,Assault,5,Rainy,Very High
2026-10-14,05:47,5,Wednesday,3,October,10,13.004836,77.566402,Malleshwaram,Theft,5,Rainy,Low
2026-04-14,18:28,18,Tuesday,2,April,4,12.925695,77.547396,Banashankari,Missing Person,3,Sunny,Very High
2025-08-17,01:19,1,Sunday,7,August,8,12.975685,77.742337,Whitefield,Robbery,8,Sunny,Medium
2026-12-18,03:38,3,Friday,5,December,12,13.030371,77.542252,Yeshwanthpur,Fraud,10,Partly Cloudy,Medium
2026-05-14,01:33,1,Thursday,4,May,5,12.95355,77.690044,Marathahalli,Fraud,9,Rainy,High
2026-12-05,12:18,12,Saturday,6,December,12,12.906064,77.632351,HSR Layout,Missing Person,6,Cloudy,Very High
2025-12-28,05:21,5,Sunday,7,December,12,12.905479,77.638457,HSR Layout,Burglary,4,Rainy,Low
2026-09-27,14:17,14,Sunday,7,September,9,12.970826,77.644438,Indiranagar,Fraud,6,Rainy,Medium
2025-12-20,06:27,6,Saturday,6,December,12,12.986289,77.636554,Indiranagar,Vandalism,3,Sunny,Medium
2025-08-09,19:33,19,Saturday,6,August,8,12.928818,77.548529,Banashankari,Assault,5,Sunny,Very High
2026-12-19,01:58,1,Saturday,6,December,12,12.923707,77.551031,Banashankari,Vehicle Theft,13,Sunny,Very High
2025-03-06,08:44,8,Thursday,4,March,3,12.975107,77.63739,Indiranagar,Theft,4,Partly Cloudy,High
2026-03-08,19:21,19,Sunday,7,March,3,12.909963,77.606394,BTM Layout,Assault,2,Rainy,Low
2026-11-10,10:14,10,Tuesday,2,November,11,12.925975,77.548698,Banashankari,Robbery,2,Partly Cloudy,Medium
2026-06-13,02:19,2,Saturday,6,June,6,12.939951,77.579803,Basavanagudi,Theft,9,Sunny,High
2025-09-04,23:02,23,Thursday,4,September,9,12.928213,77.63133,Koramangala,Robbery,7,Rainy,High
2026-03-25,19:39,19,Wednesday,3,March,3,12.913146,77.479032,Kengeri,Burglary,3,Cloudy,Very High
2025-09-29,01:13,1,Monday,1,September,9,12.838902,77.65308,Electronic City,Missing Person,7,Rainy,Medium
2026-03-17,05:05,5,Tuesday,2,March,3,12.954069,77.704095,Marathahalli,Assault,2,Cloudy,Medium
2025-03-27,11:55,11,Thursday,4,March,3,12.911568,77.632824,HSR Layout,Assault,2,Sunny,Low
2026-06-28,19:15,19,Sunday,7,June,6,12.994392,77.552438,Rajajinagar,Theft,5,Sunny,Very High
2025-10-31,06:44,6,Friday,5,October,10,12.937921,77.621239,Koramangala,Cyber Crime,5,Sunny,Low
2026-10-12,21:23,21,Monday,1,October,10,13.035598,77.590403,Hebbal,Vandalism,7,Partly Cloudy,High
2026-09-07,03:54,3,Monday,1,September,9,12.93669,77.630038,Koramangala,Cyber Crime,5,Sunny,Medium
2025-07-26,13:39,13,Saturday,6,July,7,13.026584,77.545043,Yeshwanthpur,Vehicle Theft,8,Rainy,High
2025-08-17,01:17,1,Sunday,7,August,8,13.000131,77.563775,Malleshwaram,Burglary,7,Partly Cloudy,High
2026-09-23,18:16,18,Wednesday,3,September,9,12.981343,77.64702,Indiranagar,Missing Person,1,Rainy,Medium
2026-11-21,13:14,13,Saturday,6,November,11,12.909414,77.481946,Kengeri,Assault,1,Sunny,Medium
2025-08-13,01:38,1,Wednesday,3,August,8,12.904949,77.63728,HSR Layout,Cyber Crime,9,Partly Cloudy,High
2025-03-18,15:10,15,Tuesday,2,March,3,12.90865,77.610522,BTM Layout,Robbery,5,Cloudy,Low
2025-08-16,07:02,7,Saturday,6,August,8,13.041611,77.603207,Hebbal,Theft,10,Rainy,High
2026-08-25,04:55,4,Tuesday,2,August,8,12.973898,77.755359,Whitefield,Missing Person,7,Rainy,Very High
2025-12-04,20:47,20,Thursday,4,December,12,12.919971,77.595542,Jayanagar,Vehicle Theft,9,Cloudy,Low
2025-10-22,16:06,16,Wednesday,3,October,10,12.918352,77.594176,Jayanagar,Accident,4,Rainy,Medium
2026-04-17,18:58,18,Friday,5,April,4,12.965895,77.690263,Marathahalli,Vandalism,3,Rainy,High
2026-11-12,13:22,13,Thursday,4,November,11,12.92235,77.597635,Jayanagar,Missing Person,3,Rainy,Low
2025-10-07,04:06,4,Tuesday,2,October,10,13.004727,77.576942,Malleshwaram,Vandalism,8,Sunny,Low
2026-09-03,11:07,11,Thursday,4,September,9,12.986871,77.559468,Rajajinagar,Vehicle Theft,7,Sunny,High
2026-07-30,14:01,14,Thursday,4,July,7,12.961948,77.744247,Whitefield,Assault,4,Sunny,Medium
2026-10-29,22:03,22,Thursday,4,October,10,12.940861,77.568522,Basavanagudi,Cyber Crime,8,Sunny,Low
2025-06-19,14:22,14,Thursday,4,June,6,12.908994,77.479521,Kengeri,Vandalism,2,Rainy,Medium
2026-05-17,00:53,0,Sunday,7,May,5,12.843587,77.659726,Electronic City,Cyber Crime,3,Rainy,Low
2025-10-24,02:59,2,Friday,5,October,10,12.952655,77.693405,Marathahalli,Assault,11,Partly Cloudy,Very High
2025-03-08,21:58,21,Saturday,6,March,3,12.915189,77.477681,Kengeri,Accident,6,Rainy,Low
2026-10-05,07:55,7,Monday,1,October,10,12.906997,77.487057,Kengeri,Burglary,5,Partly Cloudy,Medium
2026-11-08,18:31,18,Sunday,7,November,11,13.030014,77.594467,Hebbal,Burglary,7,Rainy,High
2025-04-10,01:39,1,Thursday,4,April,4,12.968794,77.754374,Whitefield,Cyber Crime,4,Rainy,Medium
2026-02-20,17:26,17,Friday,5,February,2,12.96581,77.75172,Whitefield,Accident,2,Cloudy,High
2025-03-24,04:22,4,Monday,1,March,3,13.023624,77.533074,Yeshwanthpur,Theft,8,Rainy,Very High
2026-12-30,16:15,16,Wednesday,3,December,12,12.962543,77.747471,Whitefield,Cyber Crime,1,Rainy,Medium
2026-05-19,11:31,11,Tuesday,2,May,5,12.964338,77.743281,Whitefield,Accident,2,Sunny,Low
2026-07-10,17:22,17,Friday,5,July,7,12.908176,77.476625,Kengeri,Accident,3,Partly Cloudy,High
2026-04-20,15:22,15,Monday,1,April,4,12.996813,77.563261,Malleshwaram,Assault,4,Sunny,Medium
2026-03-12,09:29,9,Thursday,4,March,3,12.937075,77.574565,Basavanagudi,Accident,4,Rainy,Low
2026-09-16,04:12,4,Wednesday,3,September,9,12.986437,77.560487,Rajajinagar,Missing Person,6,Sunny,Medium
2026-09-12,08:45,8,Saturday,6,September,9,13.031373,77.538934,Yeshwanthpur,Burglary,1,Sunny,Medium
2026-11-26,20:44,20,Thursday,4,November,11,12.903737,77.641985,HSR Layout,Robbery,4,Rainy,High
2026-07-01,21:53,21,Wednesday,3,July,7,13.027173,77.536067,Yeshwanthpur,Accident,6,Partly Cloudy,Medium
2025-03-01,17:25,17,Saturday,6,March,3,12.847865,77.661628,Electronic City,Assault,7,Cloudy,Low
2025-02-10,08:35,8,Monday,1,February,2,12.846513,77.656929,Electronic City,Cyber Crime,7,Rainy,High
2026-10-30,04:07,4,Friday,5,October,10,12.920037,77.586365,Jayanagar,Theft,13,Rainy,Very High
2025-12-22,02:55,2,Monday,1,December,12,12.913603,77.605749,BTM Layout,Fraud,6,Cloudy,Medium
2026-07-02,05:41,5,Thursday,4,July,7,12.975623,77.647381,Indiranagar,Accident,7,Partly Cloudy,High
2026-11-15,02:38,2,Sunday,7,November,11,12.918052,77.631801,HSR Layout,Vehicle Theft,11,Sunny,Very High
2025-06-11,23:42,23,Wednesday,3,June,6,12.96931,77.753127,Whitefield,Theft,7,Rainy,Medium
2026-02-19,13:07,13,Thursday,4,February,2,12.843659,77.656796,Electronic City,Accident,2,Partly Cloudy,Low
2026-04-03,06:36,6,Friday,5,April,4,12.984154,77.646694,Indiranagar,Theft,7,Partly Cloudy,High
2026-04-07,14:18,14,Tuesday,2,April,4,12.9472,77.579267,Basavanagudi,Missing Person,1,Partly Cloudy,Medium
2025-02-02,16:44,16,Sunday,7,February,2,12.97378,77.642227,Indiranagar,Burglary,9,Sunny,Very High
2026-05-02,02:44,2,Saturday,6,May,5,12.98586,77.633141,Indiranagar,Accident,7,Cloudy,Low
2026-05-15,02:39,2,Friday,5,May,5,12.955137,77.690626,Marathahalli,Vehicle Theft,10,Cloudy,Very High
2026-08-14,21:44,21,Friday,5,August,8,12.960046,77.697318,Marathahalli,Vandalism,8,Rainy,Medium
2025-10-10,09:40,9,Friday,5,October,10,12.987457,77.554983,Rajajinagar,Cyber Crime,1,Cloudy,Medium
2025-03-06,13:00,13,Thursday,4,March,3,12.953963,77.702031,Marathahalli,Accident,4,Sunny,High
2026-06-14,22:47,22,Sunday,7,June,6,13.030718,77.547304,Yeshwanthpur,Robbery,8,Sunny,Very High
2025-09-19,17:03,17,Friday,5,September,9,12.959119,77.692349,Marathahalli,Vehicle Theft,1,Sunny,Medium
2026-11-06,19:55,19,Friday,5,November,11,13.04072,77.59909,Hebbal,Cyber Crime,6,Cloudy,Very High
2025-10-26,17:03,17,Sunday,7,October,10,12.931492,77.588208,Jayanagar,Accident,1,Partly Cloudy,Medium
2025-12-15,18:07,18,Monday,1,December,12,12.9703,77.747098,Whitefield,Robbery,3,Sunny,Low
2026-02-05,14:34,14,Thursday,4,February,2,12.940816,77.567363,Basavanagudi,Cyber Crime,4,Cloudy,Very High
2026-05-06,16:32,16,Wednesday,3,May,5,12.909875,77.486447,Kengeri,Vandalism,3,Partly Cloudy,Very High
2025-07-25,20:07,20,Friday,5,July,7,13.009175,77.574662,Malleshwaram,Burglary,9,Sunny,Low
2026-07-10,18:38,18,Friday,5,July,7,12.961731,77.689575,Marathahalli,Accident,6,Rainy,High
2026-10-05,19:23,19,Monday,1,October,10,12.911995,77.476037,Kengeri,Cyber Crime,4,Sunny,Medium
2025-02-03,12:12,12,Monday,1,February,2,12.851211,77.657354,Electronic City,Burglary,5,Cloudy,High
2026-07-23,04:23,4,Thursday,4,July,7,12.852728,77.668048,Electronic City,Vehicle Theft,7,Partly Cloudy,Medium
2025-08-04,21:30,21,Monday,1,August,8,12.940313,77.568736,Basavanagudi,Cyber Crime,8,Rainy,High
2025-12-25,21:21,21,Thursday,4,December,12,12.852394,77.6626,Electronic City,Robbery,6,Partly Cloudy,High
2026-08-12,08:55,8,Wednesday,3,August,8,12.977102,77.753884,Whitefield,Cyber Crime,3,Sunny,Low
2026-01-28,06:52,6,Wednesday,3,January,1,12.938891,77.576482,Basavanagudi,Accident,9,Rainy,Very High
2026-08-09,17:36,17,Sunday,7,August,8,12.920078,77.549051,Banashankari,Vehicle Theft,4,Sunny,Low
2026-01-17,13:03,13,Saturday,6,January,1,12.982077,77.644798,Indiranagar,Burglary,10,Cloudy,Very High
2026-12-24,07:19,7,Thursday,4,December,12,12.947634,77.575352,Basavanagudi,Theft,3,Partly Cloudy,Medium
2026-04-01,07:57,7,Wednesday,3,April,4,12.972809,77.637756,Indiranagar,Burglary,3,Sunny,Low
2026-05-24,04:41,4,Sunday,7,May,5,12.910874,77.486667,Kengeri,Vandalism,8,Sunny,Medium
2026-11-23,22:51,22,Monday,1,November,11,12.931209,77.591375,Jayanagar,Cyber Crime,8,Partly Cloudy,Very High
2026-02-14,15:35,15,Saturday,6,February,2,12.996393,77.561331,Rajajinagar,Missing Person,8,Rainy,High
2025-04-11,02:02,2,Friday,5,April,4,12.982098,77.639742,Indiranagar,Vandalism,8,Partly Cloudy,Very High
2025-07-20,23:03,23,Sunday,7,July,7,12.937283,77.569503,Basavanagudi,Assault,3,Sunny,High
2026-05-07,16:08,16,Thursday,4,May,5,12.918561,77.607564,BTM Layout,Theft,7,Rainy,Medium
2025-06-20,09:57,9,Friday,5,June,6,12.931652,77.624743,Koramangala,Vandalism,5,Sunny,High
2025-04-30,19:59,19,Wednesday,3,April,4,12.988589,77.560691,Rajajinagar,Fraud,4,Rainy,Medium
2025-11-17,03:38,3,Monday,1,November,11,12.917403,77.616207,BTM Layout,Vandalism,7,Partly Cloudy,Medium
2026-10-01,06:07,6,Thursday,4,October,10,12.839276,77.666453,Electronic City,Vandalism,3,Sunny,High
2026-01-15,10:02,10,Thursday,4,January,1,12.918294,77.612785,BTM Layout,Burglary,4,Rainy,Medium
2025-07-20,13:17,13,Sunday,7,July,7,12.847748,77.658499,Electronic City,Theft,5,Sunny,Low
2026-12-06,22:18,22,Sunday,7,December,12,12.996187,77.547976,Rajajinagar,Vehicle Theft,6,Partly Cloudy,Low
2026-06-24,08:42,8,Wednesday,3,June,6,12.844346,77.662632,Electronic City,Assault,2,Cloudy,Low
2026-10-17,16:12,16,Saturday,6,October,10,12.979473,77.635573,Indiranagar,Accident,3,Cloudy,Medium
2025-03-15,10:18,10,Saturday,6,March,3,12.917625,77.631218,HSR Layout,Assault,1,Cloudy,Medium
2026-12-05,20:18,20,Saturday,6,December,12,12.926934,77.600728,Jayanagar,Cyber Crime,10,Rainy,High
2026-07-21,06:14,6,Tuesday,2,July,7,12.847695,77.661237,Electronic City,Vandalism,1,Cloudy,Low
2026-03-08,08:44,8,Sunday,7,March,3,12.838229,77.655936,Electronic City,Vandalism,5,Sunny,Medium
2026-09-20,03:01,3,Sunday,7,September,9,12.937883,77.624561,Koramangala,Robbery,7,Rainy,High
2025-08-31,04:57,4,Sunday,7,August,8,13.021559,77.540326,Yeshwanthpur,Burglary,5,Partly Cloudy,Medium
2026-04-18,04:08,4,Saturday,6,April,4,13.034739,77.601386,Hebbal,Accident,7,Rainy,Medium
2025-03-28,15:39,15,Friday,5,March,3,12.957152,77.693227,Marathahalli,Robbery,8,Sunny,Very High
2025-03-15,09:37,9,Saturday,6,March,3,12.910556,77.483787,Kengeri,Fraud,3,Partly Cloudy,Low
2025-09-14,06:40,6,Sunday,7,September,9,13.04253,77.592936,Hebbal,Assault,3,Rainy,Low
2025-03-11,05:12,5,Tuesday,2,March,3,12.98191,77.641964,Indiranagar,Assault,5,Partly Cloudy,Very High
2025-11-28,12:45,12,Friday,5,November,11,12.955651,77.691659,Marathahalli,Theft,4,Partly Cloudy,High
2026-09-26,01:17,1,Saturday,6,September,9,12.971802,77.638464,Indiranagar,Vandalism,12,Rainy,High
2026-07-21,00:08,0,Tuesday,2,July,7,12.917627,77.48468,Kengeri,Burglary,4,Partly Cloudy,Low
2025-02-02,14:27,14,Sunday,7,February,2,12.843943,77.666428,Electronic City,Assault,2,Rainy,High
2025-03-03,00:12,0,Monday,1,March,3,13.037597,77.597401,Hebbal,Missing Person,10,Sunny,Very High
2026-11-02,09:24,9,Monday,1,November,11,13.004151,77.563067,Malleshwaram,Theft,7,Partly Cloudy,Very High
2026-04-17,16:51,16,Friday,5,April,4,12.966595,77.704112,Marathahalli,Vehicle Theft,7,Partly Cloudy,Very High
2026-12-05,06:46,6,Saturday,6,December,12,12.988461,77.553833,Rajajinagar,Vehicle Theft,7,Cloudy,High
2026-01-17,11:39,11,Saturday,6,January,1,12.991651,77.550228,Rajajinagar,Burglary,5,Rainy,High
2025-11-20,18:36,18,Thursday,4,November,11,12.843154,77.654741,Electronic City,Cyber Crime,6,Cloudy,High
2025-04-04,08:42,8,Friday,5,April,4,12.83962,77.665327,Electronic City,Cyber Crime,5,Rainy,Medium
2026-08-26,01:12,1,Wednesday,3,August,8,12.923543,77.601438,Jayanagar,Vehicle Theft,8,Cloudy,Medium
2026-08-06,12:53,12,Thursday,4,August,8,12.909298,77.634128,HSR Layout,Cyber Crime,5,Sunny,High
2025-04-13,15:10,15,Sunday,7,April,4,12.918869,77.600494,Jayanagar,Vehicle Theft,4,Rainy,Medium
2026-01-26,03:19,3,Monday,1,January,1,12.927897,77.632116,Koramangala,Fraud,8,Partly Cloudy,Very High
2026-05-29,17:00,17,Friday,5,May,5,12.926232,77.543137,Banashankari,Cyber Crime,2,Rainy,Medium
2025-02-11,21:35,21,Tuesday,2,February,2,12.995521,77.560646,Rajajinagar,Vehicle Theft,8,Partly Cloudy,Medium
2026-03-06,10:24,10,Friday,5,March,3,13.034744,77.538169,Yeshwanthpur,Vehicle Theft,6,Partly Cloudy,Very High
2025-08-20,04:37,4,Wednesday,3,August,8,13.032477,77.600252,Hebbal,Vehicle Theft,8,Partly Cloudy,Medium
2025-10-02,11:23,11,Thursday,4,October,10,12.992916,77.561558,Rajajinagar,Missing Person,3,Sunny,Low
2026-11-17,05:08,5,Tuesday,2,November,11,12.956703,77.697457,Marathahalli,Accident,4,Sunny,Low
2025-07-15,01:25,1,Tuesday,2,July,7,12.999874,77.577586,Malleshwaram,Cyber Crime,6,Cloudy,Very High
2025-11-01,05:57,5,Saturday,6,November,11,12.985053,77.556907,Rajajinagar,Assault,10,Cloudy,Very High
2025-04-12,12:31,12,Saturday,6,April,4,12.841938,77.663866,Electronic City,Vehicle Theft,4,Rainy,High
2026-12-20,02:15,2,Sunday,7,December,12,12.97849,77.637069,Indiranagar,Accident,10,Cloudy,Medium
2026-12-04,22:38,22,Friday,5,December,12,12.913927,77.642698,HSR Layout,Accident,10,Sunny,Very High
2025-02-18,19:00,19,Tuesday,2,February,2,13.032924,77.597903,Hebbal,Burglary,5,Sunny,Medium
2025-08-27,07:57,7,Wednesday,3,August,8,12.922257,77.601273,Jayanagar,Robbery,6,Sunny,High
2026-04-28,03:18,3,Tuesday,2,April,4,13.033109,77.592101,Hebbal,Fraud,11,Rainy,High
2025-12-10,16:11,16,Wednesday,3,December,12,12.995161,77.561943,Rajajinagar,Burglary,2,Sunny,Medium
2025-08-29,23:17,23,Friday,5,August,8,12.998859,77.562565,Rajajinagar,Robbery,6,Rainy,Medium
2025-12-07,02:16,2,Sunday,7,December,12,13.034369,77.58918,Hebbal,Vehicle Theft,11,Sunny,Very High
2025-08-06,13:07,13,Wednesday,3,August,8,12.937549,77.617482,Koramangala,Vandalism,9,Sunny,Very High
2026-08-08,15:42,15,Saturday,6,August,8,12.928931,77.59741,Jayanagar,Robbery,9,Cloudy,Very High
2026-05-11,23:59,23,Monday,1,May,5,12.992339,77.549817,Rajajinagar,Fraud,10,Sunny,Very High
2025-04-23,04:28,4,Wednesday,3,April,4,12.931998,77.623777,Koramangala,Fraud,7,Partly Cloudy,Very High
2025-03-13,21:40,21,Thursday,4,March,3,12.919358,77.475545,Kengeri,Accident,6,Cloudy,Low
2026-08-15,20:21,20,Saturday,6,August,8,12.841075,77.665437,Electronic City,Cyber Crime,12,Sunny,High
2026-12-20,14:20,14,Sunday,7,December,12,12.908414,77.478838,Kengeri,Burglary,3,Cloudy,Low
2026-07-31,10:27,10,Friday,5,July,7,12.919025,77.593961,Jayanagar,Cyber Crime,5,Partly Cloudy,Very High
2026-09-15,03:32,3,Tuesday,2,September,9,12.920066,77.604902,BTM Layout,Cyber Crime,9,Sunny,Very High
2025-03-11,02:12,2,Tuesday,2,March,3,12.840015,77.665349,Electronic City,Cyber Crime,5,Sunny,Medium
2025-07-15,04:08,4,Tuesday,2,July,7,12.840629,77.666808,Electronic City,Theft,9,Cloudy,Low
2026-03-20,12:22,12,Friday,5,March,3,12.838553,77.655594,Electronic City,Robbery,2,Partly Cloudy,Medium
2025-05-16,08:25,8,Friday,5,May,5,12.978595,77.641029,Indiranagar,Robbery,5,Partly Cloudy,Very High
2025-11-26,20:15,20,Wednesday,3,November,11,12.90755,77.642063,HSR Layout,Theft,9,Sunny,Low
2026-07-17,17:40,17,Friday,5,July,7,12.987986,77.549841,Rajajinagar,Theft,3,Partly Cloudy,Medium
2026-06-02,15:40,15,Tuesday,2,June,6,13.033812,77.536472,Yeshwanthpur,Accident,4,Sunny,Medium
2026-12-01,02:55,2,Tuesday,2,December,12,12.925137,77.59894,Jayanagar,Vehicle Theft,7,Cloudy,Low
2025-10-21,19:24,19,Tuesday,2,October,10,12.915544,77.639471,HSR Layout,Vandalism,3,Sunny,High
2026-05-09,21:52,21,Saturday,6,May,5,12.90684,77.481038,Kengeri,Theft,7,Rainy,Medium
2026-10-23,00:37,0,Friday,5,October,10,12.951984,77.703317,Marathahalli,Assault,5,Rainy,Very High
2025-03-28,19:21,19,Friday,5,March,3,12.938207,77.630555,Koramangala,Missing Person,1,Sunny,Low
2025-11-17,01:23,1,Monday,1,November,11,12.922058,77.609505,BTM Layout,Fraud,9,Sunny,Very High
2026-05-22,23:07,23,Friday,5,May,5,12.841296,77.666714,Electronic City,Vandalism,4,Sunny,Medium
2025-11-06,05:31,5,Thursday,4,November,11,12.921832,77.554796,Banashankari,Cyber Crime,7,Partly Cloudy,Very High
2026-08-14,13:11,13,Friday,5,August,8,12.994094,77.550348,Rajajinagar,Burglary,4,Partly Cloudy,High
2025-12-23,16:30,16,Tuesday,2,December,12,12.923335,77.596405,Jayanagar,Missing Person,7,Partly Cloudy,Very High
2026-08-09,10:11,10,Sunday,7,August,8,12.923918,77.553622,Banashankari,Theft,7,Partly Cloudy,High
2025-11-03,02:31,2,Monday,1,November,11,12.977111,77.641372,Indiranagar,Burglary,6,Sunny,Low
2026-10-20,11:53,11,Tuesday,2,October,10,13.007763,77.569524,Malleshwaram,Accident,3,Sunny,Medium
2025-10-05,05:54,5,Sunday,7,October,10,12.845329,77.66395,Electronic City,Fraud,9,Partly Cloudy,Very High
2026-06-18,22:30,22,Thursday,4,June,6,12.968123,77.751756,Whitefield,Theft,10,Rainy,Very High
2026-03-24,06:06,6,Tuesday,2,March,3,12.937211,77.577956,Basavanagudi,Cyber Crime,5,Cloudy,Low
2025-06-06,14:00,14,Friday,5,June,6,12.915177,77.476057,Kengeri,Missing Person,5,Partly Cloudy,Very High
2025-04-24,11:30,11,Thursday,4,April,4,12.919569,77.589482,Jayanagar,Vehicle Theft,6,Cloudy,Low
2025-09-22,11:26,11,Monday,1,September,9,12.905717,77.639732,HSR Layout,Robbery,4,Sunny,Very High
2026-05-16,17:16,17,Saturday,6,May,5,12.976364,77.645922,Indiranagar,Cyber Crime,1,Partly Cloudy,Medium
2025-07-09,11:25,11,Wednesday,3,July,7,12.947208,77.574477,Basavanagudi,Theft,8,Sunny,Very High
2026-04-08,15:13,15,Wednesday,3,April,4,13.006665,77.568277,Malleshwaram,Robbery,3,Sunny,High
2026-10-10,11:52,11,Saturday,6,October,10,13.029362,77.53828,Yeshwanthpur,Robbery,7,Partly Cloudy,High
2025-09-29,20:56,20,Monday,1,September,9,12.933998,77.62644,Koramangala,Fraud,8,Partly Cloudy,Very High
2025-10-19,18:37,18,Sunday,7,October,10,12.954839,77.703066,Marathahalli,Missing Person,3,Partly Cloudy,Medium
2025-04-14,18:18,18,Monday,1,April,4,12.911368,77.636895,HSR Layout,Cyber Crime,5,Rainy,Low
2025-11-10,18:58,18,Monday,1,November,11,13.04004,77.59498,Hebbal,Burglary,4,Rainy,Low
2025-09-30,17:36,17,Tuesday,2,September,9,12.848152,77.653936,Electronic City,Vandalism,7,Partly Cloudy,Very High
2025-08-06,06:36,6,Wednesday,3,August,8,12.960746,77.695924,Marathahalli,Assault,4,Rainy,Medium
2025-12-19,06:15,6,Friday,5,December,12,13.021935,77.534433,Yeshwanthpur,Fraud,8,Rainy,High
2025-09-06,02:04,2,Saturday,6,September,9,12.92335,77.551125,Banashankari,Robbery,6,Cloudy,Low
2026-07-02,01:34,1,Thursday,4,July,7,12.949531,77.581859,Basavanagudi,Fraud,7,Cloudy,Low
2026-08-04,23:15,23,Tuesday,2,August,8,13.020313,77.535438,Yeshwanthpur,Missing Person,8,Cloudy,Very High
2026-02-08,19:05,19,Sunday,7,February,2,12.929404,77.540499,Banashankari,Robbery,5,Rainy,Medium
2026-05-06,15:23,15,Wednesday,3,May,5,12.918341,77.54458,Banashankari,Theft,9,Sunny,Very High
2025-04-21,08:48,8,Monday,1,April,4,13.034264,77.537638,Yeshwanthpur,Theft,10,Sunny,Very High
2026-05-04,08:41,8,Monday,1,May,5,13.03934,77.600263,Hebbal,Cyber Crime,4,Rainy,Medium
2025-11-27,04:33,4,Thursday,4,November,11,12.923681,77.553004,Banashankari,Accident,3,Sunny,Low
2025-11-05,20:52,20,Wednesday,3,November,11,12.937508,77.621128,Koramangala,Fraud,3,Sunny,Low
2026-01-23,14:39,14,Friday,5,January,1,12.970702,77.744089,Whitefield,Cyber Crime,3,Sunny,High
2026-09-25,10:27,10,Friday,5,September,9,12.966365,77.755606,Whitefield,Accident,2,Rainy,Medium
2026-02-15,02:00,2,Sunday,7,February,2,13.026253,77.540493,Yeshwanthpur,Assault,6,Partly Cloudy,Low
2026-09-13,02:23,2,Sunday,7,September,9,12.910398,77.636769,HSR Layout,Assault,7,Rainy,Low
2025-01-26,09:35,9,Sunday,7,January,1,13.039229,77.591509,Hebbal,Burglary,6,Rainy,High
2025-06-25,11:36,11,Wednesday,3,June,6,12.99769,77.567052,Malleshwaram,Cyber Crime,7,Partly Cloudy,Very High
2025-01-13,09:40,9,Monday,1,January,1,12.963031,77.753051,Whitefield,Burglary,5,Sunny,Very High
2025-08-27,09:00,9,Wednesday,3,August,8,12.931988,77.544933,Banashankari,Burglary,2,Cloudy,Low
2025-04-18,17:14,17,Friday,5,April,4,12.839282,77.660194,Electronic City,Accident,2,Rainy,High
2026-08-16,15:56,15,Sunday,7,August,8,12.908998,77.480868,Kengeri,Accident,4,Rainy,Low
2025-04-21,18:30,18,Monday,1,April,4,12.951297,77.69712,Marathahalli,Cyber Crime,5,Rainy,High
2026-06-29,20:49,20,Monday,1,June,6,13.00203,77.575097,Malleshwaram,Robbery,5,Sunny,High
2026-07-27,20:38,20,Monday,1,July,7,12.922407,77.603851,BTM Layout,Robbery,9,Partly Cloudy,High
2026-10-26,21:59,21,Monday,1,October,10,12.933361,77.630116,Koramangala,Burglary,6,Sunny,Medium
2026-05-07,12:44,12,Thursday,4,May,5,12.989893,77.562491,Rajajinagar,Vandalism,7,Sunny,Very High
2025-03-24,11:49,11,Monday,1,March,3,12.970938,77.64247,Indiranagar,Missing Person,3,Cloudy,Very High
2025-06-24,04:25,4,Tuesday,2,June,6,13.040963,77.603967,Hebbal,Robbery,8,Sunny,High
2026-01-08,19:50,19,Thursday,4,January,1,12.841944,77.652953,Electronic City,Vandalism,5,Cloudy,Medium
2026-08-05,13:25,13,Wednesday,3,August,8,12.918781,77.641467,HSR Layout,Assault,8,Cloudy,Very High
2025-10-04,11:32,11,Saturday,6,October,10,12.85256,77.656232,Electronic City,Cyber Crime,7,Partly Cloudy,Very High
2025-08-28,15:25,15,Thursday,4,August,8,12.921558,77.612868,BTM Layout,Vandalism,4,Partly Cloudy,Medium
2025-03-24,14:58,14,Monday,1,March,3,12.916994,77.646694,HSR Layout,Robbery,1,Cloudy,Medium
2025-06-18,04:33,4,Wednesday,3,June,6,12.91848,77.609878,BTM Layout,Assault,9,Rainy,Very High
2026-05-09,20:32,20,Saturday,6,May,5,12.92807,77.629926,Koramangala,Robbery,5,Sunny,Low
2025-01-30,18:22,18,Thursday,4,January,1,12.96671,77.701741,Marathahalli,Cyber Crime,5,Rainy,Medium
2026-11-03,11:50,11,Tuesday,2,November,11,12.906011,77.641204,HSR Layout,Cyber Crime,3,Cloudy,Low
2025-12-18,16:53,16,Thursday,4,December,12,12.941828,77.570512,Basavanagudi,Assault,5,Cloudy,High
2026-02-16,12:19,12,Monday,1,February,2,12.932305,77.601676,Jayanagar,Assault,5,Partly Cloudy,High
2025-05-15,08:34,8,Thursday,4,May,5,12.905599,77.630944,HSR Layout,Fraud,2,Cloudy,Medium
2026-07-19,02:43,2,Sunday,7,July,7,13.02767,77.539146,Yeshwanthpur,Vehicle Theft,8,Partly Cloudy,High
2025-12-29,14:22,14,Monday,1,December,12,12.918734,77.631222,HSR Layout,Robbery,7,Partly Cloudy,Very High
2025-05-04,08:27,8,Sunday,7,May,5,12.966757,77.698398,Marathahalli,Burglary,4,Cloudy,High
2025-03-16,13:00,13,Sunday,7,March,3,12.923995,77.610991,BTM Layout,Burglary,7,Sunny,Very High
2025-10-08,11:06,11,Wednesday,3,October,10,13.025037,77.543431,Yeshwanthpur,Burglary,8,Sunny,Very High
2025-10-29,03:48,3,Wednesday,3,October,10,13.032379,77.595889,Hebbal,Cyber Crime,6,Partly Cloudy,Low
2026-05-03,11:12,11,Sunday,7,May,5,12.981932,77.635027,Indiranagar,Burglary,7,Rainy,High
2026-01-13,07:03,7,Tuesday,2,January,1,12.977653,77.742766,Whitefield,Fraud,6,Sunny,Low
2025-10-01,23:08,23,Wednesday,3,October,10,12.936794,77.623775,Koramangala,Robbery,10,Cloudy,High
2026-04-30,13:37,13,Thursday,4,April,4,12.977331,77.635232,Indiranagar,Theft,1,Partly Cloudy,Medium
2025-05-24,12:45,12,Saturday,6,May,5,12.84799,77.663183,Electronic City,Fraud,6,Sunny,Low
2025-01-08,11:52,11,Wednesday,3,January,1,12.962767,77.695794,Marathahalli,Vehicle Theft,5,Sunny,High
2026-08-11,11:56,11,Tuesday,2,August,8,12.983966,77.561563,Rajajinagar,Cyber Crime,5,Partly Cloudy,Medium
2026-09-15,10:48,10,Tuesday,2,September,9,13.006134,77.5649,Malleshwaram,Cyber Crime,2,Cloudy,Medium
2025-03-24,07:02,7,Monday,1,March,3,12.989499,77.557485,Rajajinagar,Cyber Crime,2,Cloudy,Low
2026-05-23,09:08,9,Saturday,6,May,5,12.97484,77.749438,Whitefield,Assault,3,Partly Cloudy,High
2025-10-14,20:21,20,Tuesday,2,October,10,13.02398,77.541028,Yeshwanthpur,Fraud,9,Partly Cloudy,High
2025-05-04,18:23,18,Sunday,7,May,5,13.03967,77.598188,Hebbal,Fraud,5,Rainy,Medium
2025-09-16,22:11,22,Tuesday,2,September,9,12.921315,77.614981,BTM Layout,Robbery,6,Partly Cloudy,High
2026-05-20,03:52,3,Wednesday,3,May,5,12.931454,77.551919,Banashankari,Cyber Crime,6,Partly Cloudy,Medium
2026-06-05,13:07,13,Friday,5,June,6,12.978114,77.640753,Indiranagar,Theft,5,Partly Cloudy,Low
2025-08-04,07:42,7,Monday,1,August,8,13.025862,77.543764,Yeshwanthpur,Vehicle Theft,8,Sunny,High
2025-10-03,23:01,23,Friday,5,October,10,12.973229,77.752103,Whitefield,Burglary,6,Rainy,High
2025-05-25,09:05,9,Sunday,7,May,5,12.966163,77.703005,Marathahalli,Assault,5,Rainy,Very High
2026-08-20,02:23,2,Thursday,4,August,8,13.010846,77.566352,Malleshwaram,Vehicle Theft,5,Rainy,Medium
2025-02-16,16:36,16,Sunday,7,February,2,13.035648,77.602425,Hebbal,Assault,2,Rainy,High
2025-12-14,03:01,3,Sunday,7,December,12,12.921436,77.608325,BTM Layout,Missing Person,6,Cloudy,Medium
2026-04-16,11:27,11,Thursday,4,April,4,12.931549,77.592153,Jayanagar,Vehicle Theft,7,Partly Cloudy,Very High
2025-09-08,18:01,18,Monday,1,September,9,12.920785,77.541046,Banashankari,Vandalism,7,Partly Cloudy,High
2025-03-28,11:36,11,Friday,5,March,3,12.906184,77.477658,Kengeri,Vehicle Theft,5,Sunny,High
2026-08-07,04:44,4,Friday,5,August,8,12.912363,77.611681,BTM Layout,Theft,8,Rainy,High
2025-02-02,20:26,20,Sunday,7,February,2,12.936434,77.622706,Koramangala,Theft,8,Sunny,High
2026-06-04,16:32,16,Thursday,4,June,6,12.975908,77.639334,Indiranagar,Accident,1,Rainy,Low
2026-12-02,15:01,15,Wednesday,3,December,12,12.843691,77.657912,Electronic City,Vandalism,3,Cloudy,High
2026-08-23,03:13,3,Sunday,7,August,8,12.959164,77.702486,Marathahalli,Vandalism,9,Cloudy,High
2026-04-04,10:32,10,Saturday,6,April,4,12.922476,77.592819,Jayanagar,Cyber Crime,7,Partly Cloudy,Very High
2025-07-18,15:49,15,Friday,5,July,7,12.972274,77.755208,Whitefield,Missing Person,7,Sunny,Very High
2026-02-27,07:00,7,Friday,5,February,2,12.903737,77.642014,HSR Layout,Assault,4,Rainy,Very High
2026-08-07,02:21,2,Friday,5,August,8,12.961173,77.70213,Marathahalli,Missing Person,4,Partly Cloudy,Low
2026-05-20,16:31,16,Wednesday,3,May,5,13.024739,77.541051,Yeshwanthpur,Robbery,6,Sunny,Very High
2025-12-06,06:22,6,Saturday,6,December,12,12.935132,77.572491,Basavanagudi,Vehicle Theft,2,Partly Cloudy,Low
2026-10-30,12:37,12,Friday,5,October,10,12.913188,77.603722,BTM Layout,Fraud,6,Partly Cloudy,Very High
2025-04-14,02:56,2,Monday,1,April,4,12.915742,77.643706,HSR Layout,Accident,8,Sunny,Low
2025-10-30,21:02,21,Thursday,4,October,10,13.001027,77.566731,Malleshwaram,Cyber Crime,5,Rainy,Medium
2025-09-26,17:09,17,Friday,5,September,9,12.938863,77.628076,Koramangala,Assault,4,Partly Cloudy,Low
2026-04-03,00:41,0,Friday,5,April,4,12.990391,77.548168,Rajajinagar,Assault,8,Sunny,Low
2025-07-11,12:05,12,Friday,5,July,7,12.914861,77.482422,Kengeri,Burglary,8,Partly Cloudy,Very High
2026-01-31,03:19,3,Saturday,6,January,1,12.93564,77.623556,Koramangala,Robbery,8,Cloudy,High
2026-12-11,08:32,8,Friday,5,December,12,12.930247,77.587357,Jayanagar,Robbery,3,Sunny,Medium
2025-01-31,23:04,23,Friday,5,January,1,12.908161,77.645555,HSR Layout,Vandalism,7,Sunny,Very High
2026-09-25,13:32,13,Friday,5,September,9,12.929388,77.540956,Banashankari,Burglary,3,Rainy,Low
2025-11-07,18:48,18,Friday,5,November,11,12.996332,77.558752,Rajajinagar,Accident,8,Partly Cloudy,Very High
2025-03-15,06:12,6,Saturday,6,March,3,12.84784,77.661379,Electronic City,Vandalism,5,Cloudy,Medium
2025-02-17,17:42,17,Monday,1,February,2,12.996202,77.557511,Rajajinagar,Vehicle Theft,2,Rainy,Low
2025-07-09,11:48,11,Wednesday,3,July,7,13.030453,77.539853,Yeshwanthpur,Missing Person,6,Cloudy,Very High
2026-05-14,04:20,4,Thursday,4,May,5,12.985211,77.644451,Indiranagar,Theft,8,Rainy,High
2025-09-01,18:31,18,Monday,1,September,9,12.964375,77.699735,Marathahalli,Assault,8,Cloudy,Very High
2026-10-06,02:24,2,Tuesday,2,October,10,12.919071,77.586399,Jayanagar,Burglary,9,Cloudy,Very High
2026-04-27,11:14,11,Monday,1,April,4,12.847593,77.653261,Electronic City,Vandalism,7,Cloudy,Very High
2025-01-10,22:25,22,Friday,5,January,1,12.910095,77.612232,BTM Layout,Robbery,8,Rainy,Very High
2025-09-28,05:49,5,Sunday,7,September,9,12.915851,77.485666,Kengeri,Accident,7,Partly Cloudy,Very High
2025-05-01,12:33,12,Thursday,4,May,5,12.910261,77.488802,Kengeri,Fraud,5,Sunny,Medium
2026-09-21,22:07,22,Monday,1,September,9,12.915823,77.646261,HSR Layout,Burglary,10,Rainy,Very High
2025-08-26,14:25,14,Tuesday,2,August,8,12.932924,77.625427,Koramangala,Fraud,4,Partly Cloudy,Low
2025-09-28,13:11,13,Sunday,7,September,9,13.035087,77.539592,Yeshwanthpur,Theft,11,Rainy,Very High
2025-05-22,11:02,11,Thursday,4,May,5,12.969375,77.749641,Whitefield,Missing Person,4,Sunny,High
2026-07-23,03:52,3,Thursday,4,July,7,12.910348,77.634115,HSR Layout,Assault,4,Cloudy,Medium
2026-04-06,11:07,11,Monday,1,April,4,12.992176,77.552494,Rajajinagar,Theft,5,Rainy,High
2026-11-07,12:11,12,Saturday,6,November,11,13.00021,77.574242,Malleshwaram,Theft,5,Partly Cloudy,High
2026-04-22,08:41,8,Wednesday,3,April,4,12.926917,77.591309,Jayanagar,Burglary,5,Rainy,Very High
2025-04-13,23:24,23,Sunday,7,April,4,12.92122,77.55237,Banashankari,Missing Person,8,Cloudy,Medium
2026-04-16,13:09,13,Thursday,4,April,4,12.944521,77.582127,Basavanagudi,Theft,7,Partly Cloudy,Low
2025-09-19,06:04,6,Friday,5,September,9,12.99678,77.57052,Malleshwaram,Vandalism,4,Rainy,Low
2026-08-29,19:46,19,Saturday,6,August,8,13.010188,77.570495,Malleshwaram,Cyber Crime,4,Sunny,High
2025-07-01,17:30,17,Tuesday,2,July,7,12.924269,77.543298,Banashankari,Fraud,6,Partly Cloudy,Low
2026-03-09,10:53,10,Monday,1,March,3,12.986054,77.647906,Indiranagar,Missing Person,5,Partly Cloudy,Very High
2026-04-07,05:30,5,Tuesday,2,April,4,12.919038,77.546216,Banashankari,Vehicle Theft,6,Cloudy,High
2026-09-06,23:27,23,Sunday,7,September,9,12.932351,77.595736,Jayanagar,Vandalism,9,Partly Cloudy,Very High
2025-07-27,20:34,20,Sunday,7,July,7,13.030086,77.53648,Yeshwanthpur,Missing Person,5,Cloudy,High
2026-02-10,02:40,2,Tuesday,2,February,2,12.939835,77.625436,Koramangala,Assault,7,Rainy,Low
2026-07-24,23:23,23,Friday,5,July,7,12.949516,77.57228,Basavanagudi,Vandalism,8,Sunny,Low
2025-08-20,07:51,7,Wednesday,3,August,8,12.983167,77.6329,Indiranagar,Vandalism,4,Rainy,Low
2026-08-22,12:23,12,Saturday,6,August,8,12.966331,77.702352,Marathahalli,Accident,7,Cloudy,Medium
2025-05-10,20:23,20,Saturday,6,May,5,12.913378,77.480871,Kengeri,Burglary,10,Partly Cloudy,Low
2025-09-14,11:17,11,Sunday,7,September,9,13.000215,77.567339,Malleshwaram,Vandalism,3,Rainy,Medium
2025-12-24,14:05,14,Wednesday,3,December,12,13.02382,77.53298,Yeshwanthpur,Theft,2,Sunny,Medium
2026-11-12,14:12,14,Thursday,4,November,11,12.945443,77.567554,Basavanagudi,Accident,1,Partly Cloudy,Low
2026-01-01,20:13,20,Thursday,4,January,1,12.977554,77.635816,Indiranagar,Cyber Crime,9,Partly Cloudy,High
2025-08-29,13:46,13,Friday,5,August,8,12.915719,77.477058,Kengeri,Burglary,4,Rainy,High
2025-07-07,07:31,7,Monday,1,July,7,12.910377,77.644917,HSR Layout,Burglary,3,Partly Cloudy,Low
2025-11-20,00:28,0,Thursday,4,November,11,12.842651,77.657159,Electronic City,Fraud,9,Cloudy,Very High
2026-03-30,05:59,5,Monday,1,March,3,12.84867,77.654789,Electronic City,Theft,5,Cloudy,High
2025-12-30,17:10,17,Tuesday,2,December,12,13.036157,77.601851,Hebbal,Missing Person,5,Partly Cloudy,Medium
2025-06-30,20:48,20,Monday,1,June,6,12.918007,77.481021,Kengeri,Assault,12,Cloudy,Very High
2025-11-03,13:45,13,Monday,1,November,11,12.974178,77.634069,Indiranagar,Assault,1,Sunny,Medium
2026-06-01,23:25,23,Monday,1,June,6,12.918797,77.478817,Kengeri,Cyber Crime,3,Rainy,Low
2026-04-24,00:32,0,Friday,5,April,4,12.983759,77.634426,Indiranagar,Robbery,10,Sunny,Very High
2026-07-20,06:58,6,Monday,1,July,7,12.961801,77.750762,Whitefield,Vandalism,4,Rainy,Low
2025-06-24,05:36,5,Tuesday,2,June,6,12.952566,77.703579,Marathahalli,Robbery,5,Sunny,Medium
2025-10-06,18:28,18,Monday,1,October,10,13.033428,77.591207,Hebbal,Burglary,8,Sunny,Very High
2026-04-05,22:33,22,Sunday,7,April,4,12.921687,77.483715,Kengeri,Robbery,9,Partly Cloudy,Very High
2026-09-10,17:01,17,Thursday,4,September,9,12.976815,77.643733,Indiranagar,Robbery,2,Rainy,High
2026-03-15,05:15,5,Sunday,7,March,3,13.03656,77.594264,Hebbal,Burglary,1,Rainy,Low
2025-07-18,22:56,22,Friday,5,July,7,12.981989,77.637777,Indiranagar,Vandalism,5,Rainy,Very High
2025-04-06,23:20,23,Sunday,7,April,4,12.942968,77.567118,Basavanagudi,Theft,5,Sunny,High
2026-09-15,07:41,7,Tuesday,2,September,9,12.920832,77.586419,Jayanagar,Vandalism,5,Sunny,Medium
2025-05-29,18:29,18,Thursday,4,May,5,12.967096,77.750654,Whitefield,Cyber Crime,6,Partly Cloudy,Very High
2025-02-21,07:48,7,Friday,5,February,2,12.923286,77.54545,Banashankari,Cyber Crime,7,Rainy,High
2025-12-07,18:19,18,Sunday,7,December,12,12.970554,77.637325,Indiranagar,Fraud,3,Cloudy,High
2025-07-08,13:14,13,Tuesday,2,July,7,13.024941,77.545439,Yeshwanthpur,Robbery,6,Rainy,Very High
2026-12-21,21:37,21,Monday,1,December,12,12.934288,77.57275,Basavanagudi,Robbery,7,Sunny,Medium
2025-03-07,03:03,3,Friday,5,March,3,12.917868,77.598224,Jayanagar,Assault,4,Sunny,High
2025-10-15,06:52,6,Wednesday,3,October,10,12.964914,77.692591,Marathahalli,Accident,5,Partly Cloudy,Medium
2025-11-21,21:08,21,Friday,5,November,11,12.90717,77.489112,Kengeri,Vandalism,2,Rainy,Medium
2026-09-20,07:55,7,Sunday,7,September,9,13.022846,77.538208,Yeshwanthpur,Vehicle Theft,2,Rainy,Medium
2026-06-01,17:30,17,Monday,1,June,6,12.959969,77.703435,Marathahalli,Cyber Crime,3,Partly Cloudy,Medium
2025-07-10,03:31,3,Thursday,4,July,7,13.020159,77.535615,Yeshwanthpur,Cyber Crime,7,Partly Cloudy,Low
2025-10-14,10:33,10,Tuesday,2,October,10,12.985602,77.556734,Rajajinagar,Assault,4,Sunny,Low
2026-02-17,11:01,11,Tuesday,2,February,2,12.9218,77.598284,Jayanagar,Cyber Crime,1,Sunny,Low
2025-05-12,01:44,1,Monday,1,May,5,12.926028,77.596404,Jayanagar,Theft,6,Sunny,Low
2025-08-11,15:47,15,Monday,1,August,8,12.993919,77.551212,Rajajinagar,Fraud,8,Rainy,Very High
2026-07-16,06:26,6,Thursday,4,July,7,12.958224,77.690977,Marathahalli,Missing Person,6,Rainy,High
2025-05-11,02:38,2,Sunday,7,May,5,13.001849,77.566281,Malleshwaram,Robbery,6,Rainy,Low
2025-05-18,03:11,3,Sunday,7,May,5,12.927055,77.545199,Banashankari,Accident,7,Sunny,Medium
2026-08-12,15:09,15,Wednesday,3,August,8,12.966828,77.697988,Marathahalli,Burglary,4,Sunny,Low
2026-07-12,01:09,1,Sunday,7,July,7,12.919104,77.594504,Jayanagar,Vandalism,5,Partly Cloudy,Medium
2025-03-27,17:19,17,Thursday,4,March,3,12.931617,77.619188,Koramangala,Vandalism,6,Sunny,High
2025-03-28,14:41,14,Friday,5,March,3,12.952818,77.702513,Marathahalli,Burglary,7,Partly Cloudy,Very High
2025-02-06,16:19,16,Thursday,4,February,2,13.033199,77.545952,Yeshwanthpur,Vandalism,3,Partly Cloudy,High
2026-04-17,19:08,19,Friday,5,April,4,12.96682,77.695215,Marathahalli,Robbery,9,Sunny,Very High
2026-07-03,17:26,17,Friday,5,July,7,12.990534,77.548832,Rajajinagar,Accident,4,Cloudy,Medium
2025-06-18,23:05,23,Wednesday,3,June,6,13.024499,77.53525,Yeshwanthpur,Cyber Crime,7,Rainy,High
2025-12-06,09:01,9,Saturday,6,December,12,12.983279,77.641276,Indiranagar,Accident,4,Rainy,Medium
2025-09-02,04:00,4,Tuesday,2,September,9,12.935176,77.576725,Basavanagudi,Theft,3,Sunny,Medium
2026-06-27,10:17,10,Saturday,6,June,6,12.845831,77.668161,Electronic City,Theft,7,Rainy,High
2026-08-18,06:55,6,Tuesday,2,August,8,13.032953,77.534618,Yeshwanthpur,Theft,3,Rainy,Low
2026-02-01,13:08,13,Sunday,7,February,2,12.960801,77.701947,Marathahalli,Vandalism,4,Rainy,High
2026-07-24,14:58,14,Friday,5,July,7,12.959736,77.704796,Marathahalli,Vehicle Theft,1,Sunny,Low
2025-06-10,02:23,2,Tuesday,2,June,6,12.944277,77.567274,Basavanagudi,Theft,6,Rainy,Medium
2026-08-01,18:45,18,Saturday,6,August,8,12.943236,77.570732,Basavanagudi,Cyber Crime,6,Partly Cloudy,Medium
2025-10-24,20:40,20,Friday,5,October,10,12.968261,77.746562,Whitefield,Vehicle Theft,10,Rainy,Low
2026-06-15,20:37,20,Monday,1,June,6,12.919973,77.482892,Kengeri,Vandalism,9,Partly Cloudy,Medium
2026-08-23,00:01,0,Sunday,7,August,8,13.03277,77.544694,Yeshwanthpur,Cyber Crime,7,Partly Cloudy,High
2026-02-24,05:17,5,Tuesday,2,February,2,12.917872,77.595963,Jayanagar,Robbery,1,Rainy,Low
2026-06-29,15:20,15,Monday,1,June,6,12.927712,77.627301,Koramangala,Burglary,3,Partly Cloudy,Very High
2026-10-19,23:51,23,Monday,1,October,10,13.032126,77.543549,Yeshwanthpur,Accident,10,Sunny,Very High
2025-07-25,19:22,19,Friday,5,July,7,12.927451,77.550104,Banashankari,Assault,5,Rainy,Low
2025-11-12,11:53,11,Wednesday,3,November,11,12.987699,77.556999,Rajajinagar,Vandalism,5,Sunny,Medium
2025-03-21,12:22,12,Friday,5,March,3,12.969051,77.749437,Whitefield,Vehicle Theft,9,Rainy,Very High
2025-08-21,06:56,6,Thursday,4,August,8,13.004116,77.568877,Malleshwaram,Accident,5,Cloudy,High
2026-05-13,23:39,23,Wednesday,3,May,5,12.992566,77.561265,Rajajinagar,Vehicle Theft,9,Partly Cloudy,Medium
2025-04-04,13:17,13,Friday,5,April,4,12.909519,77.60943,BTM Layout,Missing Person,4,Partly Cloudy,Medium
2025-08-28,07:03,7,Thursday,4,August,8,12.917732,77.593382,Jayanagar,Vandalism,3,Rainy,Low
2025-08-21,20:35,20,Thursday,4,August,8,12.993684,77.562584,Rajajinagar,Burglary,5,Rainy,Low
2025-12-16,22:48,22,Tuesday,2,December,12,12.93261,77.543027,Banashankari,Fraud,8,Sunny,High
2026-12-06,23:34,23,Sunday,7,December,12,13.025166,77.546812,Yeshwanthpur,Assault,8,Partly Cloudy,Medium
2025-01-30,08:54,8,Thursday,4,January,1,13.040163,77.595315,Hebbal,Fraud,6,Partly Cloudy,Low
2026-12-19,09:16,9,Saturday,6,December,12,12.992522,77.561928,Rajajinagar,Theft,7,Rainy,Very High
2025-07-09,03:40,3,Wednesday,3,July,7,13.032933,77.604214,Hebbal,Theft,9,Sunny,High
2025-06-07,07:42,7,Saturday,6,June,6,12.951732,77.704009,Marathahalli,Burglary,5,Partly Cloudy,Very High
2026-12-05,06:53,6,Saturday,6,December,12,12.995871,77.550182,Rajajinagar,Vandalism,4,Cloudy,Medium
2025-11-05,08:33,8,Wednesday,3,November,11,13.034996,77.600793,Hebbal,Vandalism,1,Cloudy,Low
2025-09-22,00:51,0,Monday,1,September,9,12.933236,77.540475,Banashankari,Assault,4,Partly Cloudy,Very High
2026-01-05,00:37,0,Monday,1,January,1,12.970713,77.746158,Whitefield,Cyber Crime,13,Partly Cloudy,Very High
2025-07-07,09:33,9,Monday,1,July,7,12.969279,77.748088,Whitefield,Theft,8,Rainy,High
2026-08-29,05:23,5,Saturday,6,August,8,12.984646,77.646196,Indiranagar,Robbery,4,Sunny,High
2025-08-12,15:27,15,Tuesday,2,August,8,12.920637,77.592061,Jayanagar,Fraud,8,Rainy,Very High
2026-05-03,23:33,23,Sunday,7,May,5,13.025341,77.540211,Yeshwanthpur,Cyber Crime,8,Cloudy,High
2026-12-31,21:22,21,Thursday,4,December,12,12.848932,77.664828,Electronic City,Vehicle Theft,8,Sunny,Low
2026-03-17,15:28,15,Tuesday,2,March,3,12.914196,77.639928,HSR Layout,Theft,9,Rainy,High
2025-07-13,19:59,19,Sunday,7,July,7,12.85218,77.658406,Electronic City,Theft,4,Cloudy,High
2026-05-20,22:47,22,Wednesday,3,May,5,12.845662,77.655683,Electronic City,Assault,9,Sunny,High
2025-05-29,19:03,19,Thursday,4,May,5,12.97049,77.743559,Whitefield,Vehicle Theft,4,Partly Cloudy,High
2026-04-03,08:15,8,Friday,5,April,4,12.918888,77.596208,Jayanagar,Assault,4,Cloudy,Very High
2026-07-03,00:59,0,Friday,5,July,7,12.988989,77.555104,Rajajinagar,Robbery,9,Cloudy,Medium
2026-05-13,19:02,19,Wednesday,3,May,5,12.996474,77.553935,Rajajinagar,Vandalism,4,Sunny,High
2025-01-20,23:45,23,Monday,1,January,1,12.96252,77.694096,Marathahalli,Vandalism,5,Rainy,Low
2025-08-02,04:05,4,Saturday,6,August,8,12.917085,77.589515,Jayanagar,Cyber Crime,9,Partly Cloudy,Very High
2025-10-23,21:26,21,Thursday,4,October,10,12.998677,77.569973,Malleshwaram,Accident,7,Partly Cloudy,Low
2025-09-05,12:10,12,Friday,5,September,9,12.94155,77.626279,Koramangala,Missing Person,2,Partly Cloudy,Medium
2025-09-21,14:43,14,Sunday,7,September,9,12.977489,77.635144,Indiranagar,Assault,10,Sunny,Very High
2026-10-17,16:23,16,Saturday,6,October,10,12.968227,77.748132,Whitefield,Theft,11,Cloudy,High
2026-12-11,16:44,16,Friday,5,December,12,12.998622,77.561828,Rajajinagar,Missing Person,9,Rainy,Very High
2026-12-05,09:20,9,Saturday,6,December,12,12.907657,77.474009,Kengeri,Fraud,9,Sunny,Very High
2026-04-18,09:32,9,Saturday,6,April,4,12.932765,77.551257,Banashankari,Accident,1,Sunny,Medium
2025-11-21,04:07,4,Friday,5,November,11,12.932478,77.630817,Koramangala,Vehicle Theft,7,Sunny,Medium
2025-12-10,02:46,2,Wednesday,3,December,12,12.917463,77.601156,Jayanagar,Burglary,7,Partly Cloudy,Medium
2026-10-02,01:17,1,Friday,5,October,10,12.972957,77.645538,Indiranagar,Accident,10,Cloudy,Very High
2026-10-17,12:19,12,Saturday,6,October,10,13.042558,77.602213,Hebbal,Vehicle Theft,9,Cloudy,Very High
2026-08-06,02:42,2,Thursday,4,August,8,12.963779,77.695888,Marathahalli,Robbery,6,Sunny,Low
2026-09-03,11:02,11,Thursday,4,September,9,12.924599,77.614979,BTM Layout,Burglary,4,Cloudy,Medium
2025-02-06,06:29,6,Thursday,4,February,2,12.923364,77.594243,Jayanagar,Fraud,6,Partly Cloudy,High
2025-02-12,17:21,17,Wednesday,3,February,2,12.918359,77.599729,Jayanagar,Robbery,4,Cloudy,Very High
2025-07-17,03:40,3,Thursday,4,July,7,13.032898,77.540698,Yeshwanthpur,Missing Person,3,Rainy,Medium
2025-04-22,18:59,18,Tuesday,2,April,4,12.906475,77.480621,Kengeri,Assault,7,Sunny,Very High
2025-07-29,00:33,0,Tuesday,2,July,7,12.944791,77.581152,Basavanagudi,Vehicle Theft,8,Rainy,Very High
2025-12-22,00:55,0,Monday,1,December,12,13.000711,77.576316,Malleshwaram,Fraud,9,Cloudy,Medium
2026-11-11,01:01,1,Wednesday,3,November,11,13.032861,77.59217,Hebbal,Robbery,6,Sunny,Low
2025-01-05,14:06,14,Sunday,7,January,1,12.925227,77.599952,Jayanagar,Burglary,7,Cloudy,Very High
2025-10-12,07:10,7,Sunday,7,October,10,12.924567,77.585738,Jayanagar,Theft,7,Partly Cloudy,Medium
2025-05-03,22:05,22,Saturday,6,May,5,12.920298,77.617748,BTM Layout,Vandalism,9,Sunny,High
2025-08-12,03:53,3,Tuesday,2,August,8,12.923216,77.553036,Banashankari,Burglary,7,Rainy,Very High
2026-01-11,02:10,2,Sunday,7,January,1,12.936818,77.577489,Basavanagudi,Vehicle Theft,12,Partly Cloudy,Very High
2026-12-28,15:20,15,Monday,1,December,12,12.97829,77.636121,Indiranagar,Accident,1,Rainy,Medium
2026-05-16,07:48,7,Saturday,6,May,5,13.029004,77.539757,Yeshwanthpur,Burglary,6,Cloudy,High
2025-05-02,14:31,14,Friday,5,May,5,12.99136,77.560084,Rajajinagar,Assault,5,Rainy,Medium
2025-05-07,07:03,7,Wednesday,3,May,5,12.972682,77.637871,Indiranagar,Vehicle Theft,3,Rainy,Low
2026-06-18,05:45,5,Thursday,4,June,6,12.970471,77.747955,Whitefield,Fraud,2,Partly Cloudy,Medium
2025-10-17,19:15,19,Friday,5,October,10,12.93675,77.573946,Basavanagudi,Accident,1,Partly Cloudy,Medium
2026-02-24,09:55,9,Tuesday,2,February,2,13.042518,77.599356,Hebbal,Missing Person,5,Cloudy,Medium
2025-05-18,14:04,14,Sunday,7,May,5,12.919131,77.603505,BTM Layout,Accident,3,Partly Cloudy,Low
2025-05-24,03:38,3,Saturday,6,May,5,13.030116,77.598152,Hebbal,Assault,6,Rainy,Low
2026-07-24,11:20,11,Friday,5,July,7,12.938458,77.618384,Koramangala,Burglary,5,Sunny,Low
2026-02-07,00:12,0,Saturday,6,February,2,12.934294,77.579085,Basavanagudi,Vandalism,6,Cloudy,Medium
2025-10-04,15:32,15,Saturday,6,October,10,12.984137,77.643685,Indiranagar,Cyber Crime,9,Rainy,Very High
2025-01-11,14:35,14,Saturday,6,January,1,13.042136,77.604344,Hebbal,Missing Person,3,Partly Cloudy,High
2025-01-20,17:29,17,Monday,1,January,1,12.911376,77.609101,BTM Layout,Assault,2,Partly Cloudy,Low
2025-08-28,01:38,1,Thursday,4,August,8,12.918352,77.548196,Banashankari,Burglary,7,Sunny,Medium
2026-12-28,23:59,23,Monday,1,December,12,13.033665,77.547018,Yeshwanthpur,Accident,4,Cloudy,Medium
2025-11-13,21:33,21,Thursday,4,November,11,12.913552,77.643491,HSR Layout,Vandalism,6,Partly Cloudy,Very High
2025-11-05,04:22,4,Wednesday,3,November,11,12.919757,77.590922,Jayanagar,Assault,8,Partly Cloudy,Medium
2025-08-05,13:52,13,Tuesday,2,August,8,12.93978,77.628383,Koramangala,Missing Person,1,Partly Cloudy,Medium
2026-09-20,13:47,13,Sunday,7,September,9,12.852518,77.655685,Electronic City,Burglary,4,Sunny,Very High
2025-05-06,16:34,16,Tuesday,2,May,5,12.953241,77.693423,Marathahalli,Missing Person,5,Sunny,Medium
2026-06-19,16:59,16,Friday,5,June,6,12.984041,77.646791,Indiranagar,Accident,1,Cloudy,Low
2026-11-23,12:17,12,Monday,1,November,11,12.911376,77.608434,BTM Layout,Missing Person,4,Cloudy,High
2026-03-13,18:11,18,Friday,5,March,3,12.913662,77.602399,BTM Layout,Vehicle Theft,6,Sunny,High
2026-08-19,05:17,5,Wednesday,3,August,8,12.92226,77.598364,Jayanagar,Vandalism,3,Rainy,Very High
2025-10-03,17:45,17,Friday,5,October,10,13.03546,77.589654,Hebbal,Burglary,3,Rainy,Very High
2025-01-23,21:05,21,Thursday,4,January,1,12.920291,77.613558,BTM Layout,Robbery,8,Cloudy,Medium
2025-06-05,16:50,16,Thursday,4,June,6,12.980473,77.640669,Indiranagar,Cyber Crime,4,Sunny,Very High
2026-11-18,08:39,8,Wednesday,3,November,11,12.909956,77.47561,Kengeri,Assault,5,Sunny,Low
2025-06-26,17:55,17,Thursday,4,June,6,12.996982,77.575171,Malleshwaram,Accident,4,Rainy,Low
2025-06-19,04:40,4,Thursday,4,June,6,12.991909,77.547799,Rajajinagar,Fraud,9,Partly Cloudy,High
2025-10-20,02:27,2,Monday,1,October,10,12.989485,77.548104,Rajajinagar,Assault,7,Partly Cloudy,Very High
2026-08-18,08:40,8,Tuesday,2,August,8,12.927619,77.587395,Jayanagar,Theft,3,Partly Cloudy,Medium
2026-07-25,19:09,19,Saturday,6,July,7,12.919421,77.597082,Jayanagar,Vehicle Theft,7,Cloudy,Medium
2025-06-03,15:42,15,Tuesday,2,June,6,12.947237,77.567163,Basavanagudi,Accident,5,Sunny,High
2025-10-02,16:25,16,Thursday,4,October,10,13.030108,77.589523,Hebbal,Vandalism,6,Cloudy,Very High
2026-07-02,16:56,16,Thursday,4,July,7,13.035617,77.540786,Yeshwanthpur,Cyber Crime,4,Sunny,Medium
2026-04-21,11:50,11,Tuesday,2,April,4,13.033443,77.594111,Hebbal,Fraud,5,Cloudy,High
2025-10-31,06:09,6,Friday,5,October,10,12.989143,77.54936,Rajajinagar,Vehicle Theft,6,Rainy,Medium
2026-12-24,15:53,15,Thursday,4,December,12,12.909247,77.487245,Kengeri,Missing Person,4,Sunny,Very High
2025-02-07,01:15,1,Friday,5,February,2,12.924508,77.545386,Banashankari,Theft,8,Cloudy,High
2026-08-12,01:43,1,Wednesday,3,August,8,12.939052,77.621368,Koramangala,Accident,6,Partly Cloudy,Very High
2025-04-08,09:44,9,Tuesday,2,April,4,12.84341,77.666805,Electronic City,Cyber Crime,3,Partly Cloudy,Medium
2026-01-16,23:10,23,Friday,5,January,1,13.030046,77.543294,Yeshwanthpur,Burglary,8,Cloudy,High
2026-03-17,07:40,7,Tuesday,2,March,3,12.918731,77.600678,Jayanagar,Robbery,6,Cloudy,Very High
2026-02-15,23:00,23,Sunday,7,February,2,12.997574,77.556412,Rajajinagar,Robbery,3,Sunny,Low
2026-07-30,12:52,12,Thursday,4,July,7,12.852049,77.658594,Electronic City,Vehicle Theft,5,Partly Cloudy,Medium
2026-06-16,23:31,23,Tuesday,2,June,6,12.914956,77.642568,HSR Layout,Theft,8,Partly Cloudy,Low
2026-01-17,05:55,5,Saturday,6,January,1,12.940954,77.570535,Basavanagudi,Theft,6,Rainy,Very High
2025-09-04,11:43,11,Thursday,4,September,9,13.032528,77.533335,Yeshwanthpur,Assault,3,Sunny,Medium
2026-02-23,17:23,17,Monday,1,February,2,12.993821,77.560285,Rajajinagar,Vehicle Theft,3,Sunny,Medium
2025-01-12,04:04,4,Sunday,7,January,1,12.920288,77.483561,Kengeri,Robbery,7,Partly Cloudy,High
2025-07-28,00:07,0,Monday,1,July,7,12.984286,77.648559,Indiranagar,Assault,6,Sunny,High
2026-07-20,11:45,11,Monday,1,July,7,12.928964,77.554782,Banashankari,Theft,4,Rainy,Medium
2026-07-11,04:16,4,Saturday,6,July,7,13.035036,77.592681,Hebbal,Assault,6,Sunny,Low
2026-04-12,13:33,13,Sunday,7,April,4,12.987713,77.54744,Rajajinagar,Burglary,6,Sunny,Very High
2026-03-16,11:09,11,Monday,1,March,3,12.9431,77.578852,Basavanagudi,Theft,2,Partly Cloudy,Low
2025-04-12,05:01,5,Saturday,6,April,4,12.935763,77.581264,Basavanagudi,Theft,3,Partly Cloudy,Low
2026-02-23,18:40,18,Monday,1,February,2,12.846086,77.656118,Electronic City,Vandalism,3,Rainy,Low
2025-08-19,16:27,16,Tuesday,2,August,8,12.929435,77.599248,Jayanagar,Missing Person,3,Sunny,High
2026-01-11,10:44,10,Sunday,7,January,1,12.953233,77.702195,Marathahalli,Vandalism,4,Partly Cloudy,Very High
2026-06-23,22:25,22,Tuesday,2,June,6,12.930677,77.542956,Banashankari,Cyber Crime,7,Sunny,High
2026-09-12,17:26,17,Saturday,6,September,9,12.958652,77.697554,Marathahalli,Burglary,6,Partly Cloudy,Medium
2026-03-20,22:40,22,Friday,5,March,3,12.843446,77.657687,Electronic City,Assault,9,Sunny,Very High
2026-10-04,10:39,10,Sunday,7,October,10,12.929083,77.59898,Jayanagar,Vehicle Theft,5,Sunny,High
2025-07-15,07:47,7,Tuesday,2,July,7,12.966138,77.74456,Whitefield,Theft,6,Cloudy,Very High
2025-02-24,00:57,0,Monday,1,February,2,12.922453,77.545495,Banashankari,Vehicle Theft,11,Partly Cloudy,Very High
2025-03-29,07:38,7,Saturday,6,March,3,12.918701,77.606487,BTM Layout,Vehicle Theft,4,Partly Cloudy,Low
2026-06-17,03:05,3,Wednesday,3,June,6,13.034044,77.547519,Yeshwanthpur,Missing Person,9,Cloudy,High
2025-11-07,00:46,0,Friday,5,November,11,12.931374,77.630147,Koramangala,Missing Person,6,Rainy,Very High
2026-02-28,21:36,21,Saturday,6,February,2,12.924398,77.540235,Banashankari,Vandalism,8,Sunny,Very High
2025-10-05,11:26,11,Sunday,7,October,10,12.974127,77.756561,Whitefield,Burglary,8,Sunny,High
2026-10-04,07:25,7,Sunday,7,October,10,13.007678,77.567892,Malleshwaram,Fraud,8,Cloudy,High
2025-06-04,11:02,11,Wednesday,3,June,6,12.851258,77.66816,Electronic City,Robbery,2,Rainy,Medium
2025-03-20,23:51,23,Thursday,4,March,3,13.02669,77.532425,Yeshwanthpur,Accident,6,Partly Cloudy,Very High
2025-06-25,17:38,17,Wednesday,3,June,6,12.931445,77.623097,Koramangala,Burglary,3,Rainy,Medium
2026-08-17,18:25,18,Monday,1,August,8,13.020946,77.546895,Yeshwanthpur,Missing Person,4,Cloudy,Medium
2026-03-22,14:26,14,Sunday,7,March,3,12.989533,77.559051,Rajajinagar,Theft,5,Sunny,High
2025-09-19,11:54,11,Friday,5,September,9,12.9986,77.553215,Rajajinagar,Theft,7,Cloudy,Medium
2026-04-13,17:26,17,Monday,1,April,4,12.984258,77.550881,Rajajinagar,Cyber Crime,2,Cloudy,Low
2025-06-10,20:44,20,Tuesday,2,June,6,12.940866,77.625456,Koramangala,Accident,6,Sunny,Low
2026-10-03,02:51,2,Saturday,6,October,10,12.93364,77.574438,Basavanagudi,Burglary,5,Sunny,Medium
2025-05-02,21:03,21,Friday,5,May,5,12.980954,77.646743,Indiranagar,Assault,6,Partly Cloudy,Low
2026-08-02,16:54,16,Sunday,7,August,8,12.995842,77.56254,Rajajinagar,Burglary,2,Partly Cloudy,Low
2026-03-26,11:10,11,Thursday,4,March,3,12.973118,77.647552,Indiranagar,Missing Person,7,Cloudy,Very High
2025-09-29,14:06,14,Monday,1,September,9,13.000876,77.563893,Malleshwaram,Missing Person,3,Partly Cloudy,Medium
2026-05-29,13:51,13,Friday,5,May,5,12.973521,77.645661,Indiranagar,Vandalism,7,Rainy,High
2025-09-27,16:51,16,Saturday,6,September,9,13.004907,77.564181,Malleshwaram,Missing Person,7,Sunny,High
2025-11-07,10:55,10,Friday,5,November,11,12.90966,77.483871,Kengeri,Cyber Crime,4,Rainy,High
2026-04-16,21:45,21,Thursday,4,April,4,12.981171,77.643059,Indiranagar,Assault,9,Cloudy,Very High
2025-07-19,02:34,2,Saturday,6,July,7,12.940298,77.618543,Koramangala,Vandalism,4,Partly Cloudy,Low
2026-09-21,13:10,13,Monday,1,September,9,12.960912,77.694436,Marathahalli,Theft,7,Cloudy,High
2026-05-21,04:16,4,Thursday,4,May,5,12.991935,77.556204,Rajajinagar,Vandalism,6,Cloudy,Low
2026-12-30,15:08,15,Wednesday,3,December,12,12.925315,77.596827,Jayanagar,Assault,6,Sunny,High
2025-03-28,18:41,18,Friday,5,March,3,13.037338,77.589006,Hebbal,Cyber Crime,6,Sunny,High
2025-06-13,07:22,7,Friday,5,June,6,12.914283,77.60406,BTM Layout,Assault,9,Rainy,Very High
2025-01-31,13:17,13,Friday,5,January,1,12.977849,77.643819,Indiranagar,Accident,6,Rainy,High
2026-03-24,02:03,2,Tuesday,2,March,3,12.929799,77.596986,Jayanagar,Robbery,10,Rainy,High
2025-08-20,13:49,13,Wednesday,3,August,8,12.849594,77.654803,Electronic City,Fraud,6,Rainy,High
2025-08-21,11:55,11,Thursday,4,August,8,13.03468,77.536173,Yeshwanthpur,Assault,4,Rainy,Medium
2026-01-07,22:43,22,Wednesday,3,January,1,13.003249,77.571196,Malleshwaram,Fraud,7,Rainy,High
2026-09-27,05:16,5,Sunday,7,September,9,12.939779,77.626109,Koramangala,Theft,7,Sunny,High
2026-09-21,07:10,7,Monday,1,September,9,12.937075,77.570551,Basavanagudi,Theft,6,Cloudy,Medium
2026-05-02,05:02,5,Saturday,6,May,5,12.914308,77.475066,Kengeri,Fraud,4,Partly Cloudy,Low
2026-07-08,21:55,21,Wednesday,3,July,7,12.986857,77.560008,Rajajinagar,Fraud,8,Partly Cloudy,Medium
2025-06-04,11:31,11,Wednesday,3,June,6,12.942796,77.618624,Koramangala,Fraud,5,Rainy,Medium
2026-07-01,03:37,3,Wednesday,3,July,7,12.942926,77.619609,Koramangala,Theft,10,Cloudy,Low
2025-08-02,03:24,3,Saturday,6,August,8,12.842123,77.662195,Electronic City,Robbery,7,Sunny,Low
2026-02-04,03:33,3,Wednesday,3,February,2,12.932605,77.545909,Banashankari,Assault,8,Rainy,High
2026-09-16,03:53,3,Wednesday,3,September,9,12.912978,77.476478,Kengeri,Vehicle Theft,5,Sunny,Medium
2025-03-07,11:54,11,Friday,5,March,3,12.929747,77.592996,Jayanagar,Missing Person,7,Sunny,Very High
2026-11-10,12:55,12,Tuesday,2,November,11,12.921183,77.59866,Jayanagar,Missing Person,3,Cloudy,Medium
2025-09-10,04:00,4,Wednesday,3,September,9,12.922089,77.489973,Kengeri,Fraud,5,Rainy,Low
2025-08-17,06:17,6,Sunday,7,August,8,12.914652,77.632474,HSR Layout,Assault,1,Rainy,Low
2026-04-20,21:16,21,Monday,1,April,4,12.972563,77.753857,Whitefield,Robbery,5,Sunny,Very High
2026-08-18,05:17,5,Tuesday,2,August,8,12.971758,77.747811,Whitefield,Vandalism,6,Sunny,Very High
2026-10-15,18:41,18,Thursday,4,October,10,13.005747,77.567421,Malleshwaram,Vandalism,7,Rainy,High
2026-05-11,08:06,8,Monday,1,May,5,13.003867,77.566072,Malleshwaram,Robbery,3,Cloudy,High
2026-10-27,14:54,14,Tuesday,2,October,10,12.948205,77.568769,Basavanagudi,Assault,4,Rainy,Medium
2026-05-12,02:42,2,Tuesday,2,May,5,12.910314,77.638932,HSR Layout,Vandalism,5,Cloudy,High
2025-07-28,09:52,9,Monday,1,July,7,12.924328,77.614578,BTM Layout,Fraud,3,Partly Cloudy,Low
2025-12-24,21:09,21,Wednesday,3,December,12,12.915638,77.47413,Kengeri,Cyber Crime,4,Partly Cloudy,High
2026-03-28,09:42,9,Saturday,6,March,3,12.919459,77.604966,BTM Layout,Robbery,8,Rainy,High
2025-08-30,03:15,3,Saturday,6,August,8,13.037872,77.595448,Hebbal,Theft,6,Partly Cloudy,Medium
2026-09-15,04:34,4,Tuesday,2,September,9,12.966878,77.756316,Whitefield,Cyber Crime,7,Rainy,Low
2025-07-11,01:19,1,Friday,5,July,7,12.969119,77.753921,Whitefield,Theft,12,Cloudy,Very High
2025-05-01,01:33,1,Thursday,4,May,5,12.915043,77.487742,Kengeri,Theft,9,Cloudy,Medium
2026-10-14,21:44,21,Wednesday,3,October,10,12.921235,77.483216,Kengeri,Robbery,6,Sunny,High
2025-07-01,19:04,19,Tuesday,2,July,7,13.032737,77.535265,Yeshwanthpur,Vehicle Theft,4,Sunny,Low
2026-12-31,08:13,8,Thursday,4,December,12,12.913979,77.479174,Kengeri,Assault,2,Sunny,Low
2026-04-14,23:11,23,Tuesday,2,April,4,12.97655,77.638995,Indiranagar,Burglary,9,Sunny,Very High
2025-09-01,11:59,11,Monday,1,September,9,12.915677,77.476507,Kengeri,Fraud,2,Rainy,Low
2025-01-12,05:40,5,Sunday,7,January,1,13.032009,77.533939,Yeshwanthpur,Fraud,7,Cloudy,Low
2025-09-05,15:23,15,Friday,5,September,9,12.938433,77.568878,Basavanagudi,Missing Person,4,Cloudy,High
2025-05-09,02:13,2,Friday,5,May,5,12.975917,77.754759,Whitefield,Accident,7,Cloudy,Low
2026-03-24,04:49,4,Tuesday,2,March,3,12.924912,77.552646,Banashankari,Vandalism,9,Rainy,High
2025-10-07,15:11,15,Tuesday,2,October,10,12.914355,77.60637,BTM Layout,Vehicle Theft,6,Partly Cloudy,High
2025-07-27,11:08,11,Sunday,7,July,7,13.010847,77.568405,Malleshwaram,Theft,4,Partly Cloudy,Low
2025-04-04,06:46,6,Friday,5,April,4,12.917105,77.489927,Kengeri,Robbery,5,Rainy,Medium
2026-04-10,15:19,15,Friday,5,April,4,12.998713,77.559829,Rajajinagar,Vehicle Theft,2,Rainy,Medium
2025-05-31,12:46,12,Saturday,6,May,5,13.02896,77.546636,Yeshwanthpur,Assault,8,Partly Cloudy,Very High
2026-11-03,18:59,18,Tuesday,2,November,11,12.997069,77.571167,Malleshwaram,Vandalism,1,Sunny,Low
2026-07-04,12:47,12,Saturday,6,July,7,12.925576,77.599281,Jayanagar,Missing Person,7,Sunny,High
2026-06-07,16:34,16,Sunday,7,June,6,12.919353,77.634533,HSR Layout,Fraud,11,Cloudy,Very High
2025-05-16,01:50,1,Friday,5,May,5,12.926946,77.544036,Banashankari,Theft,11,Partly Cloudy,Very High
2026-05-13,18:27,18,Wednesday,3,May,5,12.915163,77.633457,HSR Layout,Fraud,9,Partly Cloudy,Very High
2026-10-29,07:30,7,Thursday,4,October,10,12.976627,77.742008,Whitefield,Robbery,5,Sunny,Low
2025-11-04,09:14,9,Tuesday,2,November,11,12.943197,77.617946,Koramangala,Accident,2,Partly Cloudy,Medium
2026-02-06,06:47,6,Friday,5,February,2,12.924211,77.585708,Jayanagar,Burglary,1,Rainy,Medium
2026-12-22,10:33,10,Tuesday,2,December,12,12.966431,77.750697,Whitefield,Assault,4,Cloudy,Low
2025-11-10,00:11,0,Monday,1,November,11,12.918729,77.553409,Banashankari,Fraud,4,Rainy,Low
2026-02-12,14:10,14,Thursday,4,February,2,12.919672,77.604126,BTM Layout,Accident,4,Cloudy,Very High
2026-01-18,07:10,7,Sunday,7,January,1,12.979363,77.643188,Indiranagar,Burglary,7,Partly Cloudy,Very High
2025-05-24,08:21,8,Saturday,6,May,5,12.912672,77.483285,Kengeri,Vandalism,8,Partly Cloudy,Very High
2025-11-13,10:06,10,Thursday,4,November,11,12.937184,77.624176,Koramangala,Vehicle Theft,7,Partly Cloudy,Very High
2026-05-19,05:34,5,Tuesday,2,May,5,12.930836,77.554624,Banashankari,Missing Person,2,Partly Cloudy,Low
2026-06-13,07:50,7,Saturday,6,June,6,12.920308,77.60342,BTM Layout,Burglary,5,Cloudy,Medium
2026-04-29,03:55,3,Wednesday,3,April,4,13.027774,77.544371,Yeshwanthpur,Accident,6,Sunny,Low
2026-12-01,21:13,21,Tuesday,2,December,12,12.914191,77.608332,BTM Layout,Missing Person,9,Rainy,Very High
2025-06-09,09:20,9,Monday,1,June,6,12.922123,77.615445,BTM Layout,Missing Person,5,Cloudy,Very High
2025-10-14,08:47,8,Tuesday,2,October,10,13.000927,77.570425,Malleshwaram,Vandalism,6,Partly Cloudy,High
2026-05-01,00:18,0,Friday,5,May,5,12.95544,77.700039,Marathahalli,Burglary,7,Partly Cloudy,High
2025-12-03,19:44,19,Wednesday,3,December,12,13.027084,77.543435,Yeshwanthpur,Vehicle Theft,8,Partly Cloudy,Very High
2025-05-20,09:20,9,Tuesday,2,May,5,12.922728,77.614914,BTM Layout,Missing Person,8,Partly Cloudy,Very High
2026-07-21,19:15,19,Tuesday,2,July,7,12.917145,77.608841,BTM Layout,Accident,3,Sunny,High
2026-10-19,04:53,4,Monday,1,October,10,12.941518,77.623409,Koramangala,Missing Person,6,Sunny,High
2026-12-20,23:48,23,Sunday,7,December,12,12.841548,77.65865,Electronic City,Assault,14,Sunny,Very High
2025-08-31,22:35,22,Sunday,7,August,8,12.968263,77.755969,Whitefield,Vehicle Theft,8,Rainy,Very High
2025-06-23,13:04,13,Monday,1,June,6,12.910048,77.632857,HSR Layout,Burglary,7,Rainy,High
2026-05-12,04:38,4,Tuesday,2,May,5,12.915874,77.606805,BTM Layout,Burglary,3,Rainy,High
2025-07-06,09:07,9,Sunday,7,July,7,13.030267,77.54321,Yeshwanthpur,Vehicle Theft,8,Sunny,Low
2026-02-15,09:01,9,Sunday,7,February,2,12.84225,77.666766,Electronic City,Theft,3,Sunny,Low
2025-11-14,04:40,4,Friday,5,November,11,12.999171,77.563002,Malleshwaram,Robbery,5,Rainy,Low
2026-01-13,20:07,20,Tuesday,2,January,1,13.001157,77.56776,Malleshwaram,Vehicle Theft,10,Rainy,High
2026-12-22,23:56,23,Tuesday,2,December,12,12.999922,77.569842,Malleshwaram,Vandalism,9,Partly Cloudy,Low
2026-04-08,19:50,19,Wednesday,3,April,4,12.972866,77.643767,Indiranagar,Fraud,2,Rainy,Low
2026-11-01,22:17,22,Sunday,7,November,11,13.00167,77.571623,Malleshwaram,Burglary,3,Sunny,Low
2026-03-28,13:16,13,Saturday,6,March,3,12.932217,77.549216,Banashankari,Missing Person,4,Rainy,High
2026-10-05,15:44,15,Monday,1,October,10,12.998334,77.551107,Rajajinagar,Fraud,4,Rainy,Low
2026-09-13,12:03,12,Sunday,7,September,9,13.042799,77.603934,Hebbal,Robbery,7,Rainy,Low
2026-01-24,09:30,9,Saturday,6,January,1,13.025633,77.533058,Yeshwanthpur,Accident,3,Rainy,High
2025-03-09,12:36,12,Sunday,7,March,3,12.904256,77.631271,HSR Layout,Robbery,5,Partly Cloudy,Medium
2026-07-15,12:54,12,Wednesday,3,July,7,12.959961,77.693461,Marathahalli,Assault,6,Cloudy,High
2026-05-22,09:37,9,Friday,5,May,5,12.920858,77.55427,Banashankari,Robbery,4,Rainy,Low
2025-10-22,05:27,5,Wednesday,3,October,10,12.932133,77.59361,Jayanagar,Missing Person,5,Cloudy,Very High
2025-08-21,14:58,14,Thursday,4,August,8,13.023264,77.54315,Yeshwanthpur,Missing Person,4,Sunny,Low
2026-11-10,21:23,21,Tuesday,2,November,11,12.909754,77.617572,BTM Layout,Theft,8,Rainy,Very High
2025-03-25,20:02,20,Tuesday,2,March,3,13.040406,77.600876,Hebbal,Theft,9,Cloudy,High
2026-05-08,03:07,3,Friday,5,May,5,13.031711,77.597515,Hebbal,Vandalism,4,Partly Cloudy,High
2025-03-15,06:12,6,Saturday,6,March,3,13.029958,77.59719,Hebbal,Vehicle Theft,4,Rainy,Medium
2025-04-13,18:11,18,Sunday,7,April,4,12.963325,77.750282,Whitefield,Burglary,3,Sunny,Low
2025-11-08,07:40,7,Saturday,6,November,11,12.929171,77.539298,Banashankari,Robbery,3,Sunny,Low
2026-10-11,14:15,14,Sunday,7,October,10,12.981447,77.637992,Indiranagar,Fraud,4,Cloudy,Low
2026-04-26,23:42,23,Sunday,7,April,4,12.915882,77.488549,Kengeri,Vehicle Theft,10,Rainy,Low
2026-04-28,03:01,3,Tuesday,2,April,4,13.020126,77.542046,Yeshwanthpur,Cyber Crime,4,Partly Cloudy,Medium
2025-07-17,07:25,7,Thursday,4,July,7,12.841876,77.655077,Electronic City,Robbery,5,Sunny,Very High
2025-09-25,09:12,9,Thursday,4,September,9,12.976548,77.637654,Indiranagar,Robbery,5,Sunny,Low
2025-12-15,10:37,10,Monday,1,December,12,12.998294,77.548551,Rajajinagar,Fraud,4,Cloudy,Low
2026-05-11,07:50,7,Monday,1,May,5,12.921954,77.615554,BTM Layout,Vehicle Theft,4,Cloudy,Medium
2025-11-12,17:46,17,Wednesday,3,November,11,12.955483,77.689985,Marathahalli,Assault,3,Rainy,High
2025-02-27,05:46,5,Thursday,4,February,2,12.986213,77.634104,Indiranagar,Vehicle Theft,1,Sunny,Medium
2025-08-24,00:22,0,Sunday,7,August,8,12.907448,77.478372,Kengeri,Cyber Crime,9,Partly Cloudy,Very High
2026-12-11,17:03,17,Friday,5,December,12,12.933914,77.62091,Koramangala,Robbery,3,Sunny,Medium
2026-09-24,09:36,9,Thursday,4,September,9,12.929013,77.588037,Jayanagar,Accident,5,Rainy,Medium
2026-05-04,14:24,14,Monday,1,May,5,12.916735,77.6397,HSR Layout,Accident,5,Rainy,Medium
2026-08-02,07:06,7,Sunday,7,August,8,12.848266,77.656855,Electronic City,Accident,8,Sunny,Very High
2025-10-05,04:24,4,Sunday,7,October,10,12.850741,77.652402,Electronic City,Burglary,7,Cloudy,Medium
2025-01-06,11:41,11,Monday,1,January,1,12.974884,77.646897,Indiranagar,Vandalism,4,Cloudy,Very High
2025-07-24,11:25,11,Thursday,4,July,7,12.914021,77.482261,Kengeri,Fraud,4,Cloudy,Very High
2026-10-08,20:37,20,Thursday,4,October,10,13.008912,77.564108,Malleshwaram,Theft,4,Partly Cloudy,Medium
2026-06-23,22:08,22,Tuesday,2,June,6,13.028789,77.602871,Hebbal,Fraud,5,Partly Cloudy,Medium
2026-12-31,06:42,6,Thursday,4,December,12,12.971909,77.747638,Whitefield,Theft,6,Rainy,Low
2026-10-24,14:34,14,Saturday,6,October,10,12.91488,77.483548,Kengeri,Vehicle Theft,6,Rainy,Low
2026-08-11,13:02,13,Tuesday,2,August,8,12.985417,77.552764,Rajajinagar,Cyber Crime,4,Rainy,High
2025-05-25,14:14,14,Sunday,7,May,5,13.029828,77.532667,Yeshwanthpur,Fraud,7,Cloudy,Low
2026-10-06,14:06,14,Tuesday,2,October,10,12.958388,77.697438,Marathahalli,Missing Person,4,Partly Cloudy,Medium
2026-01-25,05:33,5,Sunday,7,January,1,12.837777,77.667801,Electronic City,Cyber Crime,4,Rainy,Medium
2026-07-18,04:20,4,Saturday,6,July,7,12.930052,77.549022,Banashankari,Assault,5,Rainy,Medium
2026-06-16,02:15,2,Tuesday,2,June,6,12.932536,77.551309,Banashankari,Robbery,7,Partly Cloudy,Very High
2026-10-22,18:14,18,Thursday,4,October,10,12.910258,77.479077,Kengeri,Vehicle Theft,6,Partly Cloudy,Medium
2026-11-01,10:02,10,Sunday,7,November,11,13.034159,77.547889,Yeshwanthpur,Assault,6,Cloudy,High
2025-02-03,17:27,17,Monday,1,February,2,12.908635,77.47996,Kengeri,Fraud,7,Cloudy,High
2026-03-15,14:20,14,Sunday,7,March,3,12.841369,77.653523,Electronic City,Robbery,4,Cloudy,Very High
2026-11-23,07:14,7,Monday,1,November,11,12.991724,77.554405,Rajajinagar,Robbery,4,Sunny,Medium
2026-05-23,17:33,17,Saturday,6,May,5,12.904902,77.636518,HSR Layout,Missing Person,6,Rainy,Very High
2026-12-25,23:34,23,Friday,5,December,12,12.97811,77.638516,Indiranagar,Vehicle Theft,8,Sunny,Low
2025-04-06,14:00,14,Sunday,7,April,4,12.92122,77.605357,BTM Layout,Robbery,3,Sunny,Low
2026-01-19,19:51,19,Monday,1,January,1,12.906082,77.639377,HSR Layout,Vehicle Theft,5,Sunny,Low
2025-03-13,18:52,18,Thursday,4,March,3,12.916495,77.48492,Kengeri,Fraud,9,Sunny,Very High
2025-05-17,10:40,10,Saturday,6,May,5,12.929488,77.620916,Koramangala,Cyber Crime,3,Sunny,Low
2026-06-27,04:32,4,Saturday,6,June,6,12.837528,77.662031,Electronic City,Cyber Crime,6,Cloudy,Low
2025-09-27,16:30,16,Saturday,6,September,9,12.921444,77.595549,Jayanagar,Assault,4,Cloudy,Medium
2025-10-26,09:54,9,Sunday,7,October,10,12.983994,77.637986,Indiranagar,Accident,3,Rainy,Low
2025-07-03,03:10,3,Thursday,4,July,7,12.981636,77.634001,Indiranagar,Theft,8,Rainy,Very High
2025-01-09,06:35,6,Thursday,4,January,1,12.915098,77.633639,HSR Layout,Vandalism,1,Sunny,Low
2026-09-17,05:35,5,Thursday,4,September,9,12.919688,77.554377,Banashankari,Burglary,4,Cloudy,Very High
2025-07-15,14:06,14,Tuesday,2,July,7,12.960891,77.705117,Marathahalli,Accident,8,Cloudy,Very High
2025-06-30,09:46,9,Monday,1,June,6,12.988961,77.55239,Rajajinagar,Missing Person,5,Cloudy,Low
2025-12-23,12:19,12,Tuesday,2,December,12,12.842056,77.667726,Electronic City,Robbery,4,Cloudy,High
2026-04-26,07:32,7,Sunday,7,April,4,12.954942,77.694435,Marathahalli,Assault,3,Cloudy,Medium
2026-11-09,17:31,17,Monday,1,November,11,12.918346,77.541616,Banashankari,Cyber Crime,4,Rainy,Medium
2025-04-10,11:14,11,Thursday,4,April,4,13.041227,77.590709,Hebbal,Accident,2,Partly Cloudy,Low
2025-04-28,19:38,19,Monday,1,April,4,12.965591,77.694215,Marathahalli,Accident,7,Cloudy,Very High
2026-02-14,18:45,18,Saturday,6,February,2,12.966389,77.694028,Marathahalli,Missing Person,9,Partly Cloudy,Very High
2025-05-18,18:22,18,Sunday,7,May,5,12.971281,77.64576,Indiranagar,Cyber Crime,6,Partly Cloudy,Very High
2026-01-26,19:08,19,Monday,1,January,1,13.026946,77.544855,Yeshwanthpur,Missing Person,3,Partly Cloudy,High
2025-07-05,01:12,1,Saturday,6,July,7,13.032725,77.594962,Hebbal,Missing Person,11,Cloudy,High
2026-01-15,08:39,8,Thursday,4,January,1,13.029335,77.597934,Hebbal,Vandalism,6,Rainy,High
2025-10-18,18:58,18,Saturday,6,October,10,13.035217,77.595587,Hebbal,Robbery,5,Cloudy,Very High
2025-02-11,07:52,7,Tuesday,2,February,2,12.98434,77.552243,Rajajinagar,Robbery,6,Partly Cloudy,Very High
2025-03-22,15:20,15,Saturday,6,March,3,12.915804,77.636639,HSR Layout,Theft,7,Rainy,High
2026-10-28,01:34,1,Wednesday,3,October,10,13.034205,77.543228,Yeshwanthpur,Accident,2,Rainy,Low
2026-07-26,14:38,14,Sunday,7,July,7,12.917618,77.476998,Kengeri,Accident,9,Partly Cloudy,High
2025-01-06,12:52,12,Monday,1,January,1,12.951344,77.693364,Marathahalli,Cyber Crime,4,Sunny,Medium
2025-02-20,00:32,0,Thursday,4,February,2,12.939771,77.628861,Koramangala,Vehicle Theft,10,Cloudy,Very High
2025-10-10,09:24,9,Friday,5,October,10,12.954918,77.70361,Marathahalli,Theft,5,Cloudy,Medium
2026-06-08,00:17,0,Monday,1,June,6,13.035866,77.599845,Hebbal,Burglary,8,Rainy,Low
2026-12-07,21:41,21,Monday,1,December,12,12.998278,77.555122,Rajajinagar,Theft,9,Cloudy,Low
2026-07-11,17:03,17,Saturday,6,July,7,13.041543,77.600105,Hebbal,Accident,3,Sunny,Low
2026-08-04,20:22,20,Tuesday,2,August,8,12.940909,77.628566,Koramangala,Burglary,3,Partly Cloudy,Low
2025-06-13,04:22,4,Friday,5,June,6,12.933806,77.581915,Basavanagudi,Vandalism,7,Rainy,Very High
2025-08-26,19:39,19,Tuesday,2,August,8,12.992939,77.549124,Rajajinagar,Burglary,6,Rainy,High
2025-09-05,02:48,2,Friday,5,September,9,12.928493,77.58988,Jayanagar,Burglary,7,Partly Cloudy,Very High
2026-07-17,09:59,9,Friday,5,July,7,12.839181,77.66488,Electronic City,Missing Person,5,Partly Cloudy,High
2026-10-25,23:09,23,Sunday,7,October,10,12.914465,77.48042,Kengeri,Accident,5,Rainy,Medium
2025-09-29,19:35,19,Monday,1,September,9,12.927306,77.547972,Banashankari,Missing Person,2,Partly Cloudy,High
2025-08-01,00:32,0,Friday,5,August,8,12.944013,77.572368,Basavanagudi,Theft,6,Sunny,Medium
2026-10-13,15:00,15,Tuesday,2,October,10,12.972093,77.745335,Whitefield,Assault,3,Sunny,Medium
2026-12-28,05:37,5,Monday,1,December,12,12.927891,77.596903,Jayanagar,Fraud,6,Sunny,Very High
2026-10-05,04:27,4,Monday,1,October,10,13.028582,77.532641,Yeshwanthpur,Theft,7,Cloudy,Very High
2026-01-12,02:55,2,Monday,1,January,1,12.996033,77.570106,Malleshwaram,Robbery,9,Sunny,High
2026-11-07,15:01,15,Saturday,6,November,11,12.942247,77.620951,Koramangala,Fraud,6,Cloudy,Medium
2025-04-08,04:47,4,Tuesday,2,April,4,12.972958,77.746505,Whitefield,Cyber Crime,6,Cloudy,Low
2026-03-02,03:50,3,Monday,1,March,3,12.932368,77.594188,Jayanagar,Robbery,8,Cloudy,Very High
2026-06-25,02:57,2,Thursday,4,June,6,12.962167,77.690718,Marathahalli,Cyber Crime,9,Partly Cloudy,Low
2025-01-27,07:08,7,Monday,1,January,1,12.964822,77.749275,Whitefield,Theft,9,Partly Cloudy,Very High
2025-11-28,10:12,10,Friday,5,November,11,12.910011,77.637537,HSR Layout,Accident,3,Partly Cloudy,High
2026-10-09,06:31,6,Friday,5,October,10,12.91212,77.479464,Kengeri,Assault,3,Rainy,Very High
2025-05-07,12:12,12,Wednesday,3,May,5,12.916298,77.637261,HSR Layout,Accident,5,Sunny,Low
2026-11-05,11:58,11,Thursday,4,November,11,12.930233,77.629663,Koramangala,Assault,1,Sunny,Medium
2025-04-06,17:37,17,Sunday,7,April,4,12.83773,77.662037,Electronic City,Robbery,1,Cloudy,Medium
2025-08-10,00:55,0,Sunday,7,August,8,13.040435,77.590387,Hebbal,Theft,7,Sunny,High
2026-06-28,23:17,23,Sunday,7,June,6,12.997859,77.549664,Rajajinagar,Robbery,10,Partly Cloudy,High
2026-06-16,20:15,20,Tuesday,2,June,6,12.927739,77.586714,Jayanagar,Theft,9,Partly Cloudy,Low
2025-08-19,00:58,0,Tuesday,2,August,8,13.027945,77.540942,Yeshwanthpur,Vandalism,7,Partly Cloudy,Low
2026-10-30,01:33,1,Friday,5,October,10,12.906856,77.633736,HSR Layout,Accident,6,Rainy,Very High
2025-09-02,18:10,18,Tuesday,2,September,9,12.923628,77.602537,BTM Layout,Theft,3,Sunny,High
2025-05-27,17:14,17,Tuesday,2,May,5,12.917994,77.63848,HSR Layout,Assault,5,Rainy,Medium
2025-03-01,18:53,18,Saturday,6,March,3,12.907071,77.481292,Kengeri,Missing Person,10,Partly Cloudy,Very High
2026-09-15,21:15,21,Tuesday,2,September,9,12.994008,77.554765,Rajajinagar,Missing Person,10,Sunny,High
2025-10-03,15:51,15,Friday,5,October,10,13.025533,77.542289,Yeshwanthpur,Missing Person,6,Partly Cloudy,Very High
2025-10-30,05:35,5,Thursday,4,October,10,12.93368,77.629979,Koramangala,Missing Person,5,Partly Cloudy,Medium
2025-05-30,18:54,18,Friday,5,May,5,12.976374,77.745286,Whitefield,Fraud,4,Sunny,Very High
2026-07-22,03:37,3,Wednesday,3,July,7,12.917515,77.607837,BTM Layout,Missing Person,4,Partly Cloudy,High
2025-02-07,17:23,17,Friday,5,February,2,13.002598,77.570767,Malleshwaram,Vehicle Theft,5,Partly Cloudy,Medium
2026-01-08,09:09,9,Thursday,4,January,1,12.904606,77.642189,HSR Layout,Assault,6,Cloudy,Very High
2026-02-07,07:33,7,Saturday,6,February,2,12.912054,77.641124,HSR Layout,Vandalism,8,Cloudy,Very High
2025-09-13,20:02,20,Saturday,6,September,9,12.972521,77.757578,Whitefield,Burglary,11,Rainy,Very High
2025-07-23,21:13,21,Wednesday,3,July,7,12.931857,77.62766,Koramangala,Burglary,5,Sunny,Medium
2026-12-23,09:21,9,Wednesday,3,December,12,12.921779,77.477942,Kengeri,Accident,7,Cloudy,Very High
2025-11-29,03:37,3,Saturday,6,November,11,12.917122,77.486209,Kengeri,Robbery,12,Partly Cloudy,Very High
2025-01-19,20:01,20,Sunday,7,January,1,12.963111,77.697908,Marathahalli,Accident,6,Rainy,Low
2025-07-15,15:06,15,Tuesday,2,July,7,12.922832,77.611308,BTM Layout,Accident,6,Sunny,Very High
2025-02-16,05:03,5,Sunday,7,February,2,12.927237,77.586027,Jayanagar,Accident,5,Cloudy,High
2025-05-26,21:29,21,Monday,1,May,5,12.932971,77.624146,Koramangala,Vehicle Theft,6,Rainy,Medium
2025-11-26,20:02,20,Wednesday,3,November,11,12.922494,77.554429,Banashankari,Missing Person,9,Cloudy,High
2026-01-04,16:22,16,Sunday,7,January,1,12.912846,77.479979,Kengeri,Assault,7,Sunny,High
2026-10-18,16:09,16,Sunday,7,October,10,13.010307,77.571684,Malleshwaram,Theft,11,Rainy,Very High
2025-06-26,23:46,23,Thursday,4,June,6,12.931103,77.546115,Banashankari,Vandalism,6,Cloudy,High
2026-01-04,08:35,8,Sunday,7,January,1,13.031808,77.59649,Hebbal,Missing Person,1,Cloudy,Medium
2026-03-01,11:41,11,Sunday,7,March,3,12.961911,77.753378,Whitefield,Burglary,2,Cloudy,Medium
2025-09-07,00:56,0,Sunday,7,September,9,12.970716,77.74734,Whitefield,Vandalism,5,Sunny,Very High
2025-05-26,01:00,1,Monday,1,May,5,13.029174,77.535531,Yeshwanthpur,Missing Person,5,Partly Cloudy,Low
2025-05-22,07:15,7,Thursday,4,May,5,12.942255,77.581833,Basavanagudi,Theft,4,Sunny,Medium
2026-06-10,09:53,9,Wednesday,3,June,6,12.91814,77.608873,BTM Layout,Missing Person,5,Sunny,Low
2025-10-10,21:14,21,Friday,5,October,10,12.963859,77.743957,Whitefield,Accident,6,Cloudy,Medium
2025-02-08,02:47,2,Saturday,6,February,2,12.923729,77.617544,BTM Layout,Missing Person,9,Sunny,High
2026-12-14,01:07,1,Monday,1,December,12,12.925786,77.543072,Banashankari,Assault,5,Cloudy,Very High
2025-09-14,09:35,9,Sunday,7,September,9,13.028027,77.602371,Hebbal,Vehicle Theft,2,Sunny,High
2025-03-05,04:31,4,Wednesday,3,March,3,12.984174,77.647495,Indiranagar,Vehicle Theft,7,Rainy,Very High
2025-08-09,15:59,15,Saturday,6,August,8,12.985996,77.561711,Rajajinagar,Theft,5,Cloudy,High
2025-12-23,13:31,13,Tuesday,2,December,12,12.969553,77.742441,Whitefield,Missing Person,5,Cloudy,Low
2025-08-08,21:50,21,Friday,5,August,8,12.940696,77.630984,Koramangala,Missing Person,6,Partly Cloudy,Low
2025-06-16,07:08,7,Monday,1,June,6,12.910859,77.47729,Kengeri,Missing Person,5,Cloudy,Very High
2025-12-10,12:32,12,Wednesday,3,December,12,12.93129,77.548379,Banashankari,Fraud,6,Sunny,Medium
2025-03-23,08:45,8,Sunday,7,March,3,12.962831,77.749638,Whitefield,Cyber Crime,7,Cloudy,Very High
2025-03-31,11:02,11,Monday,1,March,3,12.928347,77.550673,Banashankari,Missing Person,4,Cloudy,Very High
2025-12-27,16:03,16,Saturday,6,December,12,12.918339,77.587565,Jayanagar,Cyber Crime,2,Cloudy,High
2026-04-16,23:13,23,Thursday,4,April,4,12.842988,77.658207,Electronic City,Vehicle Theft,9,Rainy,Very High
2025-02-13,17:54,17,Thursday,4,February,2,12.928612,77.617595,Koramangala,Fraud,7,Cloudy,Low
2026-11-11,09:44,9,Wednesday,3,November,11,12.920972,77.598785,Jayanagar,Burglary,5,Rainy,Low
2025-07-08,09:57,9,Tuesday,2,July,7,13.025475,77.54445,Yeshwanthpur,Accident,2,Rainy,Medium
2026-05-22,14:07,14,Friday,5,May,5,12.984801,77.554019,Rajajinagar,Vehicle Theft,5,Cloudy,Medium
2026-05-10,10:19,10,Sunday,7,May,5,12.840503,77.653573,Electronic City,Burglary,4,Rainy,Low
2026-05-16,18:10,18,Saturday,6,May,5,12.9559,77.704137,Marathahalli,Cyber Crime,1,Rainy,Low
2025-12-17,12:05,12,Wednesday,3,December,12,12.923039,77.597142,Jayanagar,Theft,4,Sunny,High
2026-01-18,07:16,7,Sunday,7,January,1,12.994754,77.554376,Rajajinagar,Cyber Crime,4,Rainy,Low
2026-10-26,23:43,23,Monday,1,October,10,12.968545,77.748611,Whitefield,Vehicle Theft,10,Rainy,Very High
2026-01-15,09:47,9,Thursday,4,January,1,12.933395,77.542092,Banashankari,Missing Person,3,Sunny,High
2025-08-06,14:05,14,Wednesday,3,August,8,12.917214,77.598349,Jayanagar,Burglary,7,Partly Cloudy,High
2026-03-05,15:34,15,Thursday,4,March,3,12.964663,77.753843,Whitefield,Burglary,6,Partly Cloudy,High
2026-08-07,18:28,18,Friday,5,August,8,12.921092,77.485531,Kengeri,Burglary,7,Rainy,High
2026-12-01,15:39,15,Tuesday,2,December,12,12.967349,77.747477,Whitefield,Accident,6,Partly Cloudy,Very High
2025-07-12,16:07,16,Saturday,6,July,7,13.041487,77.599656,Hebbal,Burglary,5,Cloudy,Low
2026-07-28,20:31,20,Tuesday,2,July,7,12.934595,77.623857,Koramangala,Vandalism,8,Sunny,Very High
2026-04-04,18:24,18,Saturday,6,April,4,12.933176,77.552585,Banashankari,Theft,6,Partly Cloudy,Very High
2026-10-05,19:01,19,Monday,1,October,10,12.918293,77.590199,Jayanagar,Theft,6,Sunny,Medium
2025-10-20,12:54,12,Monday,1,October,10,12.914546,77.480289,Kengeri,Cyber Crime,5,Rainy,Low
2026-03-18,05:34,5,Wednesday,3,March,3,12.984786,77.642422,Indiranagar,Vehicle Theft,2,Sunny,Medium
2025-04-21,20:07,20,Monday,1,April,4,12.991014,77.54746,Rajajinagar,Robbery,6,Partly Cloudy,High
2026-12-13,20:39,20,Sunday,7,December,12,12.837507,77.660411,Electronic City,Accident,10,Rainy,High
2025-01-07,02:35,2,Tuesday,2,January,1,12.928806,77.587321,Jayanagar,Theft,7,Partly Cloudy,High
2025-11-12,18:01,18,Wednesday,3,November,11,12.942831,77.623309,Koramangala,Missing Person,1,Sunny,Medium
2026-08-04,19:21,19,Tuesday,2,August,8,12.923784,77.590394,Jayanagar,Accident,2,Partly Cloudy,Low
2025-01-29,09:14,9,Wednesday,3,January,1,12.981894,77.636259,Indiranagar,Missing Person,3,Sunny,High
2025-02-20,06:51,6,Thursday,4,February,2,12.96016,77.70529,Marathahalli,Assault,7,Cloudy,High
2026-02-24,15:30,15,Tuesday,2,February,2,12.944396,77.582426,Basavanagudi,Vehicle Theft,5,Cloudy,High
2026-09-08,22:28,22,Tuesday,2,September,9,12.989951,77.55841,Rajajinagar,Missing Person,7,Partly Cloudy,Low
2026-04-17,22:29,22,Friday,5,April,4,12.90922,77.641148,HSR Layout,Fraud,9,Cloudy,High
2026-03-29,22:05,22,Sunday,7,March,3,12.929719,77.547352,Banashankari,Missing Person,5,Cloudy,Medium
2026-12-25,17:02,17,Friday,5,December,12,12.933255,77.628351,Koramangala,Theft,7,Cloudy,High
2025-03-08,03:31,3,Saturday,6,March,3,12.995601,77.562474,Rajajinagar,Missing Person,4,Cloudy,Medium
2025-07-11,20:01,20,Friday,5,July,7,12.842613,77.659367,Electronic City,Fraud,8,Rainy,Very High
2026-12-23,18:36,18,Wednesday,3,December,12,13.043341,77.59817,Hebbal,Theft,3,Partly Cloudy,High
2025-05-25,00:38,0,Sunday,7,May,5,12.977424,77.753771,Whitefield,Assault,7,Rainy,High
2026-01-16,08:46,8,Friday,5,January,1,13.029434,77.535399,Yeshwanthpur,Fraud,3,Rainy,Low
2026-11-14,11:22,11,Saturday,6,November,11,13.028125,77.533481,Yeshwanthpur,Theft,5,Cloudy,High
2026-05-24,18:24,18,Sunday,7,May,5,12.840386,77.660735,Electronic City,Vandalism,2,Sunny,Low
2025-04-27,22:48,22,Sunday,7,April,4,12.939651,77.62886,Koramangala,Robbery,7,Sunny,Medium
2025-10-22,19:34,19,Wednesday,3,October,10,12.920214,77.587447,Jayanagar,Fraud,4,Partly Cloudy,Very High
2026-08-11,17:12,17,Tuesday,2,August,8,12.923933,77.601056,Jayanagar,Vehicle Theft,5,Partly Cloudy,Medium
2025-10-01,03:40,3,Wednesday,3,October,10,12.91088,77.645022,HSR Layout,Accident,4,Partly Cloudy,Medium
2026-08-29,05:32,5,Saturday,6,August,8,13.020004,77.539812,Yeshwanthpur,Assault,2,Cloudy,Medium
2025-12-16,14:22,14,Tuesday,2,December,12,12.923494,77.541404,Banashankari,Theft,8,Cloudy,Very High
2025-12-12,01:52,1,Friday,5,December,12,12.951344,77.689588,Marathahalli,Robbery,11,Cloudy,Very High
2025-11-01,23:00,23,Saturday,6,November,11,12.932917,77.546642,Banashankari,Cyber Crime,9,Cloudy,Medium
2026-03-23,03:45,3,Monday,1,March,3,12.96228,77.704875,Marathahalli,Robbery,11,Rainy,Very High
2026-08-20,05:04,5,Thursday,4,August,8,12.918103,77.608827,BTM Layout,Vandalism,3,Partly Cloudy,Medium
2025-09-12,00:10,0,Friday,5,September,9,12.903868,77.636606,HSR Layout,Burglary,11,Cloudy,High
2025-02-11,09:33,9,Tuesday,2,February,2,12.917865,77.591144,Jayanagar,Robbery,1,Rainy,Low
2026-09-18,12:05,12,Friday,5,September,9,12.91236,77.613,BTM Layout,Assault,5,Partly Cloudy,Low
2025-12-27,06:32,6,Saturday,6,December,12,13.000562,77.564397,Malleshwaram,Vehicle Theft,6,Rainy,Low
2025-03-11,17:52,17,Tuesday,2,March,3,12.928686,77.586304,Jayanagar,Assault,5,Rainy,High
2026-04-01,12:22,12,Wednesday,3,April,4,12.9719,77.749855,Whitefield,Vandalism,4,Sunny,Low
2026-06-11,20:40,20,Thursday,4,June,6,12.92042,77.541979,Banashankari,Burglary,11,Rainy,Very High
2026-08-03,19:02,19,Monday,1,August,8,12.929013,77.590311,Jayanagar,Robbery,5,Sunny,Medium
2025-04-21,14:08,14,Monday,1,April,4,12.921689,77.478158,Kengeri,Accident,5,Partly Cloudy,High
2025-02-09,09:58,9,Sunday,7,February,2,12.975039,77.75208,Whitefield,Burglary,1,Rainy,Medium
2026-11-24,02:25,2,Tuesday,2,November,11,12.843475,77.667697,Electronic City,Theft,10,Sunny,High
2025-09-26,20:37,20,Friday,5,September,9,12.928017,77.553659,Banashankari,Vandalism,7,Rainy,High
2025-09-11,19:43,19,Thursday,4,September,9,12.919362,77.642332,HSR Layout,Burglary,3,Rainy,Medium
2026-05-12,00:59,0,Tuesday,2,May,5,12.93652,77.624367,Koramangala,Vehicle Theft,6,Cloudy,High
2025-06-26,09:35,9,Thursday,4,June,6,12.972967,77.636992,Indiranagar,Fraud,5,Cloudy,Very High
2025-09-19,15:54,15,Friday,5,September,9,12.847584,77.658963,Electronic City,Assault,1,Cloudy,Low
2026-05-18,20:18,20,Monday,1,May,5,13.029212,77.533407,Yeshwanthpur,Robbery,7,Cloudy,High
2026-04-25,02:25,2,Saturday,6,April,4,13.031346,77.539169,Yeshwanthpur,Robbery,13,Rainy,Very High
2025-11-20,17:03,17,Thursday,4,November,11,12.935735,77.5691,Basavanagudi,Accident,2,Partly Cloudy,Medium
2025-12-11,20:29,20,Thursday,4,December,12,12.921282,77.605062,BTM Layout,Burglary,7,Partly Cloudy,High
2026-03-16,06:57,6,Monday,1,March,3,13.026836,77.547268,Yeshwanthpur,Vehicle Theft,3,Cloudy,Low
2025-05-28,22:47,22,Wednesday,3,May,5,12.837855,77.662364,Electronic City,Cyber Crime,8,Rainy,Medium
2025-01-05,18:24,18,Sunday,7,January,1,13.008598,77.563533,Malleshwaram,Cyber Crime,8,Rainy,Very High
2026-02-08,15:54,15,Sunday,7,February,2,12.963688,77.689505,Marathahalli,Accident,5,Partly Cloudy,High
2026-04-01,08:16,8,Wednesday,3,April,4,12.992769,77.54864,Rajajinagar,Assault,2,Rainy,Medium
2025-01-02,12:55,12,Thursday,4,January,1,12.941295,77.627064,Koramangala,Theft,5,Cloudy,Very High
2026-01-21,16:27,16,Wednesday,3,January,1,12.912143,77.474048,Kengeri,Vehicle Theft,7,Sunny,Very High
2026-04-20,08:33,8,Monday,1,April,4,12.962959,77.691,Marathahalli,Assault,5,Cloudy,Very High
2025-06-04,21:59,21,Wednesday,3,June,6,12.906328,77.481817,Kengeri,Missing Person,4,Sunny,Medium
2025-08-19,06:43,6,Tuesday,2,August,8,12.941169,77.570908,Basavanagudi,Vehicle Theft,6,Sunny,Medium
2026-05-07,13:33,13,Thursday,4,May,5,13.032572,77.596273,Hebbal,Vandalism,5,Partly Cloudy,Medium
2025-08-26,02:52,2,Tuesday,2,August,8,13.029867,77.532039,Yeshwanthpur,Vandalism,6,Cloudy,Medium
2026-12-24,03:49,3,Thursday,4,December,12,12.928628,77.617714,Koramangala,Theft,10,Rainy,Very High
2026-06-11,17:46,17,Thursday,4,June,6,12.932615,77.621468,Koramangala,Accident,9,Sunny,Very High
2026-09-17,06:23,6,Thursday,4,September,9,13.024132,77.532993,Yeshwanthpur,Theft,7,Partly Cloudy,High
2026-02-08,02:59,2,Sunday,7,February,2,13.040836,77.589509,Hebbal,Robbery,5,Rainy,Medium
2025-07-20,00:35,0,Sunday,7,July,7,12.935888,77.631922,Koramangala,Vandalism,7,Sunny,High
2026-06-25,07:49,7,Thursday,4,June,6,12.99375,77.557138,Rajajinagar,Fraud,7,Cloudy,Very High
2026-10-20,13:37,13,Tuesday,2,October,10,12.98535,77.557569,Rajajinagar,Accident,8,Rainy,Very High
2025-03-18,02:11,2,Tuesday,2,March,3,12.974764,77.63785,Indiranagar,Cyber Crime,3,Cloudy,Low
2026-09-29,04:31,4,Tuesday,2,September,9,12.934997,77.580634,Basavanagudi,Vehicle Theft,4,Sunny,Low
2025-11-30,09:43,9,Sunday,7,November,11,12.850607,77.660214,Electronic City,Accident,8,Rainy,Very High
2026-01-06,21:39,21,Tuesday,2,January,1,12.918341,77.486669,Kengeri,Robbery,6,Rainy,Very High
2026-06-24,04:15,4,Wednesday,3,June,6,13.030787,77.594733,Hebbal,Robbery,7,Cloudy,Medium
2026-12-02,01:58,1,Wednesday,3,December,12,12.965819,77.742699,Whitefield,Accident,4,Partly Cloudy,High
2026-07-14,07:34,7,Tuesday,2,July,7,12.843726,77.656314,Electronic City,Burglary,5,Rainy,Medium
2025-03-17,21:26,21,Monday,1,March,3,12.914333,77.631215,HSR Layout,Missing Person,5,Cloudy,Medium
2026-04-30,08:37,8,Thursday,4,April,4,13.011382,77.569794,Malleshwaram,Vandalism,4,Rainy,Very High
2026-05-27,17:06,17,Wednesday,3,May,5,12.941733,77.573241,Basavanagudi,Accident,4,Rainy,Low
2026-06-01,14:24,14,Monday,1,June,6,12.905302,77.638401,HSR Layout,Vandalism,3,Cloudy,Low
2026-05-24,20:14,20,Sunday,7,May,5,12.964266,77.689667,Marathahalli,Assault,11,Partly Cloudy,Very High
2026-02-05,20:51,20,Thursday,4,February,2,13.038284,77.597798,Hebbal,Assault,11,Rainy,Very High
2025-04-18,00:22,0,Friday,5,April,4,12.983946,77.549238,Rajajinagar,Assault,5,Sunny,Medium
2025-03-05,00:11,0,Wednesday,3,March,3,12.842916,77.66729,Electronic City,Robbery,5,Rainy,Medium
2025-01-13,19:04,19,Monday,1,January,1,12.925309,77.593027,Jayanagar,Theft,8,Sunny,Very High
2026-11-06,05:01,5,Friday,5,November,11,12.922434,77.541924,Banashankari,Burglary,3,Sunny,Low
2025-05-05,18:09,18,Monday,1,May,5,12.962427,77.693653,Marathahalli,Robbery,4,Sunny,Medium
2026-05-21,02:24,2,Thursday,4,May,5,12.929541,77.623438,Koramangala,Theft,6,Rainy,Low
2025-09-06,11:29,11,Saturday,6,September,9,12.906737,77.632419,HSR Layout,Fraud,4,Partly Cloudy,Very High
2026-10-04,03:56,3,Sunday,7,October,10,12.962469,77.755389,Whitefield,Cyber Crime,5,Sunny,Low
2026-04-25,20:11,20,Saturday,6,April,4,12.851211,77.663625,Electronic City,Robbery,8,Sunny,High
2026-10-29,16:18,16,Thursday,4,October,10,12.9186,77.484378,Kengeri,Theft,4,Cloudy,Medium
2025-09-08,20:03,20,Monday,1,September,9,12.911319,77.47876,Kengeri,Theft,8,Cloudy,High
2026-05-24,09:44,9,Sunday,7,May,5,12.90959,77.480604,Kengeri,Fraud,2,Partly Cloudy,High
2025-09-30,18:21,18,Tuesday,2,September,9,12.909145,77.645151,HSR Layout,Fraud,3,Cloudy,High
2025-07-02,15:07,15,Wednesday,3,July,7,12.973,77.648277,Indiranagar,Accident,5,Partly Cloudy,Low
2025-07-17,06:57,6,Thursday,4,July,7,12.910029,77.487121,Kengeri,Assault,7,Rainy,Very High
2025-10-25,15:02,15,Saturday,6,October,10,12.957866,77.70457,Marathahalli,Fraud,3,Rainy,High
2025-04-13,15:00,15,Sunday,7,April,4,12.846342,77.666338,Electronic City,Fraud,5,Rainy,High
2026-03-13,16:08,16,Friday,5,March,3,12.9119,77.608351,BTM Layout,Fraud,3,Sunny,Medium
2025-09-04,08:39,8,Thursday,4,September,9,12.911262,77.616853,BTM Layout,Vehicle Theft,5,Cloudy,Medium
2026-04-08,08:16,8,Wednesday,3,April,4,13.005948,77.571657,Malleshwaram,Vehicle Theft,9,Cloudy,Very High
2026-03-05,09:05,9,Thursday,4,March,3,12.994527,77.555468,Rajajinagar,Vehicle Theft,6,Rainy,Very High
2025-11-25,11:59,11,Tuesday,2,November,11,12.97163,77.743464,Whitefield,Theft,5,Sunny,Medium
2026-02-09,12:23,12,Monday,1,February,2,12.967446,77.742823,Whitefield,Assault,6,Rainy,High
2025-08-18,12:58,12,Monday,1,August,8,13.005201,77.569285,Malleshwaram,Robbery,2,Sunny,Medium
2026-11-24,09:45,9,Tuesday,2,November,11,12.851604,77.654744,Electronic City,Theft,2,Partly Cloudy,High
2025-04-22,05:46,5,Tuesday,2,April,4,12.964569,77.694505,Marathahalli,Accident,1,Sunny,Medium
2025-06-02,12:11,12,Monday,1,June,6,12.935546,77.625798,Koramangala,Burglary,6,Rainy,Very High
2025-05-20,06:19,6,Tuesday,2,May,5,12.945337,77.572416,Basavanagudi,Fraud,4,Cloudy,High
2025-09-27,20:11,20,Saturday,6,September,9,12.847761,77.65317,Electronic City,Theft,7,Partly Cloudy,Medium
2026-04-26,16:30,16,Sunday,7,April,4,13.031577,77.589698,Hebbal,Cyber Crime,6,Rainy,Very High
2026-09-30,13:34,13,Wednesday,3,September,9,12.929877,77.600048,Jayanagar,Vandalism,4,Rainy,Medium
2025-02-07,18:24,18,Friday,5,February,2,12.9158,77.633043,HSR Layout,Burglary,5,Partly Cloudy,High
2025-06-25,07:06,7,Wednesday,3,June,6,12.997294,77.575426,Malleshwaram,Assault,5,Partly Cloudy,Very High
2025-08-04,18:20,18,Monday,1,August,8,12.972791,77.64251,Indiranagar,Assault,1,Sunny,Low
2026-10-21,18:37,18,Wednesday,3,October,10,12.985249,77.638364,Indiranagar,Vehicle Theft,10,Cloudy,Very High
2026-08-31,14:37,14,Monday,1,August,8,13.028075,77.591425,Hebbal,Burglary,3,Sunny,High
2026-01-30,10:10,10,Friday,5,January,1,12.920817,77.552304,Banashankari,Theft,6,Cloudy,High
2025-11-18,17:39,17,Tuesday,2,November,11,12.917624,77.607912,BTM Layout,Accident,4,Sunny,Medium
2026-01-10,11:03,11,Saturday,6,January,1,13.021807,77.533703,Yeshwanthpur,Vandalism,4,Partly Cloudy,Low
2026-03-03,01:59,1,Tuesday,2,March,3,12.97177,77.642993,Indiranagar,Assault,10,Cloudy,High
2026-01-27,07:47,7,Tuesday,2,January,1,12.920418,77.611203,BTM Layout,Assault,6,Rainy,Very High
2026-02-01,18:07,18,Sunday,7,February,2,12.965126,77.704345,Marathahalli,Assault,8,Partly Cloudy,Very High
2026-07-19,08:12,8,Sunday,7,July,7,12.991802,77.55622,Rajajinagar,Burglary,6,Partly Cloudy,Medium
2025-05-24,20:31,20,Saturday,6,May,5,12.960033,77.690216,Marathahalli,Missing Person,9,Partly Cloudy,Low
2026-12-03,03:40,3,Thursday,4,December,12,12.964693,77.75673,Whitefield,Theft,9,Rainy,Very High
2025-04-19,05:18,5,Saturday,6,April,4,12.915094,77.642993,HSR Layout,Fraud,10,Partly Cloudy,High
2026-08-13,20:03,20,Thursday,4,August,8,12.921748,77.544045,Banashankari,Robbery,4,Partly Cloudy,Low
2025-03-17,13:44,13,Monday,1,March,3,13.000747,77.57138,Malleshwaram,Theft,2,Cloudy,Medium
2025-11-20,00:02,0,Thursday,4,November,11,12.933263,77.62526,Koramangala,Fraud,8,Cloudy,Very High
2025-05-11,00:36,0,Sunday,7,May,5,12.930352,77.547998,Banashankari,Burglary,9,Partly Cloudy,Very High
2026-07-05,07:47,7,Sunday,7,July,7,12.935885,77.573756,Basavanagudi,Vehicle Theft,8,Rainy,High
2025-09-17,15:51,15,Wednesday,3,September,9,12.977085,77.757242,Whitefield,Assault,9,Partly Cloudy,Very High
2025-02-26,05:16,5,Wednesday,3,February,2,12.966415,77.750767,Whitefield,Vandalism,4,Partly Cloudy,High
2025-05-19,01:59,1,Monday,1,May,5,12.92138,77.481772,Kengeri,Accident,7,Rainy,High
2025-04-09,22:13,22,Wednesday,3,April,4,12.93099,77.624109,Koramangala,Theft,9,Sunny,Low
2025-08-12,02:08,2,Tuesday,2,August,8,12.912953,77.637557,HSR Layout,Burglary,9,Rainy,Very High
2025-07-04,03:55,3,Friday,5,July,7,12.83877,77.655138,Electronic City,Assault,7,Cloudy,Very High
2026-04-07,00:36,0,Tuesday,2,April,4,12.928536,77.628897,Koramangala,Accident,6,Cloudy,Medium
2026-03-02,14:55,14,Monday,1,March,3,13.034795,77.542848,Yeshwanthpur,Missing Person,8,Cloudy,Very High
2026-10-20,20:32,20,Tuesday,2,October,10,12.977759,77.755293,Whitefield,Missing Person,8,Partly Cloudy,Low
2025-07-06,05:25,5,Sunday,7,July,7,12.953585,77.690063,Marathahalli,Robbery,3,Cloudy,Medium
2025-06-25,17:21,17,Wednesday,3,June,6,12.931183,77.617428,Koramangala,Missing Person,1,Sunny,Low
2025-06-14,05:53,5,Saturday,6,June,6,12.984246,77.641095,Indiranagar,Fraud,2,Rainy,Low
2026-08-03,17:50,17,Monday,1,August,8,12.940522,77.616617,Koramangala,Missing Person,6,Cloudy,Very High
2025-05-17,14:46,14,Saturday,6,May,5,12.853128,77.655107,Electronic City,Accident,7,Cloudy,Very High
2026-11-25,04:56,4,Wednesday,3,November,11,12.83989,77.661755,Electronic City,Robbery,9,Rainy,Very High
2026-11-29,14:12,14,Sunday,7,November,11,12.921542,77.603437,BTM Layout,Assault,4,Partly Cloudy,Low
2025-12-06,15:09,15,Saturday,6,December,12,12.997554,77.57673,Malleshwaram,Fraud,5,Rainy,High
2025-01-25,17:12,17,Saturday,6,January,1,12.921859,77.615687,BTM Layout,Burglary,5,Sunny,Very High
2025-01-11,06:37,6,Saturday,6,January,1,12.991773,77.550467,Rajajinagar,Vehicle Theft,7,Rainy,High
2025-04-04,18:39,18,Friday,5,April,4,13.020352,77.543106,Yeshwanthpur,Burglary,7,Rainy,Very High
2026-08-19,14:39,14,Wednesday,3,August,8,12.978866,77.648001,Indiranagar,Theft,4,Rainy,Medium
2025-10-19,09:57,9,Sunday,7,October,10,12.931414,77.550544,Banashankari,Vandalism,3,Partly Cloudy,Low
2025-07-06,10:19,10,Sunday,7,July,7,12.984351,77.634243,Indiranagar,Cyber Crime,2,Sunny,Low
2025-07-07,01:30,1,Monday,1,July,7,12.927709,77.544111,Banashankari,Cyber Crime,8,Cloudy,High
2025-10-08,19:52,19,Wednesday,3,October,10,12.996853,77.563149,Malleshwaram,Theft,8,Rainy,High
2026-12-31,22:22,22,Thursday,4,December,12,12.920457,77.546517,Banashankari,Accident,7,Sunny,High
2026-03-20,02:48,2,Friday,5,March,3,13.008472,77.562646,Malleshwaram,Missing Person,7,Cloudy,High
2025-01-06,03:05,3,Monday,1,January,1,12.965378,77.69264,Marathahalli,Accident,6,Partly Cloudy,High
2025-08-06,15:40,15,Wednesday,3,August,8,12.989228,77.562103,Rajajinagar,Burglary,5,Partly Cloudy,Low
2026-02-24,07:01,7,Tuesday,2,February,2,13.02908,77.598336,Hebbal,Vandalism,5,Rainy,Low
2026-01-24,11:53,11,Saturday,6,January,1,12.941629,77.622978,Koramangala,Robbery,5,Sunny,Low
2026-04-03,17:22,17,Friday,5,April,4,12.997449,77.575885,Malleshwaram,Burglary,6,Cloudy,High
2026-01-12,11:23,11,Monday,1,January,1,13.023132,77.547231,Yeshwanthpur,Vandalism,1,Cloudy,Medium
2026-02-05,20:27,20,Thursday,4,February,2,12.909956,77.61261,BTM Layout,Vehicle Theft,8,Partly Cloudy,Medium
2026-05-31,18:51,18,Sunday,7,May,5,12.943049,77.576217,Basavanagudi,Vandalism,3,Partly Cloudy,Low
2025-10-07,15:19,15,Tuesday,2,October,10,12.988217,77.557683,Rajajinagar,Burglary,5,Cloudy,Very High
2026-05-28,18:28,18,Thursday,4,May,5,12.95352,77.698526,Marathahalli,Robbery,2,Rainy,Medium
2026-05-04,15:44,15,Monday,1,May,5,12.970507,77.753676,Whitefield,Missing Person,4,Cloudy,Medium
2025-05-18,02:14,2,Sunday,7,May,5,12.930985,77.628788,Koramangala,Cyber Crime,7,Cloudy,Medium
2026-07-27,02:19,2,Monday,1,July,7,12.843084,77.667071,Electronic City,Robbery,6,Sunny,Medium
2026-02-21,18:56,18,Saturday,6,February,2,12.974551,77.646955,Indiranagar,Cyber Crime,5,Rainy,Very High
2026-06-06,05:21,5,Saturday,6,June,6,13.031476,77.601366,Hebbal,Burglary,6,Sunny,High
2026-06-12,11:31,11,Friday,5,June,6,12.961906,77.702151,Marathahalli,Accident,2,Rainy,Low
2025-12-18,12:37,12,Thursday,4,December,12,12.918989,77.554202,Banashankari,Fraud,1,Partly Cloudy,Medium
2025-06-03,02:26,2,Tuesday,2,June,6,13.028517,77.53875,Yeshwanthpur,Fraud,7,Partly Cloudy,Medium
2026-02-14,16:39,16,Saturday,6,February,2,12.920569,77.604111,BTM Layout,Burglary,8,Cloudy,High
2026-10-14,04:42,4,Wednesday,3,October,10,12.980025,77.64527,Indiranagar,Vehicle Theft,9,Cloudy,Low
2025-07-23,06:30,6,Wednesday,3,July,7,12.849212,77.654761,Electronic City,Robbery,6,Rainy,Very High
2026-03-31,13:05,13,Tuesday,2,March,3,12.982555,77.647468,Indiranagar,Robbery,5,Rainy,Very High
2026-07-26,15:52,15,Sunday,7,July,7,12.910137,77.611624,BTM Layout,Cyber Crime,7,Rainy,Very High
2026-04-19,10:55,10,Sunday,7,April,4,13.037884,77.599459,Hebbal,Missing Person,4,Partly Cloudy,Very High
2026-05-08,17:06,17,Friday,5,May,5,12.963438,77.699423,Marathahalli,Fraud,5,Rainy,High
2025-02-16,12:55,12,Sunday,7,February,2,12.851933,77.667597,Electronic City,Cyber Crime,9,Rainy,Very High
2026-06-29,02:40,2,Monday,1,June,6,12.919604,77.612791,BTM Layout,Assault,6,Rainy,Medium
2025-12-11,23:49,23,Thursday,4,December,12,12.97345,77.749157,Whitefield,Burglary,9,Sunny,High
2026-01-15,05:00,5,Thursday,4,January,1,12.932448,77.544059,Banashankari,Accident,4,Rainy,Very High
2025-11-20,20:44,20,Thursday,4,November,11,12.963285,77.748772,Whitefield,Vandalism,4,Cloudy,Low
2025-08-07,11:31,11,Thursday,4,August,8,12.907807,77.637994,HSR Layout,Theft,7,Sunny,Very High
2025-10-26,07:02,7,Sunday,7,October,10,12.914897,77.475826,Kengeri,Fraud,11,Cloudy,Very High
2026-05-24,02:47,2,Sunday,7,May,5,13.033832,77.541024,Yeshwanthpur,Vandalism,8,Partly Cloudy,High
2025-01-12,06:51,6,Sunday,7,January,1,12.979848,77.640898,Indiranagar,Accident,4,Partly Cloudy,Medium
2026-07-18,12:59,12,Saturday,6,July,7,12.941058,77.629972,Koramangala,Assault,4,Partly Cloudy,Medium
2026-05-05,06:44,6,Tuesday,2,May,5,13.027255,77.541024,Yeshwanthpur,Fraud,2,Sunny,High
2026-01-27,23:51,23,Tuesday,2,January,1,12.926634,77.541408,Banashankari,Missing Person,6,Partly Cloudy,Medium
2026-05-17,18:35,18,Sunday,7,May,5,12.939082,77.620507,Koramangala,Missing Person,6,Rainy,High
2026-04-26,05:24,5,Sunday,7,April,4,13.027714,77.537001,Yeshwanthpur,Missing Person,7,Sunny,Very High
2025-09-14,20:50,20,Sunday,7,September,9,12.922091,77.605143,BTM Layout,Burglary,8,Partly Cloudy,Very High
2026-01-11,14:00,14,Sunday,7,January,1,12.846951,77.6666,Electronic City,Missing Person,4,Cloudy,High
2025-03-02,03:57,3,Sunday,7,March,3,12.938441,77.572997,Basavanagudi,Theft,11,Rainy,Medium
2025-03-31,09:24,9,Monday,1,March,3,12.965724,77.701866,Marathahalli,Theft,4,Cloudy,Very High
2026-06-04,07:21,7,Thursday,4,June,6,12.920182,77.592267,Jayanagar,Fraud,7,Partly Cloudy,Very High
2026-12-13,14:12,14,Sunday,7,December,12,13.027694,77.541656,Yeshwanthpur,Assault,11,Cloudy,Very High
2025-06-21,16:53,16,Saturday,6,June,6,12.841477,77.662996,Electronic City,Burglary,6,Rainy,High
2026-08-24,09:16,9,Monday,1,August,8,12.846688,77.654113,Electronic City,Fraud,4,Sunny,Medium
2025-07-07,23:42,23,Monday,1,July,7,12.926787,77.599341,Jayanagar,Vehicle Theft,7,Partly Cloudy,Low
2026-08-01,13:25,13,Saturday,6,August,8,12.939643,77.580164,Basavanagudi,Vandalism,8,Partly Cloudy,Very High
2025-07-07,11:44,11,Monday,1,July,7,12.920405,77.589339,Jayanagar,Missing Person,5,Partly Cloudy,High
2025-08-06,14:42,14,Wednesday,3,August,8,13.033526,77.540643,Yeshwanthpur,Fraud,4,Rainy,High
2025-05-28,00:22,0,Wednesday,3,May,5,12.934894,77.629005,Koramangala,Vandalism,3,Partly Cloudy,Low
2025-06-21,06:17,6,Saturday,6,June,6,12.912985,77.474463,Kengeri,Assault,5,Cloudy,High
2025-05-19,07:06,7,Monday,1,May,5,12.929043,77.549991,Banashankari,Assault,2,Cloudy,Medium
2025-06-11,04:04,4,Wednesday,3,June,6,12.913122,77.474471,Kengeri,Vehicle Theft,13,Cloudy,Very High
2026-02-03,02:58,2,Tuesday,2,February,2,12.917849,77.642607,HSR Layout,Burglary,6,Rainy,Medium
2026-04-24,08:17,8,Friday,5,April,4,12.96646,77.748524,Whitefield,Robbery,7,Cloudy,Very High
2025-07-20,04:24,4,Sunday,7,July,7,12.940562,77.629075,Koramangala,Burglary,3,Sunny,Low
2026-08-02,16:39,16,Sunday,7,August,8,12.926743,77.541322,Banashankari,Assault,6,Partly Cloudy,Medium
2026-05-20,04:33,4,Wednesday,3,May,5,12.918046,77.639487,HSR Layout,Cyber Crime,2,Cloudy,Low
2025-02-27,14:21,14,Thursday,4,February,2,12.906178,77.481087,Kengeri,Robbery,6,Rainy,Very High
2026-11-25,23:51,23,Wednesday,3,November,11,12.922039,77.591276,Jayanagar,Theft,7,Rainy,High
2025-11-24,16:56,16,Monday,1,November,11,12.962022,77.749025,Whitefield,Vandalism,6,Partly Cloudy,Very High
2026-01-30,00:15,0,Friday,5,January,1,13.032353,77.540706,Yeshwanthpur,Vehicle Theft,6,Partly Cloudy,Medium
2025-12-09,03:01,3,Tuesday,2,December,12,12.981594,77.63672,Indiranagar,Cyber Crime,8,Rainy,High
2026-12-29,18:43,18,Tuesday,2,December,12,12.97474,77.752488,Whitefield,Theft,5,Partly Cloudy,Medium
2026-07-08,20:32,20,Wednesday,3,July,7,12.926158,77.551429,Banashankari,Fraud,3,Sunny,Medium
2026-02-25,07:37,7,Wednesday,3,February,2,12.920615,77.609969,BTM Layout,Burglary,2,Partly Cloudy,High
2026-12-10,03:34,3,Thursday,4,December,12,12.986359,77.644124,Indiranagar,Vandalism,8,Rainy,Very High
2025-02-22,13:01,13,Saturday,6,February,2,12.921065,77.552633,Banashankari,Burglary,7,Rainy,Low
2025-12-16,20:37,20,Tuesday,2,December,12,12.921947,77.551127,Banashankari,Vehicle Theft,10,Rainy,High
2025-02-02,09:55,9,Sunday,7,February,2,13.004391,77.567054,Malleshwaram,Fraud,5,Partly Cloudy,High
2025-04-21,22:26,22,Monday,1,April,4,12.930561,77.549297,Banashankari,Burglary,3,Rainy,Low
2026-06-23,19:16,19,Tuesday,2,June,6,12.926222,77.546883,Banashankari,Missing Person,4,Sunny,Low
2025-02-01,10:07,10,Saturday,6,February,2,12.986282,77.558684,Rajajinagar,Burglary,8,Sunny,Very High
2025-03-06,14:39,14,Thursday,4,March,3,12.92169,77.543856,Banashankari,Vandalism,2,Partly Cloudy,Low
2025-06-24,19:05,19,Tuesday,2,June,6,12.922975,77.545889,Banashankari,Vehicle Theft,6,Cloudy,High
2026-10-06,12:13,12,Tuesday,2,October,10,12.94545,77.582826,Basavanagudi,Cyber Crime,6,Partly Cloudy,Very High
2025-01-23,10:36,10,Thursday,4,January,1,13.029831,77.544664,Yeshwanthpur,Missing Person,2,Rainy,Medium
2026-01-31,20:31,20,Saturday,6,January,1,12.928433,77.590849,Jayanagar,Burglary,8,Partly Cloudy,Low
2025-01-23,23:43,23,Thursday,4,January,1,12.954151,77.691712,Marathahalli,Fraud,8,Sunny,High
2025-03-03,06:58,6,Monday,1,March,3,13.039702,77.603846,Hebbal,Accident,5,Sunny,Medium
2026-11-12,19:07,19,Thursday,4,November,11,13.034859,77.542549,Yeshwanthpur,Theft,2,Sunny,Medium
2025-05-04,20:12,20,Sunday,7,May,5,12.923866,77.598178,Jayanagar,Assault,9,Sunny,Low
2026-04-08,22:47,22,Wednesday,3,April,4,12.930734,77.554539,Banashankari,Robbery,6,Partly Cloudy,High
2025-04-26,10:27,10,Saturday,6,April,4,12.964538,77.756004,Whitefield,Robbery,4,Partly Cloudy,Low
2025-01-25,23:53,23,Saturday,6,January,1,12.943443,77.582663,Basavanagudi,Burglary,9,Cloudy,Very High
2025-07-20,20:26,20,Sunday,7,July,7,12.917698,77.640467,HSR Layout,Cyber Crime,13,Partly Cloudy,Very High
2026-06-24,16:16,16,Wednesday,3,June,6,12.957165,77.696959,Marathahalli,Vandalism,4,Cloudy,High
2026-01-13,02:50,2,Tuesday,2,January,1,12.967296,77.746702,Whitefield,Accident,9,Sunny,Low
2025-03-22,18:37,18,Saturday,6,March,3,12.917044,77.478901,Kengeri,Robbery,3,Partly Cloudy,High
2026-11-23,14:04,14,Monday,1,November,11,13.032063,77.595564,Hebbal,Burglary,3,Rainy,High
2026-01-12,12:12,12,Monday,1,January,1,12.925649,77.539105,Banashankari,Assault,6,Cloudy,Very High
2025-08-22,21:32,21,Friday,5,August,8,12.924489,77.606802,BTM Layout,Fraud,4,Sunny,Low
2026-04-06,21:18,21,Monday,1,April,4,12.911853,77.603253,BTM Layout,Theft,6,Cloudy,Medium
2026-02-22,16:30,16,Sunday,7,February,2,12.998425,77.563389,Malleshwaram,Burglary,5,Sunny,Very High
2026-11-28,21:47,21,Saturday,6,November,11,13.034527,77.593335,Hebbal,Accident,5,Rainy,High
2025-09-24,14:08,14,Wednesday,3,September,9,12.975736,77.748268,Whitefield,Fraud,3,Rainy,Low
2025-11-08,14:21,14,Saturday,6,November,11,12.984181,77.637793,Indiranagar,Cyber Crime,3,Cloudy,Medium
2025-04-17,14:36,14,Thursday,4,April,4,12.941562,77.58143,Basavanagudi,Missing Person,5,Sunny,Low
2026-02-13,07:47,7,Friday,5,February,2,12.934913,77.629468,Koramangala,Robbery,5,Cloudy,Very High
2025-06-08,15:19,15,Sunday,7,June,6,12.917897,77.595901,Jayanagar,Vandalism,3,Partly Cloudy,Medium
2025-04-21,05:52,5,Monday,1,April,4,12.935783,77.578733,Basavanagudi,Cyber Crime,3,Partly Cloudy,High
2025-03-08,19:10,19,Saturday,6,March,3,12.984314,77.559963,Rajajinagar,Theft,2,Rainy,Low
2026-01-05,23:03,23,Monday,1,January,1,12.998556,77.568541,Malleshwaram,Theft,8,Sunny,Very High
2025-06-27,07:43,7,Friday,5,June,6,12.985623,77.556041,Rajajinagar,Accident,4,Cloudy,High
2025-03-23,04:38,4,Sunday,7,March,3,13.028199,77.593896,Hebbal,Accident,13,Cloudy,Very High
2025-11-20,21:15,21,Thursday,4,November,11,13.031229,77.599176,Hebbal,Fraud,6,Rainy,Medium
2026-10-04,08:35,8,Sunday,7,October,10,12.947816,77.572269,Basavanagudi,Burglary,6,Cloudy,Very High
2026-11-10,09:31,9,Tuesday,2,November,11,12.838182,77.657538,Electronic City,Accident,3,Partly Cloudy,High
2026-04-16,10:50,10,Thursday,4,April,4,13.032906,77.589678,Hebbal,Vandalism,1,Cloudy,Low
2026-01-23,05:04,5,Friday,5,January,1,12.921016,77.543973,Banashankari,Cyber Crime,6,Rainy,Very High
2026-09-08,01:24,1,Tuesday,2,September,9,12.923375,77.604378,BTM Layout,Vehicle Theft,10,Cloudy,High
2026-12-20,07:08,7,Sunday,7,December,12,12.966723,77.751284,Whitefield,Theft,7,Partly Cloudy,High
2026-07-17,21:42,21,Friday,5,July,7,12.840994,77.667666,Electronic City,Vandalism,7,Sunny,Medium
2025-05-01,19:19,19,Thursday,4,May,5,12.935715,77.616553,Koramangala,Theft,5,Sunny,Low
2026-04-02,20:16,20,Thursday,4,April,4,12.963509,77.693671,Marathahalli,Missing Person,10,Partly Cloudy,High
2026-09-17,20:00,20,Thursday,4,September,9,12.945716,77.576941,Basavanagudi,Vandalism,6,Rainy,Low
2025-04-25,06:12,6,Friday,5,April,4,12.850853,77.661881,Electronic City,Vandalism,2,Cloudy,Medium
2025-07-16,05:14,5,Wednesday,3,July,7,12.919837,77.602303,BTM Layout,Theft,3,Cloudy,Medium
2025-06-29,21:16,21,Sunday,7,June,6,12.990511,77.548138,Rajajinagar,Theft,12,Cloudy,High
2025-12-14,17:27,17,Sunday,7,December,12,12.934023,77.626513,Koramangala,Theft,7,Partly Cloudy,Low
2025-07-13,01:19,1,Sunday,7,July,7,12.973623,77.644188,Indiranagar,Fraud,10,Rainy,Medium
2026-09-16,03:12,3,Wednesday,3,September,9,12.941321,77.628599,Koramangala,Cyber Crime,2,Cloudy,Medium
2025-04-22,00:32,0,Tuesday,2,April,4,13.030324,77.540502,Yeshwanthpur,Fraud,7,Sunny,Low
2026-11-14,20:03,20,Saturday,6,November,11,12.972396,77.751391,Whitefield,Missing Person,5,Rainy,Low
2026-08-31,13:18,13,Monday,1,August,8,12.905906,77.643492,HSR Layout,Theft,7,Cloudy,High
2026-02-06,19:20,19,Friday,5,February,2,12.927533,77.542087,Banashankari,Accident,1,Rainy,Medium
2026-08-20,17:03,17,Thursday,4,August,8,12.922521,77.615138,BTM Layout,Vehicle Theft,2,Cloudy,Medium
2026-01-07,22:50,22,Wednesday,3,January,1,12.849049,77.667942,Electronic City,Vehicle Theft,3,Cloudy,Low
2026-08-10,03:04,3,Monday,1,August,8,13.033853,77.538853,Yeshwanthpur,Cyber Crime,6,Cloudy,Medium
2025-01-02,17:46,17,Thursday,4,January,1,12.918496,77.608948,BTM Layout,Accident,3,Cloudy,Very High
2026-07-09,19:12,19,Thursday,4,July,7,13.033348,77.59433,Hebbal,Vehicle Theft,3,Cloudy,Low
2026-09-14,19:49,19,Monday,1,September,9,12.915241,77.616619,BTM Layout,Accident,4,Sunny,Medium
